witness_ordinal	from_aspect	to_aspect	trit_delta	closure_effect	color_hex	semantic_cost
1	color_space_object	trit_tick_object	1	positive_shift	#F01299	0.753216
1	color_space_object	rng_determinism_object	-1	negative_shift	#49740B	1.104488
1	color_space_object	parallel_invariance_object	0	same_trit_relabel	#6EADBE	1.226273
1	color_space_object	palette_interface_object	1	positive_shift	#F1C08A	1.026575
1	color_space_object	lisp_semantics_object	-1	negative_shift	#639C60	1.149632
1	color_space_object	entropy_source_object	0	same_trit_relabel	#EC6ABD	1.059012
1	color_space_object	propagator_cell_object	1	positive_shift	#11BC30	1.249295
1	color_space_object	abductive_world_object	-1	negative_shift	#0C0515	1.177637
1	color_space_object	fuzz_soundness_object	0	same_trit_relabel	#A3AF39	1.070811
1	color_space_object	ternary_regression_object	1	positive_shift	#204DD9	0.682551
1	color_space_object	nonriemannian_gate_object	-1	negative_shift	#645E90	0.962974
1	color_space_object	exa_loop_object	0	same_trit_relabel	#DE5E73	0.490933
1	color_space_object	aqua_hygiene_object	1	positive_shift	#5BE15E	0.823906
1	color_space_object	scip_catcolab_object	-1	negative_shift	#B8D97B	1.205836
2	trit_tick_object	color_space_object	-1	negative_shift	#3317A9	1.004747
2	trit_tick_object	rng_determinism_object	1	positive_shift	#37C90A	1.249211
2	trit_tick_object	parallel_invariance_object	-1	negative_shift	#F0B29D	0.722913
2	trit_tick_object	palette_interface_object	0	same_trit_relabel	#7F146C	0.498116
2	trit_tick_object	lisp_semantics_object	1	positive_shift	#BD7C65	0.841218
2	trit_tick_object	entropy_source_object	-1	negative_shift	#7E645B	0.718247
2	trit_tick_object	propagator_cell_object	0	same_trit_relabel	#A0974A	0.793098
2	trit_tick_object	abductive_world_object	1	positive_shift	#70DF79	0.730962
2	trit_tick_object	fuzz_soundness_object	-1	negative_shift	#C923F0	1.163688
2	trit_tick_object	ternary_regression_object	0	same_trit_relabel	#A47ECC	0.875661
2	trit_tick_object	nonriemannian_gate_object	1	positive_shift	#23A799	0.981105
2	trit_tick_object	exa_loop_object	-1	negative_shift	#9E2EBE	0.838196
2	trit_tick_object	aqua_hygiene_object	0	same_trit_relabel	#568291	0.460864
2	trit_tick_object	scip_catcolab_object	1	positive_shift	#99380E	0.672928
3	rng_determinism_object	color_space_object	1	positive_shift	#7BBAFF	1.252864
3	rng_determinism_object	trit_tick_object	-1	negative_shift	#6D4C2E	1.069565
3	rng_determinism_object	parallel_invariance_object	1	positive_shift	#5FF908	1.266461
3	rng_determinism_object	palette_interface_object	-1	negative_shift	#F71C86	0.745154
3	rng_determinism_object	lisp_semantics_object	0	same_trit_relabel	#873CF5	0.321879
3	rng_determinism_object	entropy_source_object	1	positive_shift	#9AD575	1.036509
3	rng_determinism_object	propagator_cell_object	-1	negative_shift	#87064D	0.946216
3	rng_determinism_object	abductive_world_object	0	same_trit_relabel	#A84A63	1.000707
3	rng_determinism_object	fuzz_soundness_object	1	positive_shift	#57E80D	0.952221
3	rng_determinism_object	ternary_regression_object	-1	negative_shift	#771B97	0.712774
3	rng_determinism_object	nonriemannian_gate_object	0	same_trit_relabel	#D8D88D	0.670496
3	rng_determinism_object	exa_loop_object	1	positive_shift	#BBD025	0.980927
3	rng_determinism_object	aqua_hygiene_object	-1	negative_shift	#D3E790	1.0036
3	rng_determinism_object	scip_catcolab_object	0	same_trit_relabel	#1235C4	0.773345
4	parallel_invariance_object	color_space_object	0	same_trit_relabel	#B971F1	0.45822
4	parallel_invariance_object	trit_tick_object	1	positive_shift	#E05FA4	0.707633
4	parallel_invariance_object	rng_determinism_object	-1	negative_shift	#0ACD79	1.016013
4	parallel_invariance_object	palette_interface_object	1	positive_shift	#7EEF94	0.668713
4	parallel_invariance_object	lisp_semantics_object	-1	negative_shift	#E34528	0.7424
4	parallel_invariance_object	entropy_source_object	0	same_trit_relabel	#86BD49	0.586796
4	parallel_invariance_object	propagator_cell_object	1	positive_shift	#0ED9AE	0.988986
4	parallel_invariance_object	abductive_world_object	-1	negative_shift	#25EE25	0.861524
4	parallel_invariance_object	fuzz_soundness_object	0	same_trit_relabel	#2DEDCF	0.760521
4	parallel_invariance_object	ternary_regression_object	1	positive_shift	#E6D27A	0.782246
4	parallel_invariance_object	nonriemannian_gate_object	-1	negative_shift	#15F71D	0.756154
4	parallel_invariance_object	exa_loop_object	0	same_trit_relabel	#2F8398	0.217001
4	parallel_invariance_object	aqua_hygiene_object	1	positive_shift	#82A5B2	0.535247
4	parallel_invariance_object	scip_catcolab_object	-1	negative_shift	#3764C3	0.809558
5	palette_interface_object	color_space_object	-1	negative_shift	#9F182B	0.62766
5	palette_interface_object	trit_tick_object	0	same_trit_relabel	#EA2FDB	0.117254
5	palette_interface_object	rng_determinism_object	1	positive_shift	#4EAFA8	0.883514
5	palette_interface_object	parallel_invariance_object	-1	negative_shift	#E30E52	1.18765
5	palette_interface_object	lisp_semantics_object	1	positive_shift	#080AC0	0.94787
5	palette_interface_object	entropy_source_object	-1	negative_shift	#665112	1.051527
5	palette_interface_object	propagator_cell_object	0	same_trit_relabel	#DBDAE9	0.665293
5	palette_interface_object	abductive_world_object	1	positive_shift	#0E5C81	0.862977
5	palette_interface_object	fuzz_soundness_object	-1	negative_shift	#F800B9	1.164354
5	palette_interface_object	ternary_regression_object	0	same_trit_relabel	#4D481B	0.496756
5	palette_interface_object	nonriemannian_gate_object	1	positive_shift	#4DBA92	0.629223
5	palette_interface_object	exa_loop_object	-1	negative_shift	#85346C	0.419786
5	palette_interface_object	aqua_hygiene_object	0	same_trit_relabel	#6DB876	0.282924
5	palette_interface_object	scip_catcolab_object	1	positive_shift	#51B137	1.011402
6	lisp_semantics_object	color_space_object	1	positive_shift	#C804E5	0.957849
6	lisp_semantics_object	trit_tick_object	-1	negative_shift	#EC96F2	0.91099
6	lisp_semantics_object	rng_determinism_object	0	same_trit_relabel	#DA13FB	0.684771
6	lisp_semantics_object	parallel_invariance_object	1	positive_shift	#CBB096	0.9078
6	lisp_semantics_object	palette_interface_object	-1	negative_shift	#80C990	1.235908
6	lisp_semantics_object	entropy_source_object	1	positive_shift	#CE6ED0	0.917318
6	lisp_semantics_object	propagator_cell_object	-1	negative_shift	#4CBA0F	1.055211
6	lisp_semantics_object	abductive_world_object	0	same_trit_relabel	#6DB6DB	0.506429
6	lisp_semantics_object	fuzz_soundness_object	1	positive_shift	#E850C8	1.182188
6	lisp_semantics_object	ternary_regression_object	-1	negative_shift	#308A20	1.33134
6	lisp_semantics_object	nonriemannian_gate_object	0	same_trit_relabel	#688AAD	0.486101
6	lisp_semantics_object	exa_loop_object	1	positive_shift	#E55B18	0.837648
6	lisp_semantics_object	aqua_hygiene_object	-1	negative_shift	#11501C	0.990111
6	lisp_semantics_object	scip_catcolab_object	0	same_trit_relabel	#CBCBFA	0.817541
7	entropy_source_object	color_space_object	0	same_trit_relabel	#82EA53	0.341897
7	entropy_source_object	trit_tick_object	1	positive_shift	#33915C	0.407117
7	entropy_source_object	rng_determinism_object	-1	negative_shift	#C4FCCC	0.838272
7	entropy_source_object	parallel_invariance_object	0	same_trit_relabel	#98587C	0.968199
7	entropy_source_object	palette_interface_object	1	positive_shift	#1C3151	1.011889
7	entropy_source_object	lisp_semantics_object	-1	negative_shift	#7531CF	1.019115
7	entropy_source_object	propagator_cell_object	1	positive_shift	#C84AB8	1.011357
7	entropy_source_object	abductive_world_object	-1	negative_shift	#23878A	0.982006
7	entropy_source_object	fuzz_soundness_object	0	same_trit_relabel	#5AAA2A	0.8603
7	entropy_source_object	ternary_regression_object	1	positive_shift	#3639CD	0.786236
7	entropy_source_object	nonriemannian_gate_object	-1	negative_shift	#5AAB29	0.642242
7	entropy_source_object	exa_loop_object	0	same_trit_relabel	#1FB4F0	0.211982
7	entropy_source_object	aqua_hygiene_object	1	positive_shift	#04D4E9	0.720378
7	entropy_source_object	scip_catcolab_object	-1	negative_shift	#01F56E	1.129489
8	propagator_cell_object	color_space_object	-1	negative_shift	#137DE1	1.247025
8	propagator_cell_object	trit_tick_object	0	same_trit_relabel	#365B42	0.769727
8	propagator_cell_object	rng_determinism_object	1	positive_shift	#2E31B7	1.157899
8	propagator_cell_object	parallel_invariance_object	-1	negative_shift	#C978E1	0.992005
8	propagator_cell_object	palette_interface_object	0	same_trit_relabel	#71E7E5	0.336525
8	propagator_cell_object	lisp_semantics_object	1	positive_shift	#88477F	0.424883
8	propagator_cell_object	entropy_source_object	-1	negative_shift	#668D2D	0.776314
8	propagator_cell_object	abductive_world_object	1	positive_shift	#C4FAA8	1.199752
8	propagator_cell_object	fuzz_soundness_object	-1	negative_shift	#703FCB	0.869571
8	propagator_cell_object	ternary_regression_object	0	same_trit_relabel	#A24BC8	0.605422
8	propagator_cell_object	nonriemannian_gate_object	1	positive_shift	#3E274B	0.991888
8	propagator_cell_object	exa_loop_object	-1	negative_shift	#0710DF	0.956727
8	propagator_cell_object	aqua_hygiene_object	0	same_trit_relabel	#AFCD39	0.634822
8	propagator_cell_object	scip_catcolab_object	1	positive_shift	#02C626	0.943802
9	abductive_world_object	color_space_object	1	positive_shift	#FDC1AF	1.35236
9	abductive_world_object	trit_tick_object	-1	negative_shift	#D3CAD1	1.123352
9	abductive_world_object	rng_determinism_object	0	same_trit_relabel	#7FE497	0.593402
9	abductive_world_object	parallel_invariance_object	1	positive_shift	#65BF41	0.933333
9	abductive_world_object	palette_interface_object	-1	negative_shift	#C9B990	1.068227
9	abductive_world_object	lisp_semantics_object	0	same_trit_relabel	#A45DF1	0.382247
9	abductive_world_object	entropy_source_object	1	positive_shift	#F45D72	0.705407
9	abductive_world_object	propagator_cell_object	-1	negative_shift	#633937	0.573127
9	abductive_world_object	fuzz_soundness_object	1	positive_shift	#174699	0.472314
9	abductive_world_object	ternary_regression_object	-1	negative_shift	#7CD780	1.113814
9	abductive_world_object	nonriemannian_gate_object	0	same_trit_relabel	#64C31D	0.545465
9	abductive_world_object	exa_loop_object	1	positive_shift	#405F72	1.024509
9	abductive_world_object	aqua_hygiene_object	-1	negative_shift	#4CE7C0	1.177856
9	abductive_world_object	scip_catcolab_object	0	same_trit_relabel	#D1B3A1	0.920801
10	fuzz_soundness_object	color_space_object	0	same_trit_relabel	#918BE5	0.483897
10	fuzz_soundness_object	trit_tick_object	1	positive_shift	#4F696E	0.994871
10	fuzz_soundness_object	rng_determinism_object	-1	negative_shift	#E3A865	1.346951
10	fuzz_soundness_object	parallel_invariance_object	0	same_trit_relabel	#08DFD9	0.696009
10	fuzz_soundness_object	palette_interface_object	1	positive_shift	#9D29E7	1.100228
10	fuzz_soundness_object	lisp_semantics_object	-1	negative_shift	#05278E	1.190409
10	fuzz_soundness_object	entropy_source_object	0	same_trit_relabel	#BFCFA3	0.7436
10	fuzz_soundness_object	propagator_cell_object	1	positive_shift	#7F501D	1.366501
10	fuzz_soundness_object	abductive_world_object	-1	negative_shift	#D9D661	0.416152
10	fuzz_soundness_object	ternary_regression_object	1	positive_shift	#630F60	1.355389
10	fuzz_soundness_object	nonriemannian_gate_object	-1	negative_shift	#35430A	1.070484
10	fuzz_soundness_object	exa_loop_object	0	same_trit_relabel	#D60680	0.541134
10	fuzz_soundness_object	aqua_hygiene_object	1	positive_shift	#6FBFB9	0.80747
10	fuzz_soundness_object	scip_catcolab_object	-1	negative_shift	#9527F3	0.852019
11	ternary_regression_object	color_space_object	-1	negative_shift	#80BB2F	1.030899
11	ternary_regression_object	trit_tick_object	0	same_trit_relabel	#8A3781	0.480388
11	ternary_regression_object	rng_determinism_object	1	positive_shift	#378893	0.805406
11	ternary_regression_object	parallel_invariance_object	-1	negative_shift	#BF875D	0.938565
11	ternary_regression_object	palette_interface_object	0	same_trit_relabel	#07F621	0.535291
11	ternary_regression_object	lisp_semantics_object	1	positive_shift	#C52E17	0.630675
11	ternary_regression_object	entropy_source_object	-1	negative_shift	#F026F1	0.722103
11	ternary_regression_object	propagator_cell_object	0	same_trit_relabel	#BC656A	0.317356
11	ternary_regression_object	abductive_world_object	1	positive_shift	#869DB8	1.05619
11	ternary_regression_object	fuzz_soundness_object	-1	negative_shift	#4DB548	0.756172
11	ternary_regression_object	nonriemannian_gate_object	1	positive_shift	#03FACB	0.620573
11	ternary_regression_object	exa_loop_object	-1	negative_shift	#9A36C1	0.700665
11	ternary_regression_object	aqua_hygiene_object	0	same_trit_relabel	#75D3B0	0.532366
11	ternary_regression_object	scip_catcolab_object	1	positive_shift	#BB3969	1.040272
12	nonriemannian_gate_object	color_space_object	1	positive_shift	#44D12D	1.278928
12	nonriemannian_gate_object	trit_tick_object	-1	negative_shift	#8B4E1E	1.367238
12	nonriemannian_gate_object	rng_determinism_object	0	same_trit_relabel	#AA8AF0	1.342724
12	nonriemannian_gate_object	parallel_invariance_object	1	positive_shift	#ABF6BE	1.198304
12	nonriemannian_gate_object	palette_interface_object	-1	negative_shift	#79F404	0.780409
12	nonriemannian_gate_object	lisp_semantics_object	0	same_trit_relabel	#B20D64	0.725183
12	nonriemannian_gate_object	entropy_source_object	1	positive_shift	#045181	1.166821
12	nonriemannian_gate_object	propagator_cell_object	-1	negative_shift	#143B50	1.531884
12	nonriemannian_gate_object	abductive_world_object	0	same_trit_relabel	#89E0E3	0.740834
12	nonriemannian_gate_object	fuzz_soundness_object	1	positive_shift	#93559D	1.527482
12	nonriemannian_gate_object	ternary_regression_object	-1	negative_shift	#D7F774	1.318646
12	nonriemannian_gate_object	exa_loop_object	1	positive_shift	#A1488A	1.19833
12	nonriemannian_gate_object	aqua_hygiene_object	-1	negative_shift	#2A6899	0.99288
12	nonriemannian_gate_object	scip_catcolab_object	0	same_trit_relabel	#7ADB63	0.28033
13	exa_loop_object	color_space_object	0	same_trit_relabel	#7263D1	0.419901
13	exa_loop_object	trit_tick_object	1	positive_shift	#3F2C1A	0.646814
13	exa_loop_object	rng_determinism_object	-1	negative_shift	#D0D57B	1.010608
13	exa_loop_object	parallel_invariance_object	0	same_trit_relabel	#81DB5A	0.96406
13	exa_loop_object	palette_interface_object	1	positive_shift	#4D05A9	0.800379
13	exa_loop_object	lisp_semantics_object	-1	negative_shift	#65768D	0.906755
13	exa_loop_object	entropy_source_object	0	same_trit_relabel	#DEACC8	0.798807
13	exa_loop_object	propagator_cell_object	1	positive_shift	#AE580C	1.073305
13	exa_loop_object	abductive_world_object	-1	negative_shift	#C41878	0.988705
13	exa_loop_object	fuzz_soundness_object	0	same_trit_relabel	#2F2D8D	0.875362
13	exa_loop_object	ternary_regression_object	1	positive_shift	#4AC17D	0.644252
13	exa_loop_object	nonriemannian_gate_object	-1	negative_shift	#C2D13B	0.798746
13	exa_loop_object	aqua_hygiene_object	1	positive_shift	#B41591	0.609658
13	exa_loop_object	scip_catcolab_object	-1	negative_shift	#5EE26D	0.97906
14	aqua_hygiene_object	color_space_object	-1	negative_shift	#16F2A8	1.150414
14	aqua_hygiene_object	trit_tick_object	0	same_trit_relabel	#562853	0.915894
14	aqua_hygiene_object	rng_determinism_object	1	positive_shift	#0304C7	1.564044
14	aqua_hygiene_object	parallel_invariance_object	-1	negative_shift	#DFEFC2	1.058707
14	aqua_hygiene_object	palette_interface_object	0	same_trit_relabel	#8E12ED	0.433098
14	aqua_hygiene_object	lisp_semantics_object	1	positive_shift	#1B7252	1.003566
14	aqua_hygiene_object	entropy_source_object	-1	negative_shift	#1EA771	1.048963
14	aqua_hygiene_object	propagator_cell_object	0	same_trit_relabel	#CDBD9C	1.10385
14	aqua_hygiene_object	abductive_world_object	1	positive_shift	#56ACA0	0.900187
14	aqua_hygiene_object	fuzz_soundness_object	-1	negative_shift	#401296	1.450113
14	aqua_hygiene_object	ternary_regression_object	0	same_trit_relabel	#4D8881	0.955005
14	aqua_hygiene_object	nonriemannian_gate_object	1	positive_shift	#CC96C8	1.290164
14	aqua_hygiene_object	exa_loop_object	-1	negative_shift	#0F1117	1.073617
14	aqua_hygiene_object	scip_catcolab_object	1	positive_shift	#6541F7	0.455973
15	scip_catcolab_object	color_space_object	1	positive_shift	#68C3C9	1.216949
15	scip_catcolab_object	trit_tick_object	-1	negative_shift	#03AD01	1.023407
15	scip_catcolab_object	rng_determinism_object	0	same_trit_relabel	#020549	0.696385
15	scip_catcolab_object	parallel_invariance_object	1	positive_shift	#2C7F12	1.092519
15	scip_catcolab_object	palette_interface_object	-1	negative_shift	#FF772A	0.743676
15	scip_catcolab_object	lisp_semantics_object	0	same_trit_relabel	#755F80	0.158908
15	scip_catcolab_object	entropy_source_object	1	positive_shift	#8FD1E0	0.855197
15	scip_catcolab_object	propagator_cell_object	-1	negative_shift	#F57F0A	0.806301
15	scip_catcolab_object	abductive_world_object	0	same_trit_relabel	#3BD0B1	0.913869
15	scip_catcolab_object	fuzz_soundness_object	1	positive_shift	#BACE06	0.799736
15	scip_catcolab_object	ternary_regression_object	-1	negative_shift	#65020E	0.808264
15	scip_catcolab_object	nonriemannian_gate_object	0	same_trit_relabel	#2C415B	0.568803
15	scip_catcolab_object	exa_loop_object	1	positive_shift	#1C745C	0.91103
15	scip_catcolab_object	aqua_hygiene_object	-1	negative_shift	#C3558E	0.970754
16	color_space_object	trit_tick_object	1	positive_shift	#F92C19	0.98666
16	color_space_object	rng_determinism_object	-1	negative_shift	#36CC55	0.969136
16	color_space_object	parallel_invariance_object	0	same_trit_relabel	#DD038A	0.337938
16	color_space_object	palette_interface_object	1	positive_shift	#31EDFF	1.052008
16	color_space_object	lisp_semantics_object	-1	negative_shift	#CDBBE9	0.829966
16	color_space_object	entropy_source_object	0	same_trit_relabel	#5F1320	0.233226
16	color_space_object	propagator_cell_object	1	positive_shift	#EDFC82	0.809251
16	color_space_object	abductive_world_object	-1	negative_shift	#1D11AE	0.991807
16	color_space_object	fuzz_soundness_object	0	same_trit_relabel	#9941E6	0.528627
16	color_space_object	ternary_regression_object	1	positive_shift	#CEFDA6	1.211633
16	color_space_object	nonriemannian_gate_object	-1	negative_shift	#5E3244	0.788303
16	color_space_object	exa_loop_object	0	same_trit_relabel	#36CB49	0.522776
16	color_space_object	aqua_hygiene_object	1	positive_shift	#12A439	1.000115
16	color_space_object	scip_catcolab_object	-1	negative_shift	#EB5EDE	1.065838
17	trit_tick_object	color_space_object	-1	negative_shift	#5DB5C5	0.847657
17	trit_tick_object	rng_determinism_object	1	positive_shift	#AFFE00	1.05188
17	trit_tick_object	parallel_invariance_object	-1	negative_shift	#BA0159	0.994592
17	trit_tick_object	palette_interface_object	0	same_trit_relabel	#ACC0A0	0.889894
17	trit_tick_object	lisp_semantics_object	1	positive_shift	#5716E7	1.164715
17	trit_tick_object	entropy_source_object	-1	negative_shift	#57A6E6	1.000069
17	trit_tick_object	propagator_cell_object	0	same_trit_relabel	#7BBFC8	0.796349
17	trit_tick_object	abductive_world_object	1	positive_shift	#FFC698	0.75081
17	trit_tick_object	fuzz_soundness_object	-1	negative_shift	#35AF19	1.270432
17	trit_tick_object	ternary_regression_object	0	same_trit_relabel	#E67B8A	0.975391
17	trit_tick_object	nonriemannian_gate_object	1	positive_shift	#1CEBE6	0.831311
17	trit_tick_object	exa_loop_object	-1	negative_shift	#1D2C2F	0.792576
17	trit_tick_object	aqua_hygiene_object	0	same_trit_relabel	#5946F0	0.589893
17	trit_tick_object	scip_catcolab_object	1	positive_shift	#EEF0E6	1.11799
18	rng_determinism_object	color_space_object	1	positive_shift	#B63E77	1.224229
18	rng_determinism_object	trit_tick_object	-1	negative_shift	#11C38D	1.011946
18	rng_determinism_object	parallel_invariance_object	1	positive_shift	#9AAC3A	1.25319
18	rng_determinism_object	palette_interface_object	-1	negative_shift	#8246F7	0.802137
18	rng_determinism_object	lisp_semantics_object	0	same_trit_relabel	#838A69	0.322953
18	rng_determinism_object	entropy_source_object	1	positive_shift	#9A229C	1.015675
18	rng_determinism_object	propagator_cell_object	-1	negative_shift	#C25F9E	0.857153
18	rng_determinism_object	abductive_world_object	0	same_trit_relabel	#5B4EC6	0.992506
18	rng_determinism_object	fuzz_soundness_object	1	positive_shift	#FAAB5C	0.883766
18	rng_determinism_object	ternary_regression_object	-1	negative_shift	#74609D	0.678721
18	rng_determinism_object	nonriemannian_gate_object	0	same_trit_relabel	#6A173E	0.592222
18	rng_determinism_object	exa_loop_object	1	positive_shift	#722621	0.937828
18	rng_determinism_object	aqua_hygiene_object	-1	negative_shift	#C84C0F	0.999977
18	rng_determinism_object	scip_catcolab_object	0	same_trit_relabel	#10AED7	0.812645
19	parallel_invariance_object	color_space_object	0	same_trit_relabel	#3A6472	0.981278
19	parallel_invariance_object	trit_tick_object	1	positive_shift	#0E46EC	1.22874
19	parallel_invariance_object	rng_determinism_object	-1	negative_shift	#518BAF	1.264299
19	parallel_invariance_object	palette_interface_object	1	positive_shift	#E49219	0.959287
19	parallel_invariance_object	lisp_semantics_object	-1	negative_shift	#6CE44A	0.764724
19	parallel_invariance_object	entropy_source_object	0	same_trit_relabel	#FF9BA3	0.142586
19	parallel_invariance_object	propagator_cell_object	1	positive_shift	#AAB342	1.008128
19	parallel_invariance_object	abductive_world_object	-1	negative_shift	#52AD37	1.091739
19	parallel_invariance_object	fuzz_soundness_object	0	same_trit_relabel	#92E5EB	0.616398
19	parallel_invariance_object	ternary_regression_object	1	positive_shift	#0167BA	1.31137
19	parallel_invariance_object	nonriemannian_gate_object	-1	negative_shift	#7DDBE9	1.072598
19	parallel_invariance_object	exa_loop_object	0	same_trit_relabel	#56D2E0	0.723676
19	parallel_invariance_object	aqua_hygiene_object	1	positive_shift	#CDF729	1.091191
19	parallel_invariance_object	scip_catcolab_object	-1	negative_shift	#4B8BA9	0.953425
20	palette_interface_object	color_space_object	-1	negative_shift	#1352DA	1.061458
20	palette_interface_object	trit_tick_object	0	same_trit_relabel	#F5EA57	0.453497
20	palette_interface_object	rng_determinism_object	1	positive_shift	#4A9B18	0.639165
20	palette_interface_object	parallel_invariance_object	-1	negative_shift	#C8650C	1.071443
20	palette_interface_object	lisp_semantics_object	1	positive_shift	#443D8C	0.772654
20	palette_interface_object	entropy_source_object	-1	negative_shift	#7FB462	0.861349
20	palette_interface_object	propagator_cell_object	0	same_trit_relabel	#F60662	0.224113
20	palette_interface_object	abductive_world_object	1	positive_shift	#ED4B58	1.159715
20	palette_interface_object	fuzz_soundness_object	-1	negative_shift	#372006	0.739684
20	palette_interface_object	ternary_regression_object	0	same_trit_relabel	#F99667	0.540707
20	palette_interface_object	nonriemannian_gate_object	1	positive_shift	#2CEA95	0.544298
20	palette_interface_object	exa_loop_object	-1	negative_shift	#B39F39	0.743226
20	palette_interface_object	aqua_hygiene_object	0	same_trit_relabel	#BC14F6	0.624848
20	palette_interface_object	scip_catcolab_object	1	positive_shift	#E20376	1.196684
21	lisp_semantics_object	color_space_object	1	positive_shift	#C73859	1.171568
21	lisp_semantics_object	trit_tick_object	-1	negative_shift	#3DC241	1.029409
21	lisp_semantics_object	rng_determinism_object	0	same_trit_relabel	#4EA9C5	0.747211
21	lisp_semantics_object	parallel_invariance_object	1	positive_shift	#AC6E5B	0.852123
21	lisp_semantics_object	palette_interface_object	-1	negative_shift	#3D3B15	0.719364
21	lisp_semantics_object	entropy_source_object	1	positive_shift	#0FBF6C	0.629665
21	lisp_semantics_object	propagator_cell_object	-1	negative_shift	#7378C9	0.839216
21	lisp_semantics_object	abductive_world_object	0	same_trit_relabel	#68A08F	0.760127
21	lisp_semantics_object	fuzz_soundness_object	1	positive_shift	#528FF4	0.81926
21	lisp_semantics_object	ternary_regression_object	-1	negative_shift	#9FEE77	0.982729
21	lisp_semantics_object	nonriemannian_gate_object	0	same_trit_relabel	#622CF1	0.560345
21	lisp_semantics_object	exa_loop_object	1	positive_shift	#7E8695	0.871632
21	lisp_semantics_object	aqua_hygiene_object	-1	negative_shift	#8D20DE	0.915221
21	lisp_semantics_object	scip_catcolab_object	0	same_trit_relabel	#7D9053	0.574225
22	entropy_source_object	color_space_object	0	same_trit_relabel	#4D3551	0.950525
22	entropy_source_object	trit_tick_object	1	positive_shift	#47376F	1.090805
22	entropy_source_object	rng_determinism_object	-1	negative_shift	#9638A6	1.046563
22	entropy_source_object	parallel_invariance_object	0	same_trit_relabel	#DBE8DA	0.660292
22	entropy_source_object	palette_interface_object	1	positive_shift	#55955F	0.816833
22	entropy_source_object	lisp_semantics_object	-1	negative_shift	#CE2DFC	0.469745
22	entropy_source_object	propagator_cell_object	1	positive_shift	#868A1A	0.761737
22	entropy_source_object	abductive_world_object	-1	negative_shift	#36056D	1.264274
22	entropy_source_object	fuzz_soundness_object	0	same_trit_relabel	#00CA9E	0.371557
22	entropy_source_object	ternary_regression_object	1	positive_shift	#EB8757	0.944532
22	entropy_source_object	nonriemannian_gate_object	-1	negative_shift	#D5A58E	0.92737
22	entropy_source_object	exa_loop_object	0	same_trit_relabel	#96D7B4	0.632686
22	entropy_source_object	aqua_hygiene_object	1	positive_shift	#95F703	1.041478
22	entropy_source_object	scip_catcolab_object	-1	negative_shift	#CE0CD6	1.077812
23	propagator_cell_object	color_space_object	-1	negative_shift	#CE82D3	0.95345
23	propagator_cell_object	trit_tick_object	0	same_trit_relabel	#74DD04	0.569182
23	propagator_cell_object	rng_determinism_object	1	positive_shift	#6D64E7	1.219547
23	propagator_cell_object	parallel_invariance_object	-1	negative_shift	#80197A	1.42057
23	propagator_cell_object	palette_interface_object	0	same_trit_relabel	#CC8666	0.400269
23	propagator_cell_object	lisp_semantics_object	1	positive_shift	#648E9B	0.945839
23	propagator_cell_object	entropy_source_object	-1	negative_shift	#8C7FCD	1.247841
23	propagator_cell_object	abductive_world_object	1	positive_shift	#894B00	1.139108
23	propagator_cell_object	fuzz_soundness_object	-1	negative_shift	#C8D425	1.31803
23	propagator_cell_object	ternary_regression_object	0	same_trit_relabel	#8D2564	0.308635
23	propagator_cell_object	nonriemannian_gate_object	1	positive_shift	#EE3859	1.030414
23	propagator_cell_object	exa_loop_object	-1	negative_shift	#5B2E57	0.850772
23	propagator_cell_object	aqua_hygiene_object	0	same_trit_relabel	#4B3C67	0.413554
23	propagator_cell_object	scip_catcolab_object	1	positive_shift	#D0FA4D	0.983333
24	abductive_world_object	color_space_object	1	positive_shift	#593478	0.83664
24	abductive_world_object	trit_tick_object	-1	negative_shift	#32FE2A	0.762544
24	abductive_world_object	rng_determinism_object	0	same_trit_relabel	#0B985F	0.708427
24	abductive_world_object	parallel_invariance_object	1	positive_shift	#065A18	1.013542
24	abductive_world_object	palette_interface_object	-1	negative_shift	#9D3F37	0.634274
24	abductive_world_object	lisp_semantics_object	0	same_trit_relabel	#77CB11	0.363544
24	abductive_world_object	entropy_source_object	1	positive_shift	#1B7252	0.860999
24	abductive_world_object	propagator_cell_object	-1	negative_shift	#436A49	0.981093
24	abductive_world_object	fuzz_soundness_object	1	positive_shift	#1BD8AB	1.069534
24	abductive_world_object	ternary_regression_object	-1	negative_shift	#922267	0.830878
24	abductive_world_object	nonriemannian_gate_object	0	same_trit_relabel	#CF0C2E	0.44575
24	abductive_world_object	exa_loop_object	1	positive_shift	#3AF7DD	0.590458
24	abductive_world_object	aqua_hygiene_object	-1	negative_shift	#908320	0.564473
24	abductive_world_object	scip_catcolab_object	0	same_trit_relabel	#493077	0.430695
25	fuzz_soundness_object	color_space_object	0	same_trit_relabel	#26AA66	0.846632
25	fuzz_soundness_object	trit_tick_object	1	positive_shift	#BE289E	0.916237
25	fuzz_soundness_object	rng_determinism_object	-1	negative_shift	#4978A7	0.815463
25	fuzz_soundness_object	parallel_invariance_object	0	same_trit_relabel	#2A1872	0.881045
25	fuzz_soundness_object	palette_interface_object	1	positive_shift	#1CEDFB	0.930237
25	fuzz_soundness_object	lisp_semantics_object	-1	negative_shift	#180FD6	0.709007
25	fuzz_soundness_object	entropy_source_object	0	same_trit_relabel	#50A9E3	0.64079
25	fuzz_soundness_object	propagator_cell_object	1	positive_shift	#8B07EC	0.673878
25	fuzz_soundness_object	abductive_world_object	-1	negative_shift	#38A8C6	1.305036
25	fuzz_soundness_object	ternary_regression_object	1	positive_shift	#2E3EB3	0.717607
25	fuzz_soundness_object	nonriemannian_gate_object	-1	negative_shift	#442CF4	0.770109
25	fuzz_soundness_object	exa_loop_object	0	same_trit_relabel	#97C0D4	0.538013
25	fuzz_soundness_object	aqua_hygiene_object	1	positive_shift	#04CB84	1.013576
25	fuzz_soundness_object	scip_catcolab_object	-1	negative_shift	#EC09C3	1.221766
26	ternary_regression_object	color_space_object	-1	negative_shift	#10E62C	1.005262
26	ternary_regression_object	trit_tick_object	0	same_trit_relabel	#89B82E	0.634337
26	ternary_regression_object	rng_determinism_object	1	positive_shift	#43A71D	1.069607
26	ternary_regression_object	parallel_invariance_object	-1	negative_shift	#D1E2A2	0.831141
26	ternary_regression_object	palette_interface_object	0	same_trit_relabel	#85AC40	0.887254
26	ternary_regression_object	lisp_semantics_object	1	positive_shift	#588DAD	1.106648
26	ternary_regression_object	entropy_source_object	-1	negative_shift	#97EA4B	0.865353
26	ternary_regression_object	propagator_cell_object	0	same_trit_relabel	#D97FD9	0.732798
26	ternary_regression_object	abductive_world_object	1	positive_shift	#33BABE	0.834405
26	ternary_regression_object	fuzz_soundness_object	-1	negative_shift	#396773	1.172815
26	ternary_regression_object	nonriemannian_gate_object	1	positive_shift	#490005	0.865425
26	ternary_regression_object	exa_loop_object	-1	negative_shift	#2D3C50	0.872702
26	ternary_regression_object	aqua_hygiene_object	0	same_trit_relabel	#529C88	0.671677
26	ternary_regression_object	scip_catcolab_object	1	positive_shift	#CDA32A	1.119136
27	nonriemannian_gate_object	color_space_object	1	positive_shift	#FE6683	1.044771
27	nonriemannian_gate_object	trit_tick_object	-1	negative_shift	#3DE18F	1.024542
27	nonriemannian_gate_object	rng_determinism_object	0	same_trit_relabel	#689842	0.808889
27	nonriemannian_gate_object	parallel_invariance_object	1	positive_shift	#3C77D1	0.725765
27	nonriemannian_gate_object	palette_interface_object	-1	negative_shift	#5E6188	1.168996
27	nonriemannian_gate_object	lisp_semantics_object	0	same_trit_relabel	#2B539E	0.729517
27	nonriemannian_gate_object	entropy_source_object	1	positive_shift	#C2FB71	0.793496
27	nonriemannian_gate_object	propagator_cell_object	-1	negative_shift	#84F793	1.088925
27	nonriemannian_gate_object	abductive_world_object	0	same_trit_relabel	#82839E	0.475691
27	nonriemannian_gate_object	fuzz_soundness_object	1	positive_shift	#2FD3F5	1.167983
27	nonriemannian_gate_object	ternary_regression_object	-1	negative_shift	#51B089	1.37577
27	nonriemannian_gate_object	exa_loop_object	1	positive_shift	#11A4E8	0.900363
27	nonriemannian_gate_object	aqua_hygiene_object	-1	negative_shift	#D6382F	0.996229
27	nonriemannian_gate_object	scip_catcolab_object	0	same_trit_relabel	#E11917	0.709815
28	exa_loop_object	color_space_object	0	same_trit_relabel	#13EB2B	0.368899
28	exa_loop_object	trit_tick_object	1	positive_shift	#5940A8	0.687623
28	exa_loop_object	rng_determinism_object	-1	negative_shift	#B77FD8	0.999527
28	exa_loop_object	parallel_invariance_object	0	same_trit_relabel	#B3F17E	0.627684
28	exa_loop_object	palette_interface_object	1	positive_shift	#EDE53B	0.920836
28	exa_loop_object	lisp_semantics_object	-1	negative_shift	#C9E878	0.919329
28	exa_loop_object	entropy_source_object	0	same_trit_relabel	#E3B3C2	0.552816
28	exa_loop_object	propagator_cell_object	1	positive_shift	#1808B9	1.025454
28	exa_loop_object	abductive_world_object	-1	negative_shift	#EF74B4	0.660802
28	exa_loop_object	fuzz_soundness_object	0	same_trit_relabel	#B30B90	0.821304
28	exa_loop_object	ternary_regression_object	1	positive_shift	#9111DD	1.04189
28	exa_loop_object	nonriemannian_gate_object	-1	negative_shift	#ACC21C	0.713483
28	exa_loop_object	aqua_hygiene_object	1	positive_shift	#8E2FEA	0.630779
28	exa_loop_object	scip_catcolab_object	-1	negative_shift	#66EC67	0.875092
29	aqua_hygiene_object	color_space_object	-1	negative_shift	#547BB9	0.967913
29	aqua_hygiene_object	trit_tick_object	0	same_trit_relabel	#123212	0.503399
29	aqua_hygiene_object	rng_determinism_object	1	positive_shift	#F63132	1.099747
29	aqua_hygiene_object	parallel_invariance_object	-1	negative_shift	#190F55	1.621155
29	aqua_hygiene_object	palette_interface_object	0	same_trit_relabel	#EA0A31	0.730886
29	aqua_hygiene_object	lisp_semantics_object	1	positive_shift	#0431E6	1.158626
29	aqua_hygiene_object	entropy_source_object	-1	negative_shift	#0CE924	1.433919
29	aqua_hygiene_object	propagator_cell_object	0	same_trit_relabel	#7A1F5D	0.902447
29	aqua_hygiene_object	abductive_world_object	1	positive_shift	#A6F20F	1.301421
29	aqua_hygiene_object	fuzz_soundness_object	-1	negative_shift	#728B42	1.38386
29	aqua_hygiene_object	ternary_regression_object	0	same_trit_relabel	#8ACD7C	0.280221
29	aqua_hygiene_object	nonriemannian_gate_object	1	positive_shift	#716B76	1.001946
29	aqua_hygiene_object	exa_loop_object	-1	negative_shift	#0E96B4	0.910404
29	aqua_hygiene_object	scip_catcolab_object	1	positive_shift	#11F58F	1.293573
30	scip_catcolab_object	color_space_object	1	positive_shift	#CAA089	1.002015
30	scip_catcolab_object	trit_tick_object	-1	negative_shift	#C0EE42	1.032429
30	scip_catcolab_object	rng_determinism_object	0	same_trit_relabel	#EC98F3	0.897457
30	scip_catcolab_object	parallel_invariance_object	1	positive_shift	#294038	0.709906
30	scip_catcolab_object	palette_interface_object	-1	negative_shift	#EBC1CF	1.055136
30	scip_catcolab_object	lisp_semantics_object	0	same_trit_relabel	#0DCC14	0.681101
30	scip_catcolab_object	entropy_source_object	1	positive_shift	#4D3FDD	0.785965
30	scip_catcolab_object	propagator_cell_object	-1	negative_shift	#1C1FB1	1.157899
30	scip_catcolab_object	abductive_world_object	0	same_trit_relabel	#255A47	0.35884
30	scip_catcolab_object	fuzz_soundness_object	1	positive_shift	#E0E7EA	1.222103
30	scip_catcolab_object	ternary_regression_object	-1	negative_shift	#454977	1.341794
30	scip_catcolab_object	nonriemannian_gate_object	0	same_trit_relabel	#43DE5D	0.642982
30	scip_catcolab_object	exa_loop_object	1	positive_shift	#8A9E4F	0.878587
30	scip_catcolab_object	aqua_hygiene_object	-1	negative_shift	#CCF160	0.902447
31	color_space_object	trit_tick_object	1	positive_shift	#1FBC09	1.206611
31	color_space_object	rng_determinism_object	-1	negative_shift	#798DBB	1.152369
31	color_space_object	parallel_invariance_object	0	same_trit_relabel	#F6D9C3	0.49018
31	color_space_object	palette_interface_object	1	positive_shift	#7C8FE0	0.911854
31	color_space_object	lisp_semantics_object	-1	negative_shift	#5EF453	0.588507
31	color_space_object	entropy_source_object	0	same_trit_relabel	#4642D1	0.269278
31	color_space_object	propagator_cell_object	1	positive_shift	#77C428	0.833606
31	color_space_object	abductive_world_object	-1	negative_shift	#7B3B69	1.261097
31	color_space_object	fuzz_soundness_object	0	same_trit_relabel	#0791B9	0.390762
31	color_space_object	ternary_regression_object	1	positive_shift	#B248E7	1.151288
31	color_space_object	nonriemannian_gate_object	-1	negative_shift	#46C90F	1.020291
31	color_space_object	exa_loop_object	0	same_trit_relabel	#8C8072	0.726465
31	color_space_object	aqua_hygiene_object	1	positive_shift	#1F9659	1.128029
31	color_space_object	scip_catcolab_object	-1	negative_shift	#DB6FD4	1.077047
32	trit_tick_object	color_space_object	-1	negative_shift	#0BC133	0.501596
32	trit_tick_object	rng_determinism_object	1	positive_shift	#EA01C8	0.976028
32	trit_tick_object	parallel_invariance_object	-1	negative_shift	#AAF993	1.318787
32	trit_tick_object	palette_interface_object	0	same_trit_relabel	#470360	0.773892
32	trit_tick_object	lisp_semantics_object	1	positive_shift	#17B2D8	1.155639
32	trit_tick_object	entropy_source_object	-1	negative_shift	#9F0A9C	1.218288
32	trit_tick_object	propagator_cell_object	0	same_trit_relabel	#27B1CD	0.832158
32	trit_tick_object	abductive_world_object	1	positive_shift	#D137A3	0.859891
32	trit_tick_object	fuzz_soundness_object	-1	negative_shift	#E0E882	1.347391
32	trit_tick_object	ternary_regression_object	0	same_trit_relabel	#F24F1D	0.650673
32	trit_tick_object	nonriemannian_gate_object	1	positive_shift	#0CC6C5	0.761288
32	trit_tick_object	exa_loop_object	-1	negative_shift	#228971	0.605197
32	trit_tick_object	aqua_hygiene_object	0	same_trit_relabel	#B1D992	0.384574
32	trit_tick_object	scip_catcolab_object	1	positive_shift	#E508CA	1.123634
33	rng_determinism_object	color_space_object	1	positive_shift	#312BA8	1.233511
33	rng_determinism_object	trit_tick_object	-1	negative_shift	#084D98	1.10913
33	rng_determinism_object	parallel_invariance_object	1	positive_shift	#796381	0.663887
33	rng_determinism_object	palette_interface_object	-1	negative_shift	#9F9CCE	0.873856
33	rng_determinism_object	lisp_semantics_object	0	same_trit_relabel	#A8DDFA	0.288415
33	rng_determinism_object	entropy_source_object	1	positive_shift	#21D490	0.437532
33	rng_determinism_object	propagator_cell_object	-1	negative_shift	#66AB5B	0.866248
33	rng_determinism_object	abductive_world_object	0	same_trit_relabel	#E90DA0	0.747375
33	rng_determinism_object	fuzz_soundness_object	1	positive_shift	#2214AD	0.824767
33	rng_determinism_object	ternary_regression_object	-1	negative_shift	#BEE742	1.160905
33	rng_determinism_object	nonriemannian_gate_object	0	same_trit_relabel	#F53164	0.608273
33	rng_determinism_object	exa_loop_object	1	positive_shift	#E6DF17	0.945701
33	rng_determinism_object	aqua_hygiene_object	-1	negative_shift	#5A75C6	1.007261
33	rng_determinism_object	scip_catcolab_object	0	same_trit_relabel	#F9C9C5	0.616784
34	parallel_invariance_object	color_space_object	0	same_trit_relabel	#953E43	0.887714
34	parallel_invariance_object	trit_tick_object	1	positive_shift	#1A66BE	1.139509
34	parallel_invariance_object	rng_determinism_object	-1	negative_shift	#B38EB8	1.254376
34	parallel_invariance_object	palette_interface_object	1	positive_shift	#79DD84	0.670702
34	parallel_invariance_object	lisp_semantics_object	-1	negative_shift	#D80E0D	0.56434
34	parallel_invariance_object	entropy_source_object	0	same_trit_relabel	#26B89E	0.340816
34	parallel_invariance_object	propagator_cell_object	1	positive_shift	#E55BDD	1.019977
34	parallel_invariance_object	abductive_world_object	-1	negative_shift	#FDC8D7	1.073399
34	parallel_invariance_object	fuzz_soundness_object	0	same_trit_relabel	#0DC72C	0.647059
34	parallel_invariance_object	ternary_regression_object	1	positive_shift	#4AABCF	1.091435
34	parallel_invariance_object	nonriemannian_gate_object	-1	negative_shift	#F3D6E2	1.042845
34	parallel_invariance_object	exa_loop_object	0	same_trit_relabel	#91F832	0.629861
34	parallel_invariance_object	aqua_hygiene_object	1	positive_shift	#2D9357	0.934908
34	parallel_invariance_object	scip_catcolab_object	-1	negative_shift	#1D3A55	0.793412
35	palette_interface_object	color_space_object	-1	negative_shift	#EDE489	1.183636
35	palette_interface_object	trit_tick_object	0	same_trit_relabel	#F7E101	0.571272
35	palette_interface_object	rng_determinism_object	1	positive_shift	#C04E7D	0.509062
35	palette_interface_object	parallel_invariance_object	-1	negative_shift	#5A7B3E	1.198819
35	palette_interface_object	lisp_semantics_object	1	positive_shift	#1114A8	1.076965
35	palette_interface_object	entropy_source_object	-1	negative_shift	#22BD36	1.041858
35	palette_interface_object	propagator_cell_object	0	same_trit_relabel	#3745C1	0.326928
35	palette_interface_object	abductive_world_object	1	positive_shift	#F841CE	1.30073
35	palette_interface_object	fuzz_soundness_object	-1	negative_shift	#D5516D	0.863326
35	palette_interface_object	ternary_regression_object	0	same_trit_relabel	#98F9C0	0.79716
35	palette_interface_object	nonriemannian_gate_object	1	positive_shift	#F25BDD	0.654663
35	palette_interface_object	exa_loop_object	-1	negative_shift	#C6FFAA	0.932256
35	palette_interface_object	aqua_hygiene_object	0	same_trit_relabel	#73FE20	0.853263
35	palette_interface_object	scip_catcolab_object	1	positive_shift	#E0B168	1.45412
36	lisp_semantics_object	color_space_object	1	positive_shift	#842551	1.323729
36	lisp_semantics_object	trit_tick_object	-1	negative_shift	#D7C60C	1.117814
36	lisp_semantics_object	rng_determinism_object	0	same_trit_relabel	#511048	0.679892
36	lisp_semantics_object	parallel_invariance_object	1	positive_shift	#9D1A28	0.9422
36	lisp_semantics_object	palette_interface_object	-1	negative_shift	#BC9EFF	0.919959
36	lisp_semantics_object	entropy_source_object	1	positive_shift	#84495D	0.697195
36	lisp_semantics_object	propagator_cell_object	-1	negative_shift	#0E7762	0.689873
36	lisp_semantics_object	abductive_world_object	0	same_trit_relabel	#E5CD6C	0.955222
36	lisp_semantics_object	fuzz_soundness_object	1	positive_shift	#2F5909	0.60118
36	lisp_semantics_object	ternary_regression_object	-1	negative_shift	#DA3629	1.028779
36	lisp_semantics_object	nonriemannian_gate_object	0	same_trit_relabel	#80A013	0.583958
36	lisp_semantics_object	exa_loop_object	1	positive_shift	#67D052	0.99784
36	lisp_semantics_object	aqua_hygiene_object	-1	negative_shift	#CDF729	1.10366
36	lisp_semantics_object	scip_catcolab_object	0	same_trit_relabel	#918213	0.809346
37	entropy_source_object	color_space_object	0	same_trit_relabel	#7FDCE0	0.429336
37	entropy_source_object	trit_tick_object	1	positive_shift	#DFBB10	0.876283
37	entropy_source_object	rng_determinism_object	-1	negative_shift	#1CA3EA	1.21714
37	entropy_source_object	parallel_invariance_object	0	same_trit_relabel	#A4F545	0.61292
37	entropy_source_object	palette_interface_object	1	positive_shift	#684484	0.940696
37	entropy_source_object	lisp_semantics_object	-1	negative_shift	#B9C0D2	1.016159
37	entropy_source_object	propagator_cell_object	1	positive_shift	#7ACFEE	1.212552
37	entropy_source_object	abductive_world_object	-1	negative_shift	#CFE700	0.471315
37	entropy_source_object	fuzz_soundness_object	0	same_trit_relabel	#B8611A	0.978704
37	entropy_source_object	ternary_regression_object	1	positive_shift	#7414F6	1.193981
37	entropy_source_object	nonriemannian_gate_object	-1	negative_shift	#1A1D7E	0.931858
37	entropy_source_object	exa_loop_object	0	same_trit_relabel	#D9D0E0	0.39296
37	entropy_source_object	aqua_hygiene_object	1	positive_shift	#B9564E	0.667795
37	entropy_source_object	scip_catcolab_object	-1	negative_shift	#20B591	0.754058
38	propagator_cell_object	color_space_object	-1	negative_shift	#7D0F31	0.785625
38	propagator_cell_object	trit_tick_object	0	same_trit_relabel	#66F9AD	0.386727
38	propagator_cell_object	rng_determinism_object	1	positive_shift	#2F242D	1.091729
38	propagator_cell_object	parallel_invariance_object	-1	negative_shift	#C45078	1.58384
38	propagator_cell_object	palette_interface_object	0	same_trit_relabel	#7EC024	0.771134
38	propagator_cell_object	lisp_semantics_object	1	positive_shift	#C74E69	1.214823
38	propagator_cell_object	entropy_source_object	-1	negative_shift	#69B5A1	1.427184
38	propagator_cell_object	abductive_world_object	1	positive_shift	#33FFE2	1.165723
38	propagator_cell_object	fuzz_soundness_object	-1	negative_shift	#6A25EF	1.444744
38	propagator_cell_object	ternary_regression_object	0	same_trit_relabel	#D970DC	0.436564
38	propagator_cell_object	nonriemannian_gate_object	1	positive_shift	#CD541E	0.956382
38	propagator_cell_object	exa_loop_object	-1	negative_shift	#5E9187	0.82472
38	propagator_cell_object	aqua_hygiene_object	0	same_trit_relabel	#8C8460	0.513201
38	propagator_cell_object	scip_catcolab_object	1	positive_shift	#0698E9	1.251299
39	abductive_world_object	color_space_object	1	positive_shift	#850654	0.698713
39	abductive_world_object	trit_tick_object	-1	negative_shift	#7FB9F5	0.459435
39	abductive_world_object	rng_determinism_object	0	same_trit_relabel	#F5BDE5	0.522305
39	abductive_world_object	parallel_invariance_object	1	positive_shift	#C9FE97	1.348368
39	abductive_world_object	palette_interface_object	-1	negative_shift	#6EC65E	1.020448
39	abductive_world_object	lisp_semantics_object	0	same_trit_relabel	#CCEB9F	0.705021
39	abductive_world_object	entropy_source_object	1	positive_shift	#F9A485	1.191933
39	abductive_world_object	propagator_cell_object	-1	negative_shift	#F3D184	1.034549
39	abductive_world_object	fuzz_soundness_object	1	positive_shift	#FD9C1A	1.216218
39	abductive_world_object	ternary_regression_object	-1	negative_shift	#DDCB5D	0.753472
39	abductive_world_object	nonriemannian_gate_object	0	same_trit_relabel	#7F9FA2	0.348226
39	abductive_world_object	exa_loop_object	1	positive_shift	#B21BD1	0.591145
39	abductive_world_object	aqua_hygiene_object	-1	negative_shift	#D38A37	0.741648
39	abductive_world_object	scip_catcolab_object	0	same_trit_relabel	#23EC0A	0.82107
40	fuzz_soundness_object	color_space_object	0	same_trit_relabel	#5EBF13	0.768327
40	fuzz_soundness_object	trit_tick_object	1	positive_shift	#84B667	0.984751
40	fuzz_soundness_object	rng_determinism_object	-1	negative_shift	#6693F5	0.998684
40	fuzz_soundness_object	parallel_invariance_object	0	same_trit_relabel	#64C878	0.318058
40	fuzz_soundness_object	palette_interface_object	1	positive_shift	#DD5640	1.049651
40	fuzz_soundness_object	lisp_semantics_object	-1	negative_shift	#EB5D00	0.850326
40	fuzz_soundness_object	entropy_source_object	0	same_trit_relabel	#238977	0.245184
40	fuzz_soundness_object	propagator_cell_object	1	positive_shift	#5AD353	0.855447
40	fuzz_soundness_object	abductive_world_object	-1	negative_shift	#4E1B0A	0.950504
40	fuzz_soundness_object	ternary_regression_object	1	positive_shift	#3B7D0F	1.228044
40	fuzz_soundness_object	nonriemannian_gate_object	-1	negative_shift	#567584	0.803562
40	fuzz_soundness_object	exa_loop_object	0	same_trit_relabel	#7713EA	0.515757
40	fuzz_soundness_object	aqua_hygiene_object	1	positive_shift	#131943	0.982303
40	fuzz_soundness_object	scip_catcolab_object	-1	negative_shift	#AFBAF7	1.03915
41	ternary_regression_object	color_space_object	-1	negative_shift	#DAE8CF	1.138927
41	ternary_regression_object	trit_tick_object	0	same_trit_relabel	#256D50	0.504086
41	ternary_regression_object	rng_determinism_object	1	positive_shift	#7A0E0A	0.629457
41	ternary_regression_object	parallel_invariance_object	-1	negative_shift	#F14A2E	1.262489
41	ternary_regression_object	palette_interface_object	0	same_trit_relabel	#679890	0.736222
41	ternary_regression_object	lisp_semantics_object	1	positive_shift	#479C35	0.858677
41	ternary_regression_object	entropy_source_object	-1	negative_shift	#BE3E12	1.038398
41	ternary_regression_object	propagator_cell_object	0	same_trit_relabel	#61FA86	0.292308
41	ternary_regression_object	abductive_world_object	1	positive_shift	#DA91CE	1.309528
41	ternary_regression_object	fuzz_soundness_object	-1	negative_shift	#193722	0.797787
41	ternary_regression_object	nonriemannian_gate_object	1	positive_shift	#FF2982	0.663677
41	ternary_regression_object	exa_loop_object	-1	negative_shift	#B5C367	0.84589
41	ternary_regression_object	aqua_hygiene_object	0	same_trit_relabel	#8ABCBA	0.712539
41	ternary_regression_object	scip_catcolab_object	1	positive_shift	#9DEDD3	1.31803
42	nonriemannian_gate_object	color_space_object	1	positive_shift	#97C3A3	1.173913
42	nonriemannian_gate_object	trit_tick_object	-1	negative_shift	#B6BE47	1.053344
42	nonriemannian_gate_object	rng_determinism_object	0	same_trit_relabel	#C935D9	0.703143
42	nonriemannian_gate_object	parallel_invariance_object	1	positive_shift	#F81D33	0.606411
42	nonriemannian_gate_object	palette_interface_object	-1	negative_shift	#426AF6	1.080554
42	nonriemannian_gate_object	lisp_semantics_object	0	same_trit_relabel	#8C1B9C	0.526645
42	nonriemannian_gate_object	entropy_source_object	1	positive_shift	#E12B22	0.542541
42	nonriemannian_gate_object	propagator_cell_object	-1	negative_shift	#66D63D	0.860999
42	nonriemannian_gate_object	abductive_world_object	0	same_trit_relabel	#3ADCCD	0.675546
42	nonriemannian_gate_object	fuzz_soundness_object	1	positive_shift	#5BD497	0.890665
42	nonriemannian_gate_object	ternary_regression_object	-1	negative_shift	#1B36BA	1.274101
42	nonriemannian_gate_object	exa_loop_object	1	positive_shift	#8BA7DE	0.917397
42	nonriemannian_gate_object	aqua_hygiene_object	-1	negative_shift	#0DC9AB	1.044998
42	nonriemannian_gate_object	scip_catcolab_object	0	same_trit_relabel	#474ABA	0.73939
43	exa_loop_object	color_space_object	0	same_trit_relabel	#4E61B2	0.62385
43	exa_loop_object	trit_tick_object	1	positive_shift	#59499E	1.01519
43	exa_loop_object	rng_determinism_object	-1	negative_shift	#B8BAE8	1.351228
43	exa_loop_object	parallel_invariance_object	0	same_trit_relabel	#E6AB1F	0.773623
43	exa_loop_object	palette_interface_object	1	positive_shift	#F85D51	0.559088
43	exa_loop_object	lisp_semantics_object	-1	negative_shift	#FA0D91	0.856492
43	exa_loop_object	entropy_source_object	0	same_trit_relabel	#195C33	0.681564
43	exa_loop_object	propagator_cell_object	1	positive_shift	#C4095C	1.266263
43	exa_loop_object	abductive_world_object	-1	negative_shift	#AFAD63	0.860358
43	exa_loop_object	fuzz_soundness_object	0	same_trit_relabel	#A107E8	0.980925
43	exa_loop_object	ternary_regression_object	1	positive_shift	#AAB2ED	1.010551
43	exa_loop_object	nonriemannian_gate_object	-1	negative_shift	#8672C0	1.084915
43	exa_loop_object	aqua_hygiene_object	1	positive_shift	#A60E56	0.648745
43	exa_loop_object	scip_catcolab_object	-1	negative_shift	#E2F516	0.528665
44	aqua_hygiene_object	color_space_object	-1	negative_shift	#55EEDD	0.766378
44	aqua_hygiene_object	trit_tick_object	0	same_trit_relabel	#0AD52C	0.191516
44	aqua_hygiene_object	rng_determinism_object	1	positive_shift	#C8D00D	0.826672
44	aqua_hygiene_object	parallel_invariance_object	-1	negative_shift	#94D0DF	1.226986
44	aqua_hygiene_object	palette_interface_object	0	same_trit_relabel	#67021F	0.557429
44	aqua_hygiene_object	lisp_semantics_object	1	positive_shift	#E0B8B0	0.877994
44	aqua_hygiene_object	entropy_source_object	-1	negative_shift	#FFB10B	1.052992
44	aqua_hygiene_object	propagator_cell_object	0	same_trit_relabel	#D22BCE	0.587267
44	aqua_hygiene_object	abductive_world_object	1	positive_shift	#A6DA68	0.997481
44	aqua_hygiene_object	fuzz_soundness_object	-1	negative_shift	#739CB2	1.083133
44	aqua_hygiene_object	ternary_regression_object	0	same_trit_relabel	#26AA66	0.352047
44	aqua_hygiene_object	nonriemannian_gate_object	1	positive_shift	#0A34AE	0.615196
44	aqua_hygiene_object	exa_loop_object	-1	negative_shift	#E6FC64	0.522262
44	aqua_hygiene_object	scip_catcolab_object	1	positive_shift	#5FADE9	1.059152
45	scip_catcolab_object	color_space_object	1	positive_shift	#FD720D	0.850386
45	scip_catcolab_object	trit_tick_object	-1	negative_shift	#F2E38A	0.688858
45	scip_catcolab_object	rng_determinism_object	0	same_trit_relabel	#C2DA63	0.645453
45	scip_catcolab_object	parallel_invariance_object	1	positive_shift	#06DE39	1.558157
45	scip_catcolab_object	palette_interface_object	-1	negative_shift	#313BB5	1.109695
45	scip_catcolab_object	lisp_semantics_object	0	same_trit_relabel	#2EDC24	0.831909
45	scip_catcolab_object	entropy_source_object	1	positive_shift	#F57D2F	1.384321
45	scip_catcolab_object	propagator_cell_object	-1	negative_shift	#E8DFCE	1.171816
45	scip_catcolab_object	abductive_world_object	0	same_trit_relabel	#EE0D24	0.882327
45	scip_catcolab_object	fuzz_soundness_object	1	positive_shift	#92E739	1.346609
45	scip_catcolab_object	ternary_regression_object	-1	negative_shift	#E811DD	0.696518
45	scip_catcolab_object	nonriemannian_gate_object	0	same_trit_relabel	#6FE19C	0.547336
45	scip_catcolab_object	exa_loop_object	1	positive_shift	#7DFA55	0.809558
45	scip_catcolab_object	aqua_hygiene_object	-1	negative_shift	#FF057B	0.889505
46	color_space_object	trit_tick_object	1	positive_shift	#9CF010	1.096701
46	color_space_object	rng_determinism_object	-1	negative_shift	#DB3D9A	1.561411
46	color_space_object	parallel_invariance_object	0	same_trit_relabel	#0C1D2B	1.064278
46	color_space_object	palette_interface_object	1	positive_shift	#ADE4B7	1.14885
46	color_space_object	lisp_semantics_object	-1	negative_shift	#A7DFEB	1.378864
46	color_space_object	entropy_source_object	0	same_trit_relabel	#4EE237	1.067027
46	color_space_object	propagator_cell_object	1	positive_shift	#F107E8	1.62697
46	color_space_object	abductive_world_object	-1	negative_shift	#27A1C1	0.708515
46	color_space_object	fuzz_soundness_object	0	same_trit_relabel	#04B697	1.409213
46	color_space_object	ternary_regression_object	1	positive_shift	#4222BF	1.366054
46	color_space_object	nonriemannian_gate_object	-1	negative_shift	#B74A21	1.287258
46	color_space_object	exa_loop_object	0	same_trit_relabel	#E58AA1	0.688635
46	color_space_object	aqua_hygiene_object	1	positive_shift	#BF872D	0.83162
46	color_space_object	scip_catcolab_object	-1	negative_shift	#F14B46	0.9122
47	trit_tick_object	color_space_object	-1	negative_shift	#45C30C	1.176835
47	trit_tick_object	rng_determinism_object	1	positive_shift	#5E60A4	1.420429
47	trit_tick_object	parallel_invariance_object	-1	negative_shift	#D1FCC5	1.055254
47	trit_tick_object	palette_interface_object	0	same_trit_relabel	#67A609	0.188806
47	trit_tick_object	lisp_semantics_object	1	positive_shift	#12C21E	0.768097
47	trit_tick_object	entropy_source_object	-1	negative_shift	#088F46	0.95033
47	trit_tick_object	propagator_cell_object	0	same_trit_relabel	#FBD8FA	0.919497
47	trit_tick_object	abductive_world_object	1	positive_shift	#3CCD7E	1.041337
47	trit_tick_object	fuzz_soundness_object	-1	negative_shift	#12DB87	1.24545
47	trit_tick_object	ternary_regression_object	0	same_trit_relabel	#FAAD9C	0.748044
47	trit_tick_object	nonriemannian_gate_object	1	positive_shift	#93289E	1.178802
47	trit_tick_object	exa_loop_object	-1	negative_shift	#18AEAC	1.005674
47	trit_tick_object	aqua_hygiene_object	0	same_trit_relabel	#23CF36	0.527024
47	trit_tick_object	scip_catcolab_object	1	positive_shift	#62AEF8	0.619715
48	rng_determinism_object	color_space_object	1	positive_shift	#6E3239	1.352949
48	rng_determinism_object	trit_tick_object	-1	negative_shift	#28502C	1.29933
48	rng_determinism_object	parallel_invariance_object	1	positive_shift	#A1D1A3	0.369061
48	rng_determinism_object	palette_interface_object	-1	negative_shift	#C95C92	1.142508
48	rng_determinism_object	lisp_semantics_object	0	same_trit_relabel	#1B488A	0.64334
48	rng_determinism_object	entropy_source_object	1	positive_shift	#93EF2A	0.612509
48	rng_determinism_object	propagator_cell_object	-1	negative_shift	#DFE041	1.12192
48	rng_determinism_object	abductive_world_object	0	same_trit_relabel	#ACDF92	0.738391
48	rng_determinism_object	fuzz_soundness_object	1	positive_shift	#008EF4	1.086703
48	rng_determinism_object	ternary_regression_object	-1	negative_shift	#3D7AC1	1.481396
48	rng_determinism_object	nonriemannian_gate_object	0	same_trit_relabel	#BDBBB9	0.811499
48	rng_determinism_object	exa_loop_object	1	positive_shift	#22F4BE	1.136231
48	rng_determinism_object	aqua_hygiene_object	-1	negative_shift	#0F18C6	1.182649
48	rng_determinism_object	scip_catcolab_object	0	same_trit_relabel	#7E2840	0.712615
49	parallel_invariance_object	color_space_object	0	same_trit_relabel	#183485	0.804543
49	parallel_invariance_object	trit_tick_object	1	positive_shift	#3585FF	1.087958
49	parallel_invariance_object	rng_determinism_object	-1	negative_shift	#F943B1	1.304537
49	parallel_invariance_object	palette_interface_object	1	positive_shift	#438C06	0.40046
49	parallel_invariance_object	lisp_semantics_object	-1	negative_shift	#6F17F5	0.667381
49	parallel_invariance_object	entropy_source_object	0	same_trit_relabel	#3ABE88	0.613935
49	parallel_invariance_object	propagator_cell_object	1	positive_shift	#5589A7	1.144691
49	parallel_invariance_object	abductive_world_object	-1	negative_shift	#E1D87B	1.085662
49	parallel_invariance_object	fuzz_soundness_object	0	same_trit_relabel	#48C536	0.815432
49	parallel_invariance_object	ternary_regression_object	1	positive_shift	#EC6698	0.922052
49	parallel_invariance_object	nonriemannian_gate_object	-1	negative_shift	#117532	1.083594
49	parallel_invariance_object	exa_loop_object	0	same_trit_relabel	#23B7E4	0.599128
49	parallel_invariance_object	aqua_hygiene_object	1	positive_shift	#AD333D	0.822289
49	parallel_invariance_object	scip_catcolab_object	-1	negative_shift	#A8B724	0.736969
50	palette_interface_object	color_space_object	-1	negative_shift	#D3936A	1.212377
50	palette_interface_object	trit_tick_object	0	same_trit_relabel	#2648D4	0.642144
50	palette_interface_object	rng_determinism_object	1	positive_shift	#B3C177	0.716886
50	palette_interface_object	parallel_invariance_object	-1	negative_shift	#D83341	0.975777
50	palette_interface_object	lisp_semantics_object	1	positive_shift	#AD225A	0.954998
50	palette_interface_object	entropy_source_object	-1	negative_shift	#6C7673	0.828896
50	palette_interface_object	propagator_cell_object	0	same_trit_relabel	#C843C2	0.271864
50	palette_interface_object	abductive_world_object	1	positive_shift	#4E9A07	1.222224
50	palette_interface_object	fuzz_soundness_object	-1	negative_shift	#549B2D	0.7424
50	palette_interface_object	ternary_regression_object	0	same_trit_relabel	#B7BC48	0.852371
50	palette_interface_object	nonriemannian_gate_object	1	positive_shift	#1905E3	0.702419
50	palette_interface_object	exa_loop_object	-1	negative_shift	#CD9674	0.929579
50	palette_interface_object	aqua_hygiene_object	0	same_trit_relabel	#D99BB7	0.821248
50	palette_interface_object	scip_catcolab_object	1	positive_shift	#55DBDB	1.335476
51	lisp_semantics_object	color_space_object	1	positive_shift	#53871B	1.088111
51	lisp_semantics_object	trit_tick_object	-1	negative_shift	#5994B6	1.072952
51	lisp_semantics_object	rng_determinism_object	0	same_trit_relabel	#1D5BDC	0.880722
51	lisp_semantics_object	parallel_invariance_object	1	positive_shift	#9A9C7C	0.581169
51	lisp_semantics_object	palette_interface_object	-1	negative_shift	#A31D50	1.015472
51	lisp_semantics_object	entropy_source_object	1	positive_shift	#72947A	0.656357
51	lisp_semantics_object	propagator_cell_object	-1	negative_shift	#13D88C	1.085866
51	lisp_semantics_object	abductive_world_object	0	same_trit_relabel	#563E5B	0.474137
51	lisp_semantics_object	fuzz_soundness_object	1	positive_shift	#12ADD9	1.121588
51	lisp_semantics_object	ternary_regression_object	-1	negative_shift	#F131CD	1.324249
51	lisp_semantics_object	nonriemannian_gate_object	0	same_trit_relabel	#CF4016	0.640502
51	lisp_semantics_object	exa_loop_object	1	positive_shift	#DC7611	0.908228
51	lisp_semantics_object	aqua_hygiene_object	-1	negative_shift	#120E17	0.944268
51	lisp_semantics_object	scip_catcolab_object	0	same_trit_relabel	#0D4490	0.547814
52	entropy_source_object	color_space_object	0	same_trit_relabel	#94611E	0.528787
52	entropy_source_object	trit_tick_object	1	positive_shift	#F578D7	0.967234
52	entropy_source_object	rng_determinism_object	-1	negative_shift	#93CA49	1.267869
52	entropy_source_object	parallel_invariance_object	0	same_trit_relabel	#4BAC23	0.547982
52	entropy_source_object	palette_interface_object	1	positive_shift	#E269EC	1.009176
52	entropy_source_object	lisp_semantics_object	-1	negative_shift	#FBC32D	1.057179
52	entropy_source_object	propagator_cell_object	1	positive_shift	#40C7E0	1.243323
52	entropy_source_object	abductive_world_object	-1	negative_shift	#1A8B4C	0.50436
52	entropy_source_object	fuzz_soundness_object	0	same_trit_relabel	#49E2F9	0.996518
52	entropy_source_object	ternary_regression_object	1	positive_shift	#B7EFB4	1.292019
52	entropy_source_object	nonriemannian_gate_object	-1	negative_shift	#FDC3B6	0.99031
52	entropy_source_object	exa_loop_object	0	same_trit_relabel	#4D7766	0.48477
52	entropy_source_object	aqua_hygiene_object	1	positive_shift	#1B1492	0.77929
52	entropy_source_object	scip_catcolab_object	-1	negative_shift	#B84CCA	0.789248
53	propagator_cell_object	color_space_object	-1	negative_shift	#2CCC0E	0.765578
53	propagator_cell_object	trit_tick_object	0	same_trit_relabel	#4C71B2	0.115403
53	propagator_cell_object	rng_determinism_object	1	positive_shift	#4CF1EC	0.723938
53	propagator_cell_object	parallel_invariance_object	-1	negative_shift	#1BD999	1.275726
53	propagator_cell_object	palette_interface_object	0	same_trit_relabel	#72E22B	0.720097
53	propagator_cell_object	lisp_semantics_object	1	positive_shift	#98587C	1.001256
53	propagator_cell_object	entropy_source_object	-1	negative_shift	#8A9B5F	1.115625
53	propagator_cell_object	abductive_world_object	1	positive_shift	#4A2DFC	1.036301
53	propagator_cell_object	fuzz_soundness_object	-1	negative_shift	#A4C65D	1.112513
53	propagator_cell_object	ternary_regression_object	0	same_trit_relabel	#92C52D	0.470784
53	propagator_cell_object	nonriemannian_gate_object	1	positive_shift	#F5DC5D	0.549874
53	propagator_cell_object	exa_loop_object	-1	negative_shift	#25088D	0.576407
53	propagator_cell_object	aqua_hygiene_object	0	same_trit_relabel	#ABEE57	0.467621
53	propagator_cell_object	scip_catcolab_object	1	positive_shift	#35AF80	1.186858
54	abductive_world_object	color_space_object	1	positive_shift	#E5556B	1.179429
54	abductive_world_object	trit_tick_object	-1	negative_shift	#CB57CB	0.880684
54	abductive_world_object	rng_determinism_object	0	same_trit_relabel	#F01A08	0.303915
54	abductive_world_object	parallel_invariance_object	1	positive_shift	#665D04	1.237967
54	abductive_world_object	palette_interface_object	-1	negative_shift	#0FAD39	1.081983
54	abductive_world_object	lisp_semantics_object	0	same_trit_relabel	#747B12	0.511069
54	abductive_world_object	entropy_source_object	1	positive_shift	#D966BB	1.010994
54	abductive_world_object	propagator_cell_object	-1	negative_shift	#351AF9	0.572581
54	abductive_world_object	fuzz_soundness_object	1	positive_shift	#7B7854	0.741195
54	abductive_world_object	ternary_regression_object	-1	negative_shift	#9B82F4	0.820193
54	abductive_world_object	nonriemannian_gate_object	0	same_trit_relabel	#38EDB9	0.350361
54	abductive_world_object	exa_loop_object	1	positive_shift	#AC589E	0.877189
54	abductive_world_object	aqua_hygiene_object	-1	negative_shift	#4020C8	1.077543
54	abductive_world_object	scip_catcolab_object	0	same_trit_relabel	#1EFB43	0.996526
55	fuzz_soundness_object	color_space_object	0	same_trit_relabel	#CBA7FC	0.799413
55	fuzz_soundness_object	trit_tick_object	1	positive_shift	#A565B3	1.081603
55	fuzz_soundness_object	rng_determinism_object	-1	negative_shift	#BFBE91	1.324094
55	fuzz_soundness_object	parallel_invariance_object	0	same_trit_relabel	#9EA32D	0.936171
55	fuzz_soundness_object	palette_interface_object	1	positive_shift	#444F42	0.497197
55	fuzz_soundness_object	lisp_semantics_object	-1	negative_shift	#66B804	0.777372
55	fuzz_soundness_object	entropy_source_object	0	same_trit_relabel	#04F74B	0.767646
55	fuzz_soundness_object	propagator_cell_object	1	positive_shift	#2FD11D	1.206523
55	fuzz_soundness_object	abductive_world_object	-1	negative_shift	#F18A0D	1.161565
55	fuzz_soundness_object	ternary_regression_object	1	positive_shift	#DB6E5C	0.822477
55	fuzz_soundness_object	nonriemannian_gate_object	-1	negative_shift	#968B30	1.119556
55	fuzz_soundness_object	exa_loop_object	0	same_trit_relabel	#14FA56	0.624601
55	fuzz_soundness_object	aqua_hygiene_object	1	positive_shift	#C3C71C	0.833898
55	fuzz_soundness_object	scip_catcolab_object	-1	negative_shift	#C362AB	0.8414
56	ternary_regression_object	color_space_object	-1	negative_shift	#6F0CDE	1.158253
56	ternary_regression_object	trit_tick_object	0	same_trit_relabel	#792455	0.644928
56	ternary_regression_object	rng_determinism_object	1	positive_shift	#1CDCB6	0.921869
56	ternary_regression_object	parallel_invariance_object	-1	negative_shift	#9C6E49	0.763689
56	ternary_regression_object	palette_interface_object	0	same_trit_relabel	#AF27D7	0.617569
56	ternary_regression_object	lisp_semantics_object	1	positive_shift	#1D1B9A	0.665002
56	ternary_regression_object	entropy_source_object	-1	negative_shift	#1C3ED2	0.541878
56	ternary_regression_object	propagator_cell_object	0	same_trit_relabel	#8E274A	0.349988
56	ternary_regression_object	abductive_world_object	1	positive_shift	#B3F579	1.083461
56	ternary_regression_object	fuzz_soundness_object	-1	negative_shift	#08ED15	0.709681
56	ternary_regression_object	nonriemannian_gate_object	1	positive_shift	#33A85A	0.763438
56	ternary_regression_object	exa_loop_object	-1	negative_shift	#CF48E5	0.846894
56	ternary_regression_object	aqua_hygiene_object	0	same_trit_relabel	#7EB213	0.654056
56	ternary_regression_object	scip_catcolab_object	1	positive_shift	#68E605	1.059798
57	nonriemannian_gate_object	color_space_object	1	positive_shift	#AC0B96	0.788607
57	nonriemannian_gate_object	trit_tick_object	-1	negative_shift	#DB3F47	0.495071
57	nonriemannian_gate_object	rng_determinism_object	0	same_trit_relabel	#DDB5B5	0.342773
57	nonriemannian_gate_object	parallel_invariance_object	1	positive_shift	#0DA701	1.23992
57	nonriemannian_gate_object	palette_interface_object	-1	negative_shift	#6EB3E5	1.1194
57	nonriemannian_gate_object	lisp_semantics_object	0	same_trit_relabel	#BAF464	0.702804
57	nonriemannian_gate_object	entropy_source_object	1	positive_shift	#1778FA	1.094754
57	nonriemannian_gate_object	propagator_cell_object	-1	negative_shift	#28AC44	0.896812
57	nonriemannian_gate_object	abductive_world_object	0	same_trit_relabel	#3B5332	0.693641
57	nonriemannian_gate_object	fuzz_soundness_object	1	positive_shift	#9424EF	1.099486
57	nonriemannian_gate_object	ternary_regression_object	-1	negative_shift	#98587C	0.90895
57	nonriemannian_gate_object	exa_loop_object	1	positive_shift	#F4A027	0.605847
57	nonriemannian_gate_object	aqua_hygiene_object	-1	negative_shift	#D85FDD	0.854268
57	nonriemannian_gate_object	scip_catcolab_object	0	same_trit_relabel	#2E4194	0.889721
58	exa_loop_object	color_space_object	0	same_trit_relabel	#CE2D77	0.898998
58	exa_loop_object	trit_tick_object	1	positive_shift	#C08B58	1.253073
58	exa_loop_object	rng_determinism_object	-1	negative_shift	#210826	1.531121
58	exa_loop_object	parallel_invariance_object	0	same_trit_relabel	#6EADBE	0.93009
58	exa_loop_object	palette_interface_object	1	positive_shift	#DDD75D	0.582592
58	exa_loop_object	lisp_semantics_object	-1	negative_shift	#C357FA	0.908682
58	exa_loop_object	entropy_source_object	0	same_trit_relabel	#7637E0	0.81693
58	exa_loop_object	propagator_cell_object	1	positive_shift	#1B1DE9	1.389838
58	exa_loop_object	abductive_world_object	-1	negative_shift	#947F14	1.155265
58	exa_loop_object	fuzz_soundness_object	0	same_trit_relabel	#6B1956	1.057006
58	exa_loop_object	ternary_regression_object	1	positive_shift	#11F818	1.075557
58	exa_loop_object	nonriemannian_gate_object	-1	negative_shift	#DAC38F	1.297792
58	exa_loop_object	aqua_hygiene_object	1	positive_shift	#A837F3	0.921895
58	exa_loop_object	scip_catcolab_object	-1	negative_shift	#3CBEC3	0.727388
59	aqua_hygiene_object	color_space_object	-1	negative_shift	#EABD7D	1.303587
59	aqua_hygiene_object	trit_tick_object	0	same_trit_relabel	#C626F3	0.973316
59	aqua_hygiene_object	rng_determinism_object	1	positive_shift	#D53FF0	1.479049
59	aqua_hygiene_object	parallel_invariance_object	-1	negative_shift	#831BE8	0.764777
59	aqua_hygiene_object	palette_interface_object	0	same_trit_relabel	#838DC1	0.514354
59	aqua_hygiene_object	lisp_semantics_object	1	positive_shift	#A2D114	0.863166
59	aqua_hygiene_object	entropy_source_object	-1	negative_shift	#4EB5B8	0.776644
59	aqua_hygiene_object	propagator_cell_object	0	same_trit_relabel	#E549A8	0.931238
59	aqua_hygiene_object	abductive_world_object	1	positive_shift	#8C673F	1.025554
59	aqua_hygiene_object	fuzz_soundness_object	-1	negative_shift	#C01A28	1.223218
59	aqua_hygiene_object	ternary_regression_object	0	same_trit_relabel	#66EF19	1.01611
59	aqua_hygiene_object	nonriemannian_gate_object	1	positive_shift	#558407	1.238817
59	aqua_hygiene_object	exa_loop_object	-1	negative_shift	#25A15D	1.117422
59	aqua_hygiene_object	scip_catcolab_object	1	positive_shift	#86AF56	0.723248
60	scip_catcolab_object	color_space_object	1	positive_shift	#A36667	0.964279
60	scip_catcolab_object	trit_tick_object	-1	negative_shift	#C822D5	0.772986
60	scip_catcolab_object	rng_determinism_object	0	same_trit_relabel	#4C71B2	0.574292
60	scip_catcolab_object	parallel_invariance_object	1	positive_shift	#3D3B15	1.086336
60	scip_catcolab_object	palette_interface_object	-1	negative_shift	#95703E	0.712511
60	scip_catcolab_object	lisp_semantics_object	0	same_trit_relabel	#EE610D	0.282734
60	scip_catcolab_object	entropy_source_object	1	positive_shift	#B4007D	0.876679
60	scip_catcolab_object	propagator_cell_object	-1	negative_shift	#1DB854	0.81907
60	scip_catcolab_object	abductive_world_object	0	same_trit_relabel	#1054BF	0.7189
60	scip_catcolab_object	fuzz_soundness_object	1	positive_shift	#D78BFA	0.913156
60	scip_catcolab_object	ternary_regression_object	-1	negative_shift	#A3A702	0.693499
60	scip_catcolab_object	nonriemannian_gate_object	0	same_trit_relabel	#042673	0.377001
60	scip_catcolab_object	exa_loop_object	1	positive_shift	#BB5437	0.661459
60	scip_catcolab_object	aqua_hygiene_object	-1	negative_shift	#E5040C	0.749315
61	color_space_object	trit_tick_object	1	positive_shift	#0BE4DB	0.64137
61	color_space_object	rng_determinism_object	-1	negative_shift	#DEA54D	1.090298
61	color_space_object	parallel_invariance_object	0	same_trit_relabel	#E6AC52	1.181499
61	color_space_object	palette_interface_object	1	positive_shift	#0F45E6	1.169796
61	color_space_object	lisp_semantics_object	-1	negative_shift	#F68DFF	1.270424
61	color_space_object	entropy_source_object	0	same_trit_relabel	#5F6CCA	1.064733
61	color_space_object	propagator_cell_object	1	positive_shift	#03E516	1.303547
61	color_space_object	abductive_world_object	-1	negative_shift	#6B8FFF	1.012671
61	color_space_object	fuzz_soundness_object	0	same_trit_relabel	#61FCF5	1.153541
61	color_space_object	ternary_regression_object	1	positive_shift	#A78D23	0.956776
61	color_space_object	nonriemannian_gate_object	-1	negative_shift	#ABA041	0.919119
61	color_space_object	exa_loop_object	0	same_trit_relabel	#D8F3BE	0.429622
61	color_space_object	aqua_hygiene_object	1	positive_shift	#2BA7CD	0.801448
61	color_space_object	scip_catcolab_object	-1	negative_shift	#D9F6FF	1.221004
62	trit_tick_object	color_space_object	-1	negative_shift	#A1FE23	1.282847
62	trit_tick_object	rng_determinism_object	1	positive_shift	#B1EAEF	1.55168
62	trit_tick_object	parallel_invariance_object	-1	negative_shift	#B3B0F0	0.916435
62	trit_tick_object	palette_interface_object	0	same_trit_relabel	#97B476	0.46218
62	trit_tick_object	lisp_semantics_object	1	positive_shift	#8E2531	0.920116
62	trit_tick_object	entropy_source_object	-1	negative_shift	#16A32D	0.915075
62	trit_tick_object	propagator_cell_object	0	same_trit_relabel	#407F57	1.029193
62	trit_tick_object	abductive_world_object	1	positive_shift	#7ED1AB	1.013304
62	trit_tick_object	fuzz_soundness_object	-1	negative_shift	#B5696B	1.335154
62	trit_tick_object	ternary_regression_object	0	same_trit_relabel	#DAB1F5	1.00386
62	trit_tick_object	nonriemannian_gate_object	1	positive_shift	#EFD2EE	1.297409
62	trit_tick_object	exa_loop_object	-1	negative_shift	#012EBF	1.134505
62	trit_tick_object	aqua_hygiene_object	0	same_trit_relabel	#7F48AE	0.668038
62	trit_tick_object	scip_catcolab_object	1	positive_shift	#866DB9	0.620948
63	rng_determinism_object	color_space_object	1	positive_shift	#405449	0.709436
63	rng_determinism_object	trit_tick_object	-1	negative_shift	#03F827	0.870817
63	rng_determinism_object	parallel_invariance_object	1	positive_shift	#9FAED7	1.043321
63	rng_determinism_object	palette_interface_object	-1	negative_shift	#4F64B0	0.911402
63	rng_determinism_object	lisp_semantics_object	0	same_trit_relabel	#38E061	0.710919
63	rng_determinism_object	entropy_source_object	1	positive_shift	#6541F7	1.024698
63	rng_determinism_object	propagator_cell_object	-1	negative_shift	#541D2D	1.271777
63	rng_determinism_object	abductive_world_object	0	same_trit_relabel	#ED910D	0.134253
63	rng_determinism_object	fuzz_soundness_object	1	positive_shift	#F9DA99	1.375445
63	rng_determinism_object	ternary_regression_object	-1	negative_shift	#00C66E	1.16316
63	rng_determinism_object	nonriemannian_gate_object	0	same_trit_relabel	#D178D4	0.639757
63	rng_determinism_object	exa_loop_object	1	positive_shift	#0CCF8C	0.730033
63	rng_determinism_object	aqua_hygiene_object	-1	negative_shift	#6EC772	0.602354
63	rng_determinism_object	scip_catcolab_object	0	same_trit_relabel	#866DCD	0.384114
64	parallel_invariance_object	color_space_object	0	same_trit_relabel	#846D78	0.781072
64	parallel_invariance_object	trit_tick_object	1	positive_shift	#484279	0.974423
64	parallel_invariance_object	rng_determinism_object	-1	negative_shift	#2DB1BE	0.8991
64	parallel_invariance_object	palette_interface_object	1	positive_shift	#290CC8	1.312635
64	parallel_invariance_object	lisp_semantics_object	-1	negative_shift	#0E14C6	1.11941
64	parallel_invariance_object	entropy_source_object	0	same_trit_relabel	#C9D1B9	0.562865
64	parallel_invariance_object	propagator_cell_object	1	positive_shift	#2BB197	0.91407
64	parallel_invariance_object	abductive_world_object	-1	negative_shift	#F49E85	1.054305
64	parallel_invariance_object	fuzz_soundness_object	0	same_trit_relabel	#55EFE5	0.70733
64	parallel_invariance_object	ternary_regression_object	1	positive_shift	#5838CA	1.343889
64	parallel_invariance_object	nonriemannian_gate_object	-1	negative_shift	#E310D1	0.787796
64	parallel_invariance_object	exa_loop_object	0	same_trit_relabel	#EF2E51	0.591065
64	parallel_invariance_object	aqua_hygiene_object	1	positive_shift	#3B0EC0	1.127177
64	parallel_invariance_object	scip_catcolab_object	-1	negative_shift	#232B19	1.298023
65	palette_interface_object	color_space_object	-1	negative_shift	#D0A5D2	1.386521
65	palette_interface_object	trit_tick_object	0	same_trit_relabel	#D9F236	0.816261
65	palette_interface_object	rng_determinism_object	1	positive_shift	#161125	0.913195
65	palette_interface_object	parallel_invariance_object	-1	negative_shift	#4566C2	0.956505
65	palette_interface_object	lisp_semantics_object	1	positive_shift	#1C0818	0.784808
65	palette_interface_object	entropy_source_object	-1	negative_shift	#402554	0.742738
65	palette_interface_object	propagator_cell_object	0	same_trit_relabel	#6B8BEE	0.222322
65	palette_interface_object	abductive_world_object	1	positive_shift	#6E3EEF	1.361158
65	palette_interface_object	fuzz_soundness_object	-1	negative_shift	#8C3716	0.444321
65	palette_interface_object	ternary_regression_object	0	same_trit_relabel	#2E08DE	0.825441
65	palette_interface_object	nonriemannian_gate_object	1	positive_shift	#E8213A	0.892814
65	palette_interface_object	exa_loop_object	-1	negative_shift	#6F4B91	1.060898
65	palette_interface_object	aqua_hygiene_object	0	same_trit_relabel	#DD7EB3	0.894444
65	palette_interface_object	scip_catcolab_object	1	positive_shift	#0ADA7D	1.314023
66	lisp_semantics_object	color_space_object	1	positive_shift	#C420BE	0.81088
66	lisp_semantics_object	trit_tick_object	-1	negative_shift	#B18BB7	0.929541
66	lisp_semantics_object	rng_determinism_object	0	same_trit_relabel	#FE8D87	0.893042
66	lisp_semantics_object	parallel_invariance_object	1	positive_shift	#2EF585	1.005411
66	lisp_semantics_object	palette_interface_object	-1	negative_shift	#FDCD9F	1.17668
66	lisp_semantics_object	entropy_source_object	1	positive_shift	#62D9E8	1.046196
66	lisp_semantics_object	propagator_cell_object	-1	negative_shift	#349C98	1.275759
66	lisp_semantics_object	abductive_world_object	0	same_trit_relabel	#A70448	0.230707
66	lisp_semantics_object	fuzz_soundness_object	1	positive_shift	#F4F0A8	1.396693
66	lisp_semantics_object	ternary_regression_object	-1	negative_shift	#2EA7D1	1.353348
66	lisp_semantics_object	nonriemannian_gate_object	0	same_trit_relabel	#B90D70	0.637674
66	lisp_semantics_object	exa_loop_object	1	positive_shift	#6D5158	0.835325
66	lisp_semantics_object	aqua_hygiene_object	-1	negative_shift	#E78DE6	0.863384
66	lisp_semantics_object	scip_catcolab_object	0	same_trit_relabel	#97D76A	0.657059
67	entropy_source_object	color_space_object	0	same_trit_relabel	#E71F2D	0.400615
67	entropy_source_object	trit_tick_object	1	positive_shift	#AAB8C0	0.488372
67	entropy_source_object	rng_determinism_object	-1	negative_shift	#684A81	0.840567
67	entropy_source_object	parallel_invariance_object	0	same_trit_relabel	#8CB22B	0.96012
67	entropy_source_object	palette_interface_object	1	positive_shift	#76B908	0.94867
67	entropy_source_object	lisp_semantics_object	-1	negative_shift	#CC5D96	0.955937
67	entropy_source_object	propagator_cell_object	1	positive_shift	#68751E	0.977713
67	entropy_source_object	abductive_world_object	-1	negative_shift	#9205AC	1.014762
67	entropy_source_object	fuzz_soundness_object	0	same_trit_relabel	#361388	0.816242
67	entropy_source_object	ternary_regression_object	1	positive_shift	#59ADF3	0.698461
67	entropy_source_object	nonriemannian_gate_object	-1	negative_shift	#1DA2B7	0.6495
67	entropy_source_object	exa_loop_object	0	same_trit_relabel	#0F4655	0.221108
67	entropy_source_object	aqua_hygiene_object	1	positive_shift	#268BF6	0.709681
67	entropy_source_object	scip_catcolab_object	-1	negative_shift	#AEA057	1.104976
68	propagator_cell_object	color_space_object	-1	negative_shift	#4264F6	1.2145
68	propagator_cell_object	trit_tick_object	0	same_trit_relabel	#E1DAD8	0.933712
68	propagator_cell_object	rng_determinism_object	1	positive_shift	#BE7273	1.552159
68	propagator_cell_object	parallel_invariance_object	-1	negative_shift	#D1BD93	1.124218
68	propagator_cell_object	palette_interface_object	0	same_trit_relabel	#688249	0.315631
68	propagator_cell_object	lisp_semantics_object	1	positive_shift	#DAF417	0.9232
68	propagator_cell_object	entropy_source_object	-1	negative_shift	#DC4FD0	1.061373
68	propagator_cell_object	abductive_world_object	1	positive_shift	#4EDCA5	1.039967
68	propagator_cell_object	fuzz_soundness_object	-1	negative_shift	#9D0471	1.396404
68	propagator_cell_object	ternary_regression_object	0	same_trit_relabel	#ECEF3D	0.865806
68	propagator_cell_object	nonriemannian_gate_object	1	positive_shift	#858DFE	1.296899
68	propagator_cell_object	exa_loop_object	-1	negative_shift	#6A08DA	1.096036
68	propagator_cell_object	aqua_hygiene_object	0	same_trit_relabel	#5009B3	0.577137
68	propagator_cell_object	scip_catcolab_object	1	positive_shift	#C5708B	0.571583
69	abductive_world_object	color_space_object	1	positive_shift	#49C7E7	1.012603
69	abductive_world_object	trit_tick_object	-1	negative_shift	#EF5036	0.945952
69	abductive_world_object	rng_determinism_object	0	same_trit_relabel	#EF2394	0.680288
69	abductive_world_object	parallel_invariance_object	1	positive_shift	#14C4B1	0.84616
69	abductive_world_object	palette_interface_object	-1	negative_shift	#B5BA63	1.225643
69	abductive_world_object	lisp_semantics_object	0	same_trit_relabel	#F5CAC4	0.758527
69	abductive_world_object	entropy_source_object	1	positive_shift	#DA7C43	0.857622
69	abductive_world_object	propagator_cell_object	-1	negative_shift	#88FEEB	1.015495
69	abductive_world_object	fuzz_soundness_object	1	positive_shift	#3E9BF5	1.129054
69	abductive_world_object	ternary_regression_object	-1	negative_shift	#8627EB	1.336841
69	abductive_world_object	nonriemannian_gate_object	0	same_trit_relabel	#D38E58	0.4896
69	abductive_world_object	exa_loop_object	1	positive_shift	#6647B0	0.86046
69	abductive_world_object	aqua_hygiene_object	-1	negative_shift	#48B17C	1.015066
69	abductive_world_object	scip_catcolab_object	0	same_trit_relabel	#028205	0.816977
70	fuzz_soundness_object	color_space_object	0	same_trit_relabel	#72130E	0.315802
70	fuzz_soundness_object	trit_tick_object	1	positive_shift	#7BDEA6	0.738718
70	fuzz_soundness_object	rng_determinism_object	-1	negative_shift	#D26B6B	1.125461
70	fuzz_soundness_object	parallel_invariance_object	0	same_trit_relabel	#CD9933	0.701829
70	fuzz_soundness_object	palette_interface_object	1	positive_shift	#7F1673	0.853736
70	fuzz_soundness_object	lisp_semantics_object	-1	negative_shift	#E4D041	0.951015
70	fuzz_soundness_object	entropy_source_object	0	same_trit_relabel	#CA74E3	0.636769
70	fuzz_soundness_object	propagator_cell_object	1	positive_shift	#494806	1.147066
70	fuzz_soundness_object	abductive_world_object	-1	negative_shift	#81B991	0.586419
70	fuzz_soundness_object	ternary_regression_object	1	positive_shift	#4CF6BC	1.034494
70	fuzz_soundness_object	nonriemannian_gate_object	-1	negative_shift	#A46C82	0.837632
70	fuzz_soundness_object	exa_loop_object	0	same_trit_relabel	#3DD19D	0.252873
70	fuzz_soundness_object	aqua_hygiene_object	1	positive_shift	#3F36FE	0.509542
70	fuzz_soundness_object	scip_catcolab_object	-1	negative_shift	#435A60	0.764688
71	ternary_regression_object	color_space_object	-1	negative_shift	#B4C895	1.39159
71	ternary_regression_object	trit_tick_object	0	same_trit_relabel	#1565AE	1.030686
71	ternary_regression_object	rng_determinism_object	1	positive_shift	#A5F19B	1.460714
71	ternary_regression_object	parallel_invariance_object	-1	negative_shift	#B89DAF	0.591502
71	ternary_regression_object	palette_interface_object	0	same_trit_relabel	#D0DA35	0.6834
71	ternary_regression_object	lisp_semantics_object	1	positive_shift	#0EF149	0.920077
71	ternary_regression_object	entropy_source_object	-1	negative_shift	#558092	0.683409
71	ternary_regression_object	propagator_cell_object	0	same_trit_relabel	#2E2E02	0.887818
71	ternary_regression_object	abductive_world_object	1	positive_shift	#601CD8	1.096922
71	ternary_regression_object	fuzz_soundness_object	-1	negative_shift	#F843C7	1.160487
71	ternary_regression_object	nonriemannian_gate_object	1	positive_shift	#9DCA25	1.245787
71	ternary_regression_object	exa_loop_object	-1	negative_shift	#4ED7A0	1.181309
71	ternary_regression_object	aqua_hygiene_object	0	same_trit_relabel	#A7DCC3	0.826177
71	ternary_regression_object	scip_catcolab_object	1	positive_shift	#446969	0.911708
72	nonriemannian_gate_object	color_space_object	1	positive_shift	#8BA6FF	1.294278
72	nonriemannian_gate_object	trit_tick_object	-1	negative_shift	#702642	1.019888
72	nonriemannian_gate_object	rng_determinism_object	0	same_trit_relabel	#FD2982	0.404758
72	nonriemannian_gate_object	parallel_invariance_object	1	positive_shift	#722A41	1.099646
72	nonriemannian_gate_object	palette_interface_object	-1	negative_shift	#3D75AB	1.119077
72	nonriemannian_gate_object	lisp_semantics_object	0	same_trit_relabel	#D6901D	0.468574
72	nonriemannian_gate_object	entropy_source_object	1	positive_shift	#CC3DD3	0.873742
72	nonriemannian_gate_object	propagator_cell_object	-1	negative_shift	#ACD9E8	0.391102
72	nonriemannian_gate_object	abductive_world_object	0	same_trit_relabel	#DF17A8	1.021183
72	nonriemannian_gate_object	fuzz_soundness_object	1	positive_shift	#D0F5AB	0.52569
72	nonriemannian_gate_object	ternary_regression_object	-1	negative_shift	#714702	1.004964
72	nonriemannian_gate_object	exa_loop_object	1	positive_shift	#AA7915	0.970827
72	nonriemannian_gate_object	aqua_hygiene_object	-1	negative_shift	#9DF26C	1.164882
72	nonriemannian_gate_object	scip_catcolab_object	0	same_trit_relabel	#156EA2	1.004006
73	exa_loop_object	color_space_object	0	same_trit_relabel	#DD4FD2	0.509291
73	exa_loop_object	trit_tick_object	1	positive_shift	#C07A2E	0.992495
73	exa_loop_object	rng_determinism_object	-1	negative_shift	#009A8F	1.412912
73	exa_loop_object	parallel_invariance_object	0	same_trit_relabel	#96CB8F	0.937722
73	exa_loop_object	palette_interface_object	1	positive_shift	#DE9CA4	0.756154
73	exa_loop_object	lisp_semantics_object	-1	negative_shift	#1D1D82	1.053771
73	exa_loop_object	entropy_source_object	0	same_trit_relabel	#1DF94B	0.864606
73	exa_loop_object	propagator_cell_object	1	positive_shift	#800A25	1.402031
73	exa_loop_object	abductive_world_object	-1	negative_shift	#26A7FD	0.814873
73	exa_loop_object	fuzz_soundness_object	0	same_trit_relabel	#F6082E	1.15164
73	exa_loop_object	ternary_regression_object	1	positive_shift	#17113E	1.052629
73	exa_loop_object	nonriemannian_gate_object	-1	negative_shift	#42F3C8	1.141957
73	exa_loop_object	aqua_hygiene_object	1	positive_shift	#36A851	0.611627
73	exa_loop_object	scip_catcolab_object	-1	negative_shift	#10E9CF	0.656809
74	aqua_hygiene_object	color_space_object	-1	negative_shift	#12A62C	0.879939
74	aqua_hygiene_object	trit_tick_object	0	same_trit_relabel	#639C60	0.332271
74	aqua_hygiene_object	rng_determinism_object	1	positive_shift	#661CD8	0.699155
74	aqua_hygiene_object	parallel_invariance_object	-1	negative_shift	#AC2750	1.299425
74	aqua_hygiene_object	palette_interface_object	0	same_trit_relabel	#BFF449	0.976345
74	aqua_hygiene_object	lisp_semantics_object	1	positive_shift	#AA1465	1.203303
74	aqua_hygiene_object	entropy_source_object	-1	negative_shift	#5FBF22	1.18792
74	aqua_hygiene_object	propagator_cell_object	0	same_trit_relabel	#836854	0.645905
74	aqua_hygiene_object	abductive_world_object	1	positive_shift	#A434AD	1.095471
74	aqua_hygiene_object	fuzz_soundness_object	-1	negative_shift	#83561E	1.189449
74	aqua_hygiene_object	ternary_regression_object	0	same_trit_relabel	#F1EC2D	0.776362
74	aqua_hygiene_object	nonriemannian_gate_object	1	positive_shift	#D85FDD	0.635167
74	aqua_hygiene_object	exa_loop_object	-1	negative_shift	#5F8336	0.775533
74	aqua_hygiene_object	scip_catcolab_object	1	positive_shift	#E539E1	1.370661
75	scip_catcolab_object	color_space_object	1	positive_shift	#B3A649	0.64816
75	scip_catcolab_object	trit_tick_object	-1	negative_shift	#63DE7C	0.693307
75	scip_catcolab_object	rng_determinism_object	0	same_trit_relabel	#3CF1CC	0.812238
75	scip_catcolab_object	parallel_invariance_object	1	positive_shift	#0289A7	1.463147
75	scip_catcolab_object	palette_interface_object	-1	negative_shift	#F5AFE9	0.983226
75	scip_catcolab_object	lisp_semantics_object	0	same_trit_relabel	#CDA28E	0.809488
75	scip_catcolab_object	entropy_source_object	1	positive_shift	#1943E5	1.330276
75	scip_catcolab_object	propagator_cell_object	-1	negative_shift	#429F57	1.281745
75	scip_catcolab_object	abductive_world_object	0	same_trit_relabel	#D2B73F	0.658321
75	scip_catcolab_object	fuzz_soundness_object	1	positive_shift	#70C5FD	1.436222
75	scip_catcolab_object	ternary_regression_object	-1	negative_shift	#C3C4B5	0.81869
75	scip_catcolab_object	nonriemannian_gate_object	0	same_trit_relabel	#4F43C0	0.610469
75	scip_catcolab_object	exa_loop_object	1	positive_shift	#08641B	0.732063
75	scip_catcolab_object	aqua_hygiene_object	-1	negative_shift	#384ECE	0.67442
76	color_space_object	trit_tick_object	1	positive_shift	#2764AA	0.773423
76	color_space_object	rng_determinism_object	-1	negative_shift	#9E6D48	1.236036
76	color_space_object	parallel_invariance_object	0	same_trit_relabel	#C10875	0.953409
76	color_space_object	palette_interface_object	1	positive_shift	#72C5CE	0.857006
76	color_space_object	lisp_semantics_object	-1	negative_shift	#E1C1E2	1.065575
76	color_space_object	entropy_source_object	0	same_trit_relabel	#FD795C	0.862353
76	color_space_object	propagator_cell_object	1	positive_shift	#F8C550	1.299099
76	color_space_object	abductive_world_object	-1	negative_shift	#B0F984	0.761862
76	color_space_object	fuzz_soundness_object	0	same_trit_relabel	#B23549	1.091056
76	color_space_object	ternary_regression_object	1	positive_shift	#D25B4F	0.955344
76	color_space_object	nonriemannian_gate_object	-1	negative_shift	#11181F	0.973703
76	color_space_object	exa_loop_object	0	same_trit_relabel	#5653DA	0.363375
76	color_space_object	aqua_hygiene_object	1	positive_shift	#1AA81B	0.483228
76	color_space_object	scip_catcolab_object	-1	negative_shift	#9C3AFA	0.828151
77	trit_tick_object	color_space_object	-1	negative_shift	#E0441C	1.328238
77	trit_tick_object	rng_determinism_object	1	positive_shift	#5446D3	1.173373
77	trit_tick_object	parallel_invariance_object	-1	negative_shift	#C2DD6D	0.577418
77	trit_tick_object	palette_interface_object	0	same_trit_relabel	#9D121D	0.68367
77	trit_tick_object	lisp_semantics_object	1	positive_shift	#AAFBCE	0.758638
77	trit_tick_object	entropy_source_object	-1	negative_shift	#877FD2	0.414179
77	trit_tick_object	propagator_cell_object	0	same_trit_relabel	#83E450	0.566555
77	trit_tick_object	abductive_world_object	1	positive_shift	#B9D370	1.144994
77	trit_tick_object	fuzz_soundness_object	-1	negative_shift	#10FF1F	0.83583
77	trit_tick_object	ternary_regression_object	0	same_trit_relabel	#6169A1	0.959791
77	trit_tick_object	nonriemannian_gate_object	1	positive_shift	#874427	1.012614
77	trit_tick_object	exa_loop_object	-1	negative_shift	#CB57CB	1.047823
77	trit_tick_object	aqua_hygiene_object	0	same_trit_relabel	#F91A87	0.793224
77	trit_tick_object	scip_catcolab_object	1	positive_shift	#14F896	1.054028
78	rng_determinism_object	color_space_object	1	positive_shift	#3AE489	1.549532
78	rng_determinism_object	trit_tick_object	-1	negative_shift	#CA9BC9	1.32174
78	rng_determinism_object	parallel_invariance_object	1	positive_shift	#176A53	1.0079
78	rng_determinism_object	palette_interface_object	-1	negative_shift	#99AA26	1.199299
78	rng_determinism_object	lisp_semantics_object	0	same_trit_relabel	#E958AD	0.507218
78	rng_determinism_object	entropy_source_object	1	positive_shift	#C7FB0E	0.809089
78	rng_determinism_object	propagator_cell_object	-1	negative_shift	#2C70B5	0.72014
78	rng_determinism_object	abductive_world_object	0	same_trit_relabel	#0AB01A	1.16357
78	rng_determinism_object	fuzz_soundness_object	1	positive_shift	#3F6F43	0.509847
78	rng_determinism_object	ternary_regression_object	-1	negative_shift	#559CEA	1.267819
78	rng_determinism_object	nonriemannian_gate_object	0	same_trit_relabel	#B22733	0.74101
78	rng_determinism_object	exa_loop_object	1	positive_shift	#AA7D5F	1.221843
78	rng_determinism_object	aqua_hygiene_object	-1	negative_shift	#FDA3AE	1.361794
78	rng_determinism_object	scip_catcolab_object	0	same_trit_relabel	#A80F4B	1.05713
79	parallel_invariance_object	color_space_object	0	same_trit_relabel	#07E2DF	0.831558
79	parallel_invariance_object	trit_tick_object	1	positive_shift	#CAA089	1.12151
79	parallel_invariance_object	rng_determinism_object	-1	negative_shift	#ACB60D	1.331617
79	parallel_invariance_object	palette_interface_object	1	positive_shift	#AEDE0B	0.442364
79	parallel_invariance_object	lisp_semantics_object	-1	negative_shift	#D011C8	0.66908
79	parallel_invariance_object	entropy_source_object	0	same_trit_relabel	#961BAC	0.590336
79	parallel_invariance_object	propagator_cell_object	1	positive_shift	#62AEF8	1.158169
79	parallel_invariance_object	abductive_world_object	-1	negative_shift	#34079F	1.083717
79	parallel_invariance_object	fuzz_soundness_object	0	same_trit_relabel	#E151BD	0.818575
79	parallel_invariance_object	ternary_regression_object	1	positive_shift	#D94C1C	0.97495
79	parallel_invariance_object	nonriemannian_gate_object	-1	negative_shift	#E8A018	1.107662
79	parallel_invariance_object	exa_loop_object	0	same_trit_relabel	#D2A745	0.625622
79	parallel_invariance_object	aqua_hygiene_object	1	positive_shift	#C79D42	0.847852
79	parallel_invariance_object	scip_catcolab_object	-1	negative_shift	#BED224	0.715681
80	palette_interface_object	color_space_object	-1	negative_shift	#8FE368	1.394341
80	palette_interface_object	trit_tick_object	0	same_trit_relabel	#8E30FF	0.911273
80	palette_interface_object	rng_determinism_object	1	positive_shift	#019C77	1.332918
80	palette_interface_object	parallel_invariance_object	-1	negative_shift	#0C3E47	1.494826
80	palette_interface_object	lisp_semantics_object	1	positive_shift	#CA2D30	0.890486
80	palette_interface_object	entropy_source_object	-1	negative_shift	#E1B7D4	1.276175
80	palette_interface_object	propagator_cell_object	0	same_trit_relabel	#8BD5EA	0.859361
80	palette_interface_object	abductive_world_object	1	positive_shift	#923C48	1.502283
80	palette_interface_object	fuzz_soundness_object	-1	negative_shift	#F19C75	1.19023
80	palette_interface_object	ternary_regression_object	0	same_trit_relabel	#4EB492	0.450861
80	palette_interface_object	nonriemannian_gate_object	1	positive_shift	#B9C172	1.23079
80	palette_interface_object	exa_loop_object	-1	negative_shift	#A10C5E	1.173154
80	palette_interface_object	aqua_hygiene_object	0	same_trit_relabel	#75CD5C	0.809412
80	palette_interface_object	scip_catcolab_object	1	positive_shift	#ED45BF	1.220934
81	lisp_semantics_object	color_space_object	1	positive_shift	#C02B83	1.225729
81	lisp_semantics_object	trit_tick_object	-1	negative_shift	#824CB7	0.940696
81	lisp_semantics_object	rng_determinism_object	0	same_trit_relabel	#3663EF	0.265105
81	lisp_semantics_object	parallel_invariance_object	1	positive_shift	#8B825D	1.124111
81	lisp_semantics_object	palette_interface_object	-1	negative_shift	#5EA448	1.185109
81	lisp_semantics_object	entropy_source_object	1	positive_shift	#7B3E73	0.923409
81	lisp_semantics_object	propagator_cell_object	-1	negative_shift	#CC6EBA	0.443417
81	lisp_semantics_object	abductive_world_object	0	same_trit_relabel	#E77D20	0.979529
81	lisp_semantics_object	fuzz_soundness_object	1	positive_shift	#5EB696	0.659814
81	lisp_semantics_object	ternary_regression_object	-1	negative_shift	#82A460	1.029133
81	lisp_semantics_object	nonriemannian_gate_object	0	same_trit_relabel	#93B367	0.338802
81	lisp_semantics_object	exa_loop_object	1	positive_shift	#4627B3	0.921765
81	lisp_semantics_object	aqua_hygiene_object	-1	negative_shift	#A32AF5	1.148888
81	lisp_semantics_object	scip_catcolab_object	0	same_trit_relabel	#1E9F50	1.035992
82	entropy_source_object	color_space_object	0	same_trit_relabel	#80B337	0.45069
82	entropy_source_object	trit_tick_object	1	positive_shift	#A10659	1.019989
82	entropy_source_object	rng_determinism_object	-1	negative_shift	#C8744B	1.44198
82	entropy_source_object	parallel_invariance_object	0	same_trit_relabel	#43D870	0.845587
82	entropy_source_object	palette_interface_object	1	positive_shift	#A6358F	1.017453
82	entropy_source_object	lisp_semantics_object	-1	negative_shift	#DDAA8B	1.207641
82	entropy_source_object	propagator_cell_object	1	positive_shift	#D75535	1.46397
82	entropy_source_object	abductive_world_object	-1	negative_shift	#37440A	0.520832
82	entropy_source_object	fuzz_soundness_object	0	same_trit_relabel	#9BDD97	1.230467
82	entropy_source_object	ternary_regression_object	1	positive_shift	#2A9965	1.297314
82	entropy_source_object	nonriemannian_gate_object	-1	negative_shift	#4FFDBA	1.156601
82	entropy_source_object	exa_loop_object	0	same_trit_relabel	#D51D8D	0.569087
82	entropy_source_object	aqua_hygiene_object	1	positive_shift	#1B23C5	0.727095
82	entropy_source_object	scip_catcolab_object	-1	negative_shift	#155250	0.75127
83	propagator_cell_object	color_space_object	-1	negative_shift	#A7DFEB	0.667611
83	propagator_cell_object	trit_tick_object	0	same_trit_relabel	#6240A6	0.087777
83	propagator_cell_object	rng_determinism_object	1	positive_shift	#BECEA3	0.852227
83	propagator_cell_object	parallel_invariance_object	-1	negative_shift	#22FDE0	1.267885
83	propagator_cell_object	palette_interface_object	0	same_trit_relabel	#001B49	0.635572
83	propagator_cell_object	lisp_semantics_object	1	positive_shift	#424636	0.981876
83	propagator_cell_object	entropy_source_object	-1	negative_shift	#0DE110	1.117206
83	propagator_cell_object	abductive_world_object	1	positive_shift	#3D3717	0.953561
83	propagator_cell_object	fuzz_soundness_object	-1	negative_shift	#BA1CD0	1.175741
83	propagator_cell_object	ternary_regression_object	0	same_trit_relabel	#0DCB9F	0.440282
83	propagator_cell_object	nonriemannian_gate_object	1	positive_shift	#9093C7	0.637046
83	propagator_cell_object	exa_loop_object	-1	negative_shift	#4A2518	0.507876
83	propagator_cell_object	aqua_hygiene_object	0	same_trit_relabel	#ABED0A	0.34754
83	propagator_cell_object	scip_catcolab_object	1	positive_shift	#C220FE	1.086295
84	abductive_world_object	color_space_object	1	positive_shift	#053DDC	1.435455
84	abductive_world_object	trit_tick_object	-1	negative_shift	#16EF44	1.165843
84	abductive_world_object	rng_determinism_object	0	same_trit_relabel	#779ADA	0.572683
84	abductive_world_object	parallel_invariance_object	1	positive_shift	#B77FD6	1.196951
84	abductive_world_object	palette_interface_object	-1	negative_shift	#FD1D4A	1.129528
84	abductive_world_object	lisp_semantics_object	0	same_trit_relabel	#C239C6	0.469246
84	abductive_world_object	entropy_source_object	1	positive_shift	#336CC8	0.957602
84	abductive_world_object	propagator_cell_object	-1	negative_shift	#D861B7	0.592394
84	abductive_world_object	fuzz_soundness_object	1	positive_shift	#28D730	0.522993
84	abductive_world_object	ternary_regression_object	-1	negative_shift	#41FD3E	1.017813
84	abductive_world_object	nonriemannian_gate_object	0	same_trit_relabel	#2065CF	0.609952
84	abductive_world_object	exa_loop_object	1	positive_shift	#58E51A	1.108605
84	abductive_world_object	aqua_hygiene_object	-1	negative_shift	#0CDC6C	1.266518
84	abductive_world_object	scip_catcolab_object	0	same_trit_relabel	#880035	1.065094
85	fuzz_soundness_object	color_space_object	0	same_trit_relabel	#2797A5	0.683985
85	fuzz_soundness_object	trit_tick_object	1	positive_shift	#8AD163	0.895446
85	fuzz_soundness_object	rng_determinism_object	-1	negative_shift	#727FCA	0.881273
85	fuzz_soundness_object	parallel_invariance_object	0	same_trit_relabel	#5CB135	0.759884
85	fuzz_soundness_object	palette_interface_object	1	positive_shift	#3644C3	1.370824
85	fuzz_soundness_object	lisp_semantics_object	-1	negative_shift	#6E08E3	1.224531
85	fuzz_soundness_object	entropy_source_object	0	same_trit_relabel	#21041B	0.724164
85	fuzz_soundness_object	propagator_cell_object	1	positive_shift	#F41764	1.012852
85	fuzz_soundness_object	abductive_world_object	-1	negative_shift	#A5CDAA	1.032308
85	fuzz_soundness_object	ternary_regression_object	1	positive_shift	#1F1796	1.337822
85	fuzz_soundness_object	nonriemannian_gate_object	-1	negative_shift	#3639CD	0.775498
85	fuzz_soundness_object	exa_loop_object	0	same_trit_relabel	#6B8BEE	0.56266
85	fuzz_soundness_object	aqua_hygiene_object	1	positive_shift	#84A485	1.108664
85	fuzz_soundness_object	scip_catcolab_object	-1	negative_shift	#7AAB02	1.347959
86	ternary_regression_object	color_space_object	-1	negative_shift	#F99D4B	0.877796
86	ternary_regression_object	trit_tick_object	0	same_trit_relabel	#14A920	0.586022
86	ternary_regression_object	rng_determinism_object	1	positive_shift	#225FB6	1.205281
86	ternary_regression_object	parallel_invariance_object	-1	negative_shift	#952BDF	0.841657
86	ternary_regression_object	palette_interface_object	0	same_trit_relabel	#EEEA6A	0.460964
86	ternary_regression_object	lisp_semantics_object	1	positive_shift	#0E19F2	0.856095
86	ternary_regression_object	entropy_source_object	-1	negative_shift	#7ABAF8	0.805634
86	ternary_regression_object	propagator_cell_object	0	same_trit_relabel	#A3C36A	0.796378
86	ternary_regression_object	abductive_world_object	1	positive_shift	#745F33	0.64147
86	ternary_regression_object	fuzz_soundness_object	-1	negative_shift	#7A37BE	1.19639
86	ternary_regression_object	nonriemannian_gate_object	1	positive_shift	#8AC90C	0.923239
86	ternary_regression_object	exa_loop_object	-1	negative_shift	#F31AF8	0.736531
86	ternary_regression_object	aqua_hygiene_object	0	same_trit_relabel	#B1464C	0.334462
86	ternary_regression_object	scip_catcolab_object	1	positive_shift	#40AE63	0.643261
87	nonriemannian_gate_object	color_space_object	1	positive_shift	#7FCC7B	0.989197
87	nonriemannian_gate_object	trit_tick_object	-1	negative_shift	#56A7D2	0.970416
87	nonriemannian_gate_object	rng_determinism_object	0	same_trit_relabel	#795A45	0.785382
87	nonriemannian_gate_object	parallel_invariance_object	1	positive_shift	#302EF3	0.716384
87	nonriemannian_gate_object	palette_interface_object	-1	negative_shift	#756101	1.083594
87	nonriemannian_gate_object	lisp_semantics_object	0	same_trit_relabel	#BD7AA1	0.659535
87	nonriemannian_gate_object	entropy_source_object	1	positive_shift	#F41BFD	0.754058
87	nonriemannian_gate_object	propagator_cell_object	-1	negative_shift	#86F1F4	1.059099
87	nonriemannian_gate_object	abductive_world_object	0	same_trit_relabel	#FB88B8	0.422457
87	nonriemannian_gate_object	fuzz_soundness_object	1	positive_shift	#9F8256	1.13908
87	nonriemannian_gate_object	ternary_regression_object	-1	negative_shift	#58EDE3	1.302635
87	nonriemannian_gate_object	exa_loop_object	1	positive_shift	#A13065	0.832221
87	nonriemannian_gate_object	aqua_hygiene_object	-1	negative_shift	#E91066	0.915907
87	nonriemannian_gate_object	scip_catcolab_object	0	same_trit_relabel	#089DEE	0.631178
88	exa_loop_object	color_space_object	0	same_trit_relabel	#DE73C3	0.391254
88	exa_loop_object	trit_tick_object	1	positive_shift	#7FC172	1.025499
88	exa_loop_object	rng_determinism_object	-1	negative_shift	#D9A62D	1.487568
88	exa_loop_object	parallel_invariance_object	0	same_trit_relabel	#71593A	1.038364
88	exa_loop_object	palette_interface_object	1	positive_shift	#EE776B	1.165898
88	exa_loop_object	lisp_semantics_object	-1	negative_shift	#7BE19E	1.365384
88	exa_loop_object	entropy_source_object	0	same_trit_relabel	#60B7BE	1.038742
88	exa_loop_object	propagator_cell_object	1	positive_shift	#672619	1.57343
88	exa_loop_object	abductive_world_object	-1	negative_shift	#728011	0.660308
88	exa_loop_object	fuzz_soundness_object	0	same_trit_relabel	#FED748	1.367098
88	exa_loop_object	ternary_regression_object	1	positive_shift	#498117	1.342335
88	exa_loop_object	nonriemannian_gate_object	-1	negative_shift	#069AAB	1.218688
88	exa_loop_object	aqua_hygiene_object	1	positive_shift	#DB4B51	0.807405
88	exa_loop_object	scip_catcolab_object	-1	negative_shift	#D75A77	0.948882
89	aqua_hygiene_object	color_space_object	-1	negative_shift	#F7E94D	1.140157
89	aqua_hygiene_object	trit_tick_object	0	same_trit_relabel	#97E8F1	0.591598
89	aqua_hygiene_object	rng_determinism_object	1	positive_shift	#C566C1	0.896471
89	aqua_hygiene_object	parallel_invariance_object	-1	negative_shift	#1F56F1	1.005113
89	aqua_hygiene_object	palette_interface_object	0	same_trit_relabel	#F4C779	0.477885
89	aqua_hygiene_object	lisp_semantics_object	1	positive_shift	#7DF2FA	0.518977
89	aqua_hygiene_object	entropy_source_object	-1	negative_shift	#4804ED	0.764599
89	aqua_hygiene_object	propagator_cell_object	0	same_trit_relabel	#3D9563	0.341987
89	aqua_hygiene_object	abductive_world_object	1	positive_shift	#99AFCB	1.169253
89	aqua_hygiene_object	fuzz_soundness_object	-1	negative_shift	#0F4655	0.715037
89	aqua_hygiene_object	ternary_regression_object	0	same_trit_relabel	#393BF0	0.504223
89	aqua_hygiene_object	nonriemannian_gate_object	1	positive_shift	#AC3EEB	0.760424
89	aqua_hygiene_object	exa_loop_object	-1	negative_shift	#170B48	0.814617
89	aqua_hygiene_object	scip_catcolab_object	1	positive_shift	#9A5ECC	1.058845
90	scip_catcolab_object	color_space_object	1	positive_shift	#BA8877	1.207922
90	scip_catcolab_object	trit_tick_object	-1	negative_shift	#9A3E07	0.921425
90	scip_catcolab_object	rng_determinism_object	0	same_trit_relabel	#1F9659	0.334002
90	scip_catcolab_object	parallel_invariance_object	1	positive_shift	#10A399	1.153213
90	scip_catcolab_object	palette_interface_object	-1	negative_shift	#4CE60A	1.073762
90	scip_catcolab_object	lisp_semantics_object	0	same_trit_relabel	#67D88C	0.46394
90	scip_catcolab_object	entropy_source_object	1	positive_shift	#3BE4C2	0.925282
90	scip_catcolab_object	propagator_cell_object	-1	negative_shift	#B678BC	0.474836
90	scip_catcolab_object	abductive_world_object	0	same_trit_relabel	#89FBD3	0.979294
90	scip_catcolab_object	fuzz_soundness_object	1	positive_shift	#DB3D9A	0.644326
90	scip_catcolab_object	ternary_regression_object	-1	negative_shift	#139A69	0.893239
90	scip_catcolab_object	nonriemannian_gate_object	0	same_trit_relabel	#5858E2	0.357401
90	scip_catcolab_object	exa_loop_object	1	positive_shift	#1A7BE3	0.890817
90	scip_catcolab_object	aqua_hygiene_object	-1	negative_shift	#946DD2	1.090166
91	color_space_object	trit_tick_object	1	positive_shift	#CD6292	1.225471
91	color_space_object	rng_determinism_object	-1	negative_shift	#06AD8E	1.174955
91	color_space_object	parallel_invariance_object	0	same_trit_relabel	#A19161	0.251562
91	color_space_object	palette_interface_object	1	positive_shift	#ABEE57	1.054689
91	color_space_object	lisp_semantics_object	-1	negative_shift	#1A7C31	0.786627
91	color_space_object	entropy_source_object	0	same_trit_relabel	#A440BD	0.113115
91	color_space_object	propagator_cell_object	1	positive_shift	#D179BC	0.895487
91	color_space_object	abductive_world_object	-1	negative_shift	#2DAFDA	1.174754
91	color_space_object	fuzz_soundness_object	0	same_trit_relabel	#DFFE8E	0.491027
91	color_space_object	ternary_regression_object	1	positive_shift	#302C93	1.317999
91	color_space_object	nonriemannian_gate_object	-1	negative_shift	#A2EA2E	1.025454
91	color_space_object	exa_loop_object	0	same_trit_relabel	#CA4891	0.74044
91	color_space_object	aqua_hygiene_object	1	positive_shift	#6F2416	1.160784
91	color_space_object	scip_catcolab_object	-1	negative_shift	#5143FD	1.093562
92	trit_tick_object	color_space_object	-1	negative_shift	#6F99C9	0.945161
92	trit_tick_object	rng_determinism_object	1	positive_shift	#67C45A	1.096106
92	trit_tick_object	parallel_invariance_object	-1	negative_shift	#0E8BDF	0.96922
92	trit_tick_object	palette_interface_object	0	same_trit_relabel	#67EFEF	0.225754
92	trit_tick_object	lisp_semantics_object	1	positive_shift	#F2FF79	0.611322
92	trit_tick_object	entropy_source_object	-1	negative_shift	#B54C1C	0.806626
92	trit_tick_object	propagator_cell_object	0	same_trit_relabel	#249881	0.646012
92	trit_tick_object	abductive_world_object	1	positive_shift	#F33E80	0.907719
92	trit_tick_object	fuzz_soundness_object	-1	negative_shift	#F7E0CF	1.033989
92	trit_tick_object	ternary_regression_object	0	same_trit_relabel	#011E9A	0.532872
92	trit_tick_object	nonriemannian_gate_object	1	positive_shift	#E3FE8D	0.848016
92	trit_tick_object	exa_loop_object	-1	negative_shift	#43CA89	0.696454
92	trit_tick_object	aqua_hygiene_object	0	same_trit_relabel	#656AB1	0.323072
92	trit_tick_object	scip_catcolab_object	1	positive_shift	#3622E8	0.73239
93	rng_determinism_object	color_space_object	1	positive_shift	#84A00D	1.395789
93	rng_determinism_object	trit_tick_object	-1	negative_shift	#1857F0	1.170218
93	rng_determinism_object	parallel_invariance_object	1	positive_shift	#771768	0.957479
93	rng_determinism_object	palette_interface_object	-1	negative_shift	#96696E	1.05703
93	rng_determinism_object	lisp_semantics_object	0	same_trit_relabel	#4E5137	0.364453
93	rng_determinism_object	entropy_source_object	1	positive_shift	#2FE960	0.726195
93	rng_determinism_object	propagator_cell_object	-1	negative_shift	#86BD51	0.624825
93	rng_determinism_object	abductive_world_object	0	same_trit_relabel	#C32E6A	1.029104
93	rng_determinism_object	fuzz_soundness_object	1	positive_shift	#247C68	0.477207
93	rng_determinism_object	ternary_regression_object	-1	negative_shift	#52FA21	1.11849
93	rng_determinism_object	nonriemannian_gate_object	0	same_trit_relabel	#245D64	0.602302
93	rng_determinism_object	exa_loop_object	1	positive_shift	#F69E24	1.066551
93	rng_determinism_object	aqua_hygiene_object	-1	negative_shift	#170B3C	1.204284
93	rng_determinism_object	scip_catcolab_object	0	same_trit_relabel	#8808C9	0.926296
94	parallel_invariance_object	color_space_object	0	same_trit_relabel	#F0B163	0.491387
94	parallel_invariance_object	trit_tick_object	1	positive_shift	#3B3DEB	0.612344
94	parallel_invariance_object	rng_determinism_object	-1	negative_shift	#5F81CF	0.893349
94	parallel_invariance_object	palette_interface_object	1	positive_shift	#0E0186	0.984574
94	parallel_invariance_object	lisp_semantics_object	-1	negative_shift	#4F51B8	1.012241
94	parallel_invariance_object	entropy_source_object	0	same_trit_relabel	#7C2872	0.899998
94	parallel_invariance_object	propagator_cell_object	1	positive_shift	#5BDE5A	1.038398
94	parallel_invariance_object	abductive_world_object	-1	negative_shift	#E51B7D	1.135589
94	parallel_invariance_object	fuzz_soundness_object	0	same_trit_relabel	#8035D6	0.871595
94	parallel_invariance_object	ternary_regression_object	1	positive_shift	#32FBB6	0.606439
94	parallel_invariance_object	nonriemannian_gate_object	-1	negative_shift	#140843	0.761288
94	parallel_invariance_object	exa_loop_object	0	same_trit_relabel	#6D5675	0.35869
94	parallel_invariance_object	aqua_hygiene_object	1	positive_shift	#56E54D	0.796228
94	parallel_invariance_object	scip_catcolab_object	-1	negative_shift	#A71102	1.184494
95	palette_interface_object	color_space_object	-1	negative_shift	#A629C6	1.258242
95	palette_interface_object	trit_tick_object	0	same_trit_relabel	#9CCF50	0.868121
95	palette_interface_object	rng_determinism_object	1	positive_shift	#F095D0	1.341367
95	palette_interface_object	parallel_invariance_object	-1	negative_shift	#5E2A23	0.864152
95	palette_interface_object	lisp_semantics_object	1	positive_shift	#72087C	0.641719
95	palette_interface_object	entropy_source_object	-1	negative_shift	#2F1AC2	0.74255
95	palette_interface_object	propagator_cell_object	0	same_trit_relabel	#06E7B3	0.776966
95	palette_interface_object	abductive_world_object	1	positive_shift	#8CBBC4	1.088925
95	palette_interface_object	fuzz_soundness_object	-1	negative_shift	#ADEEC4	1.064693
95	palette_interface_object	ternary_regression_object	0	same_trit_relabel	#B01E5A	0.807548
95	palette_interface_object	nonriemannian_gate_object	1	positive_shift	#97AE42	1.12306
95	palette_interface_object	exa_loop_object	-1	negative_shift	#25F1C1	1.0218
95	palette_interface_object	aqua_hygiene_object	0	same_trit_relabel	#034A3B	0.62821
95	palette_interface_object	scip_catcolab_object	1	positive_shift	#270BDB	0.757117
96	lisp_semantics_object	color_space_object	1	positive_shift	#3E1833	0.623874
96	lisp_semantics_object	trit_tick_object	-1	negative_shift	#CAF3E9	0.77468
96	lisp_semantics_object	rng_determinism_object	0	same_trit_relabel	#79D191	0.876723
96	lisp_semantics_object	parallel_invariance_object	1	positive_shift	#2996F1	1.162344
96	lisp_semantics_object	palette_interface_object	-1	negative_shift	#572A4B	0.826236
96	lisp_semantics_object	entropy_source_object	1	positive_shift	#D7C5F7	1.088009
96	lisp_semantics_object	propagator_cell_object	-1	negative_shift	#723F22	1.244834
96	lisp_semantics_object	abductive_world_object	0	same_trit_relabel	#85EC3F	0.316726
96	lisp_semantics_object	fuzz_soundness_object	1	positive_shift	#68060A	1.360889
96	lisp_semantics_object	ternary_regression_object	-1	negative_shift	#E406FF	1.002096
96	lisp_semantics_object	nonriemannian_gate_object	0	same_trit_relabel	#66EC67	0.597431
96	lisp_semantics_object	exa_loop_object	1	positive_shift	#F9B322	0.652935
96	lisp_semantics_object	aqua_hygiene_object	-1	negative_shift	#9DC4B7	0.434765
96	lisp_semantics_object	scip_catcolab_object	0	same_trit_relabel	#693FDB	0.412436
97	entropy_source_object	color_space_object	0	same_trit_relabel	#E0C40F	0.891439
97	entropy_source_object	trit_tick_object	1	positive_shift	#2DF011	1.058961
97	entropy_source_object	rng_determinism_object	-1	negative_shift	#DAF594	0.969414
97	entropy_source_object	parallel_invariance_object	0	same_trit_relabel	#9DD40A	0.358239
97	entropy_source_object	palette_interface_object	1	positive_shift	#49A73C	1.074437
97	entropy_source_object	lisp_semantics_object	-1	negative_shift	#8413F1	0.798151
97	entropy_source_object	propagator_cell_object	1	positive_shift	#1DC9F0	0.740667
97	entropy_source_object	abductive_world_object	-1	negative_shift	#9A2304	1.11021
97	entropy_source_object	fuzz_soundness_object	0	same_trit_relabel	#3BB721	0.419626
97	entropy_source_object	ternary_regression_object	1	positive_shift	#E33C75	1.220718
97	entropy_source_object	nonriemannian_gate_object	-1	negative_shift	#F5DA68	0.832175
97	entropy_source_object	exa_loop_object	0	same_trit_relabel	#1928D9	0.601191
97	entropy_source_object	aqua_hygiene_object	1	positive_shift	#B3C771	1.082456
97	entropy_source_object	scip_catcolab_object	-1	negative_shift	#9F9E95	1.132516
98	propagator_cell_object	color_space_object	-1	negative_shift	#C25ED4	1.091789
98	propagator_cell_object	trit_tick_object	0	same_trit_relabel	#7C7E49	0.821782
98	propagator_cell_object	rng_determinism_object	1	positive_shift	#48993D	1.31998
98	propagator_cell_object	parallel_invariance_object	-1	negative_shift	#1791E9	1.032913
98	propagator_cell_object	palette_interface_object	0	same_trit_relabel	#BE1E47	1.10943
98	propagator_cell_object	lisp_semantics_object	1	positive_shift	#BFFBD6	1.387951
98	propagator_cell_object	entropy_source_object	-1	negative_shift	#2C40E3	1.136662
98	propagator_cell_object	abductive_world_object	1	positive_shift	#3EC428	0.866465
98	propagator_cell_object	fuzz_soundness_object	-1	negative_shift	#C2A32C	1.475776
98	propagator_cell_object	ternary_regression_object	0	same_trit_relabel	#A286D8	1.27149
98	propagator_cell_object	nonriemannian_gate_object	1	positive_shift	#76CF14	1.123838
98	propagator_cell_object	exa_loop_object	-1	negative_shift	#313ADB	1.085631
98	propagator_cell_object	aqua_hygiene_object	0	same_trit_relabel	#315B6B	0.834898
98	propagator_cell_object	scip_catcolab_object	1	positive_shift	#CC1980	1.255711
99	abductive_world_object	color_space_object	1	positive_shift	#CC3DD3	1.329203
99	abductive_world_object	trit_tick_object	-1	negative_shift	#800552	1.252169
99	abductive_world_object	rng_determinism_object	0	same_trit_relabel	#2BBD5C	0.949352
99	abductive_world_object	parallel_invariance_object	1	positive_shift	#4F0414	0.459861
99	abductive_world_object	palette_interface_object	-1	negative_shift	#2FB4E0	1.030336
99	abductive_world_object	lisp_semantics_object	0	same_trit_relabel	#9462C3	0.508943
99	abductive_world_object	entropy_source_object	1	positive_shift	#D280F4	0.500541
99	abductive_world_object	propagator_cell_object	-1	negative_shift	#122070	1.038529
99	abductive_world_object	fuzz_soundness_object	1	positive_shift	#23E400	0.987213
99	abductive_world_object	ternary_regression_object	-1	negative_shift	#26A97A	1.374094
99	abductive_world_object	nonriemannian_gate_object	0	same_trit_relabel	#CF8283	0.758973
99	abductive_world_object	exa_loop_object	1	positive_shift	#A2D405	1.08343
99	abductive_world_object	aqua_hygiene_object	-1	negative_shift	#944FD6	1.12581
99	abductive_world_object	scip_catcolab_object	0	same_trit_relabel	#8EC2BA	0.656731
100	fuzz_soundness_object	color_space_object	0	same_trit_relabel	#D58525	0.336936
100	fuzz_soundness_object	trit_tick_object	1	positive_shift	#A5F69A	0.486676
100	fuzz_soundness_object	rng_determinism_object	-1	negative_shift	#46E1F9	0.842745
100	fuzz_soundness_object	parallel_invariance_object	0	same_trit_relabel	#92A079	1.028812
100	fuzz_soundness_object	palette_interface_object	1	positive_shift	#C3DDD1	1.18864
100	fuzz_soundness_object	lisp_semantics_object	-1	negative_shift	#B490C1	1.177191
100	fuzz_soundness_object	entropy_source_object	0	same_trit_relabel	#545920	0.90812
100	fuzz_soundness_object	propagator_cell_object	1	positive_shift	#EF0836	1.089637
100	fuzz_soundness_object	abductive_world_object	-1	negative_shift	#2AAAB7	1.000369
100	fuzz_soundness_object	ternary_regression_object	1	positive_shift	#1C5A3D	0.970718
100	fuzz_soundness_object	nonriemannian_gate_object	-1	negative_shift	#EA9816	0.689959
100	fuzz_soundness_object	exa_loop_object	0	same_trit_relabel	#577669	0.326434
100	fuzz_soundness_object	aqua_hygiene_object	1	positive_shift	#8321EC	0.846355
100	fuzz_soundness_object	scip_catcolab_object	-1	negative_shift	#C3D5D5	1.252036
101	ternary_regression_object	color_space_object	-1	negative_shift	#8D687E	1.262091
101	ternary_regression_object	trit_tick_object	0	same_trit_relabel	#128363	0.661212
101	ternary_regression_object	rng_determinism_object	1	positive_shift	#3A6060	0.803725
101	ternary_regression_object	parallel_invariance_object	-1	negative_shift	#AF91DC	1.14577
101	ternary_regression_object	palette_interface_object	0	same_trit_relabel	#FCDFF4	0.671161
101	ternary_regression_object	lisp_semantics_object	1	positive_shift	#A1CAF7	0.708863
101	ternary_regression_object	entropy_source_object	-1	negative_shift	#97CA40	0.902853
101	ternary_regression_object	propagator_cell_object	0	same_trit_relabel	#9412CF	0.217426
101	ternary_regression_object	abductive_world_object	1	positive_shift	#73A06F	1.343196
101	ternary_regression_object	fuzz_soundness_object	-1	negative_shift	#0D84C4	0.609992
101	ternary_regression_object	nonriemannian_gate_object	1	positive_shift	#D9A566	0.790091
101	ternary_regression_object	exa_loop_object	-1	negative_shift	#B4308F	0.937675
101	ternary_regression_object	aqua_hygiene_object	0	same_trit_relabel	#E3475E	0.76544
101	ternary_regression_object	scip_catcolab_object	1	positive_shift	#ED2BE6	1.269841
102	nonriemannian_gate_object	color_space_object	1	positive_shift	#540183	1.483269
102	nonriemannian_gate_object	trit_tick_object	-1	negative_shift	#E9B3CF	1.245071
102	nonriemannian_gate_object	rng_determinism_object	0	same_trit_relabel	#DACB6B	0.671448
102	nonriemannian_gate_object	parallel_invariance_object	1	positive_shift	#28BC49	1.021655
102	nonriemannian_gate_object	palette_interface_object	-1	negative_shift	#138C5D	1.158122
102	nonriemannian_gate_object	lisp_semantics_object	0	same_trit_relabel	#7D61B4	0.465165
102	nonriemannian_gate_object	entropy_source_object	1	positive_shift	#0CE552	0.805536
102	nonriemannian_gate_object	propagator_cell_object	-1	negative_shift	#049D10	0.636742
102	nonriemannian_gate_object	abductive_world_object	0	same_trit_relabel	#1C6619	1.123227
102	nonriemannian_gate_object	fuzz_soundness_object	1	positive_shift	#FCCC9E	0.426217
102	nonriemannian_gate_object	ternary_regression_object	-1	negative_shift	#B14959	1.188316
102	nonriemannian_gate_object	exa_loop_object	1	positive_shift	#30486F	1.153654
102	nonriemannian_gate_object	aqua_hygiene_object	-1	negative_shift	#14854A	1.303206
102	nonriemannian_gate_object	scip_catcolab_object	0	same_trit_relabel	#9D8E7B	1.030067
103	exa_loop_object	color_space_object	0	same_trit_relabel	#265038	0.432903
103	exa_loop_object	trit_tick_object	1	positive_shift	#94B26F	0.716946
103	exa_loop_object	rng_determinism_object	-1	negative_shift	#D8A150	0.983108
103	exa_loop_object	parallel_invariance_object	0	same_trit_relabel	#70669C	0.572146
103	exa_loop_object	palette_interface_object	1	positive_shift	#2147A6	0.885941
103	exa_loop_object	lisp_semantics_object	-1	negative_shift	#4E4D9C	0.856595
103	exa_loop_object	entropy_source_object	0	same_trit_relabel	#0ED72D	0.484008
103	exa_loop_object	propagator_cell_object	1	positive_shift	#5B05CD	0.974627
103	exa_loop_object	abductive_world_object	-1	negative_shift	#EDAF9B	0.702044
103	exa_loop_object	fuzz_soundness_object	0	same_trit_relabel	#4E0D4E	0.759702
103	exa_loop_object	ternary_regression_object	1	positive_shift	#182ED1	1.028691
103	exa_loop_object	nonriemannian_gate_object	-1	negative_shift	#EC2A74	0.697892
103	exa_loop_object	aqua_hygiene_object	1	positive_shift	#351AF9	0.652261
103	exa_loop_object	scip_catcolab_object	-1	negative_shift	#9350F6	0.859672
104	aqua_hygiene_object	color_space_object	-1	negative_shift	#541D2D	0.668484
104	aqua_hygiene_object	trit_tick_object	0	same_trit_relabel	#F7258A	0.280029
104	aqua_hygiene_object	rng_determinism_object	1	positive_shift	#A42C29	0.920653
104	aqua_hygiene_object	parallel_invariance_object	-1	negative_shift	#9DF9A1	1.057306
104	aqua_hygiene_object	palette_interface_object	0	same_trit_relabel	#782F9E	0.716661
104	aqua_hygiene_object	lisp_semantics_object	1	positive_shift	#25389F	1.021543
104	aqua_hygiene_object	entropy_source_object	-1	negative_shift	#2CFE30	0.98139
104	aqua_hygiene_object	propagator_cell_object	0	same_trit_relabel	#67D663	0.689617
104	aqua_hygiene_object	abductive_world_object	1	positive_shift	#12B89D	0.741063
104	aqua_hygiene_object	fuzz_soundness_object	-1	negative_shift	#E596DA	1.183319
104	aqua_hygiene_object	ternary_regression_object	0	same_trit_relabel	#559F0F	0.731906
104	aqua_hygiene_object	nonriemannian_gate_object	1	positive_shift	#440307	0.656333
104	aqua_hygiene_object	exa_loop_object	-1	negative_shift	#444A66	0.548806
104	aqua_hygiene_object	scip_catcolab_object	1	positive_shift	#73BA57	1.024843
105	scip_catcolab_object	color_space_object	1	positive_shift	#94E622	0.723859
105	scip_catcolab_object	trit_tick_object	-1	negative_shift	#0CBF2C	0.967877
105	scip_catcolab_object	rng_determinism_object	0	same_trit_relabel	#F578D7	1.082204
105	scip_catcolab_object	parallel_invariance_object	1	positive_shift	#6233EF	1.245391
105	scip_catcolab_object	palette_interface_object	-1	negative_shift	#796221	0.966105
105	scip_catcolab_object	lisp_semantics_object	0	same_trit_relabel	#665505	0.852894
105	scip_catcolab_object	entropy_source_object	1	positive_shift	#EE8BA7	1.224488
105	scip_catcolab_object	propagator_cell_object	-1	negative_shift	#1511E1	1.451531
105	scip_catcolab_object	abductive_world_object	0	same_trit_relabel	#173BCB	0.273303
105	scip_catcolab_object	fuzz_soundness_object	1	positive_shift	#F6F965	1.558533
105	scip_catcolab_object	ternary_regression_object	-1	negative_shift	#B2FA90	1.209223
105	scip_catcolab_object	nonriemannian_gate_object	0	same_trit_relabel	#07DA83	0.800625
105	scip_catcolab_object	exa_loop_object	1	positive_shift	#CD2E56	0.862702
105	scip_catcolab_object	aqua_hygiene_object	-1	negative_shift	#E9D9DA	0.654256
106	color_space_object	trit_tick_object	1	positive_shift	#3CA14B	0.904066
106	color_space_object	rng_determinism_object	-1	negative_shift	#0C3BA3	1.145941
106	color_space_object	parallel_invariance_object	0	same_trit_relabel	#F93D91	0.466683
106	color_space_object	palette_interface_object	1	positive_shift	#BE8EDE	0.985741
106	color_space_object	lisp_semantics_object	-1	negative_shift	#0131E6	0.966882
106	color_space_object	entropy_source_object	0	same_trit_relabel	#6C030E	0.476515
106	color_space_object	propagator_cell_object	1	positive_shift	#01698D	1.107483
106	color_space_object	abductive_world_object	-1	negative_shift	#B092EB	0.618936
106	color_space_object	fuzz_soundness_object	0	same_trit_relabel	#7007A2	0.863146
106	color_space_object	ternary_regression_object	1	positive_shift	#D210D0	1.228491
106	color_space_object	nonriemannian_gate_object	-1	negative_shift	#A2CB97	0.876127
106	color_space_object	exa_loop_object	0	same_trit_relabel	#76A69D	0.416887
106	color_space_object	aqua_hygiene_object	1	positive_shift	#245D0D	0.781389
106	color_space_object	scip_catcolab_object	-1	negative_shift	#4ED445	0.840506
107	trit_tick_object	color_space_object	-1	negative_shift	#DCD8F2	1.121032
107	trit_tick_object	rng_determinism_object	1	positive_shift	#B1B7AE	1.329628
107	trit_tick_object	parallel_invariance_object	-1	negative_shift	#A83209	0.679588
107	trit_tick_object	palette_interface_object	0	same_trit_relabel	#E4314C	0.508702
107	trit_tick_object	lisp_semantics_object	1	positive_shift	#23F442	0.841536
107	trit_tick_object	entropy_source_object	-1	negative_shift	#651FA6	0.698755
107	trit_tick_object	propagator_cell_object	0	same_trit_relabel	#2AC587	0.833386
107	trit_tick_object	abductive_world_object	1	positive_shift	#DB5CF1	0.833237
107	trit_tick_object	fuzz_soundness_object	-1	negative_shift	#CA913A	1.172485
107	trit_tick_object	ternary_regression_object	0	same_trit_relabel	#9971BC	0.938567
107	trit_tick_object	nonriemannian_gate_object	1	positive_shift	#F04858	1.073066
107	trit_tick_object	exa_loop_object	-1	negative_shift	#6602CC	0.945312
107	trit_tick_object	aqua_hygiene_object	0	same_trit_relabel	#3AC280	0.557553
107	trit_tick_object	scip_catcolab_object	1	positive_shift	#448145	0.679544
108	rng_determinism_object	color_space_object	1	positive_shift	#1B118A	0.629639
108	rng_determinism_object	trit_tick_object	-1	negative_shift	#057137	0.575774
108	rng_determinism_object	parallel_invariance_object	1	positive_shift	#9DD5C8	1.153429
108	rng_determinism_object	palette_interface_object	-1	negative_shift	#715AE1	1.116332
108	rng_determinism_object	lisp_semantics_object	0	same_trit_relabel	#CD048E	0.764786
108	rng_determinism_object	entropy_source_object	1	positive_shift	#87DF7B	1.075391
108	rng_determinism_object	propagator_cell_object	-1	negative_shift	#84AA21	1.066667
108	rng_determinism_object	abductive_world_object	0	same_trit_relabel	#1A3ADD	0.457817
108	rng_determinism_object	fuzz_soundness_object	1	positive_shift	#FAE697	1.242207
108	rng_determinism_object	ternary_regression_object	-1	negative_shift	#25479D	1.073253
108	rng_determinism_object	nonriemannian_gate_object	0	same_trit_relabel	#97CD44	0.340454
108	rng_determinism_object	exa_loop_object	1	positive_shift	#EEEA6A	0.583762
108	rng_determinism_object	aqua_hygiene_object	-1	negative_shift	#A997C1	0.761683
108	rng_determinism_object	scip_catcolab_object	0	same_trit_relabel	#DAF4D0	0.766173
109	parallel_invariance_object	color_space_object	0	same_trit_relabel	#8AD4CE	0.745985
109	parallel_invariance_object	trit_tick_object	1	positive_shift	#11913F	1.090034
109	parallel_invariance_object	rng_determinism_object	-1	negative_shift	#D7F07F	1.313961
109	parallel_invariance_object	palette_interface_object	1	positive_shift	#2B8555	0.727153
109	parallel_invariance_object	lisp_semantics_object	-1	negative_shift	#74158B	0.780667
109	parallel_invariance_object	entropy_source_object	0	same_trit_relabel	#9B4967	0.407032
109	parallel_invariance_object	propagator_cell_object	1	positive_shift	#2BDF98	1.157031
109	parallel_invariance_object	abductive_world_object	-1	negative_shift	#66EE38	0.834804
109	parallel_invariance_object	fuzz_soundness_object	0	same_trit_relabel	#21553B	0.834557
109	parallel_invariance_object	ternary_regression_object	1	positive_shift	#CAB42D	1.182831
109	parallel_invariance_object	nonriemannian_gate_object	-1	negative_shift	#983A2E	1.052532
109	parallel_invariance_object	exa_loop_object	0	same_trit_relabel	#6AE68E	0.567219
109	parallel_invariance_object	aqua_hygiene_object	1	positive_shift	#41FAC8	0.816594
109	parallel_invariance_object	scip_catcolab_object	-1	negative_shift	#BD9B2D	0.59352
110	palette_interface_object	color_space_object	-1	negative_shift	#744E04	1.259779
110	palette_interface_object	trit_tick_object	0	same_trit_relabel	#48BE1C	0.769427
110	palette_interface_object	rng_determinism_object	1	positive_shift	#F1F866	1.150536
110	palette_interface_object	parallel_invariance_object	-1	negative_shift	#A5469C	1.075091
110	palette_interface_object	lisp_semantics_object	1	positive_shift	#E2CDF0	0.476726
110	palette_interface_object	entropy_source_object	-1	negative_shift	#7B4725	0.853381
110	palette_interface_object	propagator_cell_object	0	same_trit_relabel	#959BFF	0.581914
110	palette_interface_object	abductive_world_object	1	positive_shift	#4E212F	1.248068
110	palette_interface_object	fuzz_soundness_object	-1	negative_shift	#760CFA	0.879545
110	palette_interface_object	ternary_regression_object	0	same_trit_relabel	#80BDED	0.547645
110	palette_interface_object	nonriemannian_gate_object	1	positive_shift	#C7A1C8	1.000634
110	palette_interface_object	exa_loop_object	-1	negative_shift	#800552	0.970513
110	palette_interface_object	aqua_hygiene_object	0	same_trit_relabel	#7FB5E2	0.650614
110	palette_interface_object	scip_catcolab_object	1	positive_shift	#D94447	0.991515
111	lisp_semantics_object	color_space_object	1	positive_shift	#33D82C	1.161416
111	lisp_semantics_object	trit_tick_object	-1	negative_shift	#ACB985	1.119429
111	lisp_semantics_object	rng_determinism_object	0	same_trit_relabel	#CE1DF9	0.97773
111	lisp_semantics_object	parallel_invariance_object	1	positive_shift	#6647B0	0.944557
111	lisp_semantics_object	palette_interface_object	-1	negative_shift	#5563D7	0.535817
111	lisp_semantics_object	entropy_source_object	1	positive_shift	#07462B	0.813721
111	lisp_semantics_object	propagator_cell_object	-1	negative_shift	#107190	1.12028
111	lisp_semantics_object	abductive_world_object	0	same_trit_relabel	#E19093	0.694671
111	lisp_semantics_object	fuzz_soundness_object	1	positive_shift	#2296F1	1.10633
111	lisp_semantics_object	ternary_regression_object	-1	negative_shift	#6B0350	1.044966
111	lisp_semantics_object	nonriemannian_gate_object	0	same_trit_relabel	#ECDC3A	0.745686
111	lisp_semantics_object	exa_loop_object	1	positive_shift	#9973FB	0.942857
111	lisp_semantics_object	aqua_hygiene_object	-1	negative_shift	#EDCBDF	0.852715
111	lisp_semantics_object	scip_catcolab_object	0	same_trit_relabel	#831F62	0.345031
112	entropy_source_object	color_space_object	0	same_trit_relabel	#059E24	0.822352
112	entropy_source_object	trit_tick_object	1	positive_shift	#8CF62C	0.895214
112	entropy_source_object	rng_determinism_object	-1	negative_shift	#871F9C	0.689095
112	entropy_source_object	parallel_invariance_object	0	same_trit_relabel	#1B0535	0.6764
112	entropy_source_object	palette_interface_object	1	positive_shift	#3C1836	1.052735
112	entropy_source_object	lisp_semantics_object	-1	negative_shift	#35A9FC	0.767584
112	entropy_source_object	propagator_cell_object	1	positive_shift	#70035E	0.46952
112	entropy_source_object	abductive_world_object	-1	negative_shift	#203729	1.205845
112	entropy_source_object	fuzz_soundness_object	0	same_trit_relabel	#0FBBDB	0.304092
112	entropy_source_object	ternary_regression_object	1	positive_shift	#4C5E77	0.976124
112	entropy_source_object	nonriemannian_gate_object	-1	negative_shift	#DACFD1	0.634299
112	entropy_source_object	exa_loop_object	0	same_trit_relabel	#139EB0	0.50124
112	entropy_source_object	aqua_hygiene_object	1	positive_shift	#118CE2	1.04013
112	entropy_source_object	scip_catcolab_object	-1	negative_shift	#39855D	1.230164
113	propagator_cell_object	color_space_object	-1	negative_shift	#F56B34	1.3734
113	propagator_cell_object	trit_tick_object	0	same_trit_relabel	#43B5FF	0.779544
113	propagator_cell_object	rng_determinism_object	1	positive_shift	#2F4C8E	0.938349
113	propagator_cell_object	parallel_invariance_object	-1	negative_shift	#6CAFDD	1.258607
113	propagator_cell_object	palette_interface_object	0	same_trit_relabel	#365593	0.688556
113	propagator_cell_object	lisp_semantics_object	1	positive_shift	#19239F	0.748094
113	propagator_cell_object	entropy_source_object	-1	negative_shift	#F817D6	1.010721
113	propagator_cell_object	abductive_world_object	1	positive_shift	#16D9A0	1.463766
113	propagator_cell_object	fuzz_soundness_object	-1	negative_shift	#9C458E	0.686949
113	propagator_cell_object	ternary_regression_object	0	same_trit_relabel	#12B04C	0.53254
113	propagator_cell_object	nonriemannian_gate_object	1	positive_shift	#017143	0.940607
113	propagator_cell_object	exa_loop_object	-1	negative_shift	#B6E5BA	1.057911
113	propagator_cell_object	aqua_hygiene_object	0	same_trit_relabel	#18F55B	0.852614
113	propagator_cell_object	scip_catcolab_object	1	positive_shift	#390545	1.332048
114	abductive_world_object	color_space_object	1	positive_shift	#A42C29	1.20706
114	abductive_world_object	trit_tick_object	-1	negative_shift	#4E8612	1.270605
114	abductive_world_object	rng_determinism_object	0	same_trit_relabel	#69BD2B	1.21342
114	abductive_world_object	parallel_invariance_object	1	positive_shift	#6ACE05	1.010415
114	abductive_world_object	palette_interface_object	-1	negative_shift	#CBA6EE	0.73073
114	abductive_world_object	lisp_semantics_object	0	same_trit_relabel	#BC7F06	0.603743
114	abductive_world_object	entropy_source_object	1	positive_shift	#08516C	0.98847
114	abductive_world_object	propagator_cell_object	-1	negative_shift	#D8270F	1.389423
114	abductive_world_object	fuzz_soundness_object	1	positive_shift	#208ED2	1.383575
114	abductive_world_object	ternary_regression_object	-1	negative_shift	#DEA850	1.276216
114	abductive_world_object	nonriemannian_gate_object	0	same_trit_relabel	#0585DB	0.949635
114	abductive_world_object	exa_loop_object	1	positive_shift	#A244A4	1.08924
114	abductive_world_object	aqua_hygiene_object	-1	negative_shift	#8279DB	0.920391
114	abductive_world_object	scip_catcolab_object	0	same_trit_relabel	#5782E7	0.182848
115	fuzz_soundness_object	color_space_object	0	same_trit_relabel	#CFF39A	0.803079
115	fuzz_soundness_object	trit_tick_object	1	positive_shift	#528BCD	0.915287
115	fuzz_soundness_object	rng_determinism_object	-1	negative_shift	#3ACC9D	0.752831
115	fuzz_soundness_object	parallel_invariance_object	0	same_trit_relabel	#96A4DB	0.559714
115	fuzz_soundness_object	palette_interface_object	1	positive_shift	#CF914F	1.110873
115	fuzz_soundness_object	lisp_semantics_object	-1	negative_shift	#5494F4	0.844779
115	fuzz_soundness_object	entropy_source_object	0	same_trit_relabel	#A7B2E8	0.394581
115	fuzz_soundness_object	propagator_cell_object	1	positive_shift	#5F2812	0.605621
115	fuzz_soundness_object	abductive_world_object	-1	negative_shift	#F2FBFE	1.126198
115	fuzz_soundness_object	ternary_regression_object	1	positive_shift	#CED0CF	1.112868
115	fuzz_soundness_object	nonriemannian_gate_object	-1	negative_shift	#B41D7C	0.652622
115	fuzz_soundness_object	exa_loop_object	0	same_trit_relabel	#BE0B29	0.505837
115	fuzz_soundness_object	aqua_hygiene_object	1	positive_shift	#35BCBC	1.047457
115	fuzz_soundness_object	scip_catcolab_object	-1	negative_shift	#2226E8	1.211878
116	ternary_regression_object	color_space_object	-1	negative_shift	#048FAA	0.882367
116	ternary_regression_object	trit_tick_object	0	same_trit_relabel	#2A4BD0	0.733176
116	ternary_regression_object	rng_determinism_object	1	positive_shift	#DDFEC1	1.481134
116	ternary_regression_object	parallel_invariance_object	-1	negative_shift	#F978A7	1.209196
116	ternary_regression_object	palette_interface_object	0	same_trit_relabel	#452704	0.50605
116	ternary_regression_object	lisp_semantics_object	1	positive_shift	#D7353B	1.109299
116	ternary_regression_object	entropy_source_object	-1	negative_shift	#C4AB08	1.181118
116	ternary_regression_object	propagator_cell_object	0	same_trit_relabel	#02345E	1.124479
116	ternary_regression_object	abductive_world_object	1	positive_shift	#3156AB	0.721806
116	ternary_regression_object	fuzz_soundness_object	-1	negative_shift	#A36667	1.532782
116	ternary_regression_object	nonriemannian_gate_object	1	positive_shift	#C619E0	1.197405
116	ternary_regression_object	exa_loop_object	-1	negative_shift	#26D893	0.929438
116	ternary_regression_object	aqua_hygiene_object	0	same_trit_relabel	#E001C4	0.352701
116	ternary_regression_object	scip_catcolab_object	1	positive_shift	#4B2E20	0.590039
117	nonriemannian_gate_object	color_space_object	1	positive_shift	#844F6B	0.77032
117	nonriemannian_gate_object	trit_tick_object	-1	negative_shift	#E15396	0.745863
117	nonriemannian_gate_object	rng_determinism_object	0	same_trit_relabel	#7AAB39	0.800394
117	nonriemannian_gate_object	parallel_invariance_object	1	positive_shift	#6DE26C	1.627077
117	nonriemannian_gate_object	palette_interface_object	-1	negative_shift	#995F80	1.167826
117	nonriemannian_gate_object	lisp_semantics_object	0	same_trit_relabel	#D2D68C	0.952376
117	nonriemannian_gate_object	entropy_source_object	1	positive_shift	#D1A033	1.481047
117	nonriemannian_gate_object	propagator_cell_object	-1	negative_shift	#138000	1.336711
117	nonriemannian_gate_object	abductive_world_object	0	same_trit_relabel	#65FB23	0.836416
117	nonriemannian_gate_object	fuzz_soundness_object	1	positive_shift	#E1128D	1.512115
117	nonriemannian_gate_object	ternary_regression_object	-1	negative_shift	#634A61	0.854031
117	nonriemannian_gate_object	exa_loop_object	1	positive_shift	#3A176F	0.862527
117	nonriemannian_gate_object	aqua_hygiene_object	-1	negative_shift	#3BC356	0.878995
117	nonriemannian_gate_object	scip_catcolab_object	0	same_trit_relabel	#D1FCC5	0.954683
118	exa_loop_object	color_space_object	0	same_trit_relabel	#23C4AA	0.761229
118	exa_loop_object	trit_tick_object	1	positive_shift	#C77754	0.872332
118	exa_loop_object	rng_determinism_object	-1	negative_shift	#03BA23	0.941189
118	exa_loop_object	parallel_invariance_object	0	same_trit_relabel	#3D9708	0.991265
118	exa_loop_object	palette_interface_object	1	positive_shift	#3F1AD9	0.837144
118	exa_loop_object	lisp_semantics_object	-1	negative_shift	#DE8967	0.773773
118	exa_loop_object	entropy_source_object	0	same_trit_relabel	#188A21	0.765269
118	exa_loop_object	propagator_cell_object	1	positive_shift	#FC37E4	0.893061
118	exa_loop_object	abductive_world_object	-1	negative_shift	#BC2469	1.270334
118	exa_loop_object	fuzz_soundness_object	0	same_trit_relabel	#6F5C92	0.65229
118	exa_loop_object	ternary_regression_object	1	positive_shift	#CDC1BF	0.500311
118	exa_loop_object	nonriemannian_gate_object	-1	negative_shift	#53B8E1	0.843921
118	exa_loop_object	aqua_hygiene_object	1	positive_shift	#F4A9F7	0.915181
118	exa_loop_object	scip_catcolab_object	-1	negative_shift	#1D9D07	1.15662
119	aqua_hygiene_object	color_space_object	-1	negative_shift	#35BC06	1.301738
119	aqua_hygiene_object	trit_tick_object	0	same_trit_relabel	#782B48	0.90511
119	aqua_hygiene_object	rng_determinism_object	1	positive_shift	#E0D4DF	1.251324
119	aqua_hygiene_object	parallel_invariance_object	-1	negative_shift	#14A029	0.503414
119	aqua_hygiene_object	palette_interface_object	0	same_trit_relabel	#F5A5C1	0.88525
119	aqua_hygiene_object	lisp_semantics_object	1	positive_shift	#9E59A4	1.038551
119	aqua_hygiene_object	entropy_source_object	-1	negative_shift	#70F155	0.665766
119	aqua_hygiene_object	propagator_cell_object	0	same_trit_relabel	#F4D3AC	0.747581
119	aqua_hygiene_object	abductive_world_object	1	positive_shift	#34846F	1.043505
119	aqua_hygiene_object	fuzz_soundness_object	-1	negative_shift	#98F9C0	1.081911
119	aqua_hygiene_object	ternary_regression_object	0	same_trit_relabel	#FF9713	1.154234
119	aqua_hygiene_object	nonriemannian_gate_object	1	positive_shift	#CEE99E	1.073305
119	aqua_hygiene_object	exa_loop_object	-1	negative_shift	#6E6EE1	1.095834
119	aqua_hygiene_object	scip_catcolab_object	1	positive_shift	#D6CA30	1.123439
120	scip_catcolab_object	color_space_object	1	positive_shift	#8592BE	1.224738
120	scip_catcolab_object	trit_tick_object	-1	negative_shift	#F66690	1.226642
120	scip_catcolab_object	rng_determinism_object	0	same_trit_relabel	#920362	1.12605
120	scip_catcolab_object	parallel_invariance_object	1	positive_shift	#F02776	1.048684
120	scip_catcolab_object	palette_interface_object	-1	negative_shift	#A09CDE	0.572517
120	scip_catcolab_object	lisp_semantics_object	0	same_trit_relabel	#C5F24C	0.455392
120	scip_catcolab_object	entropy_source_object	1	positive_shift	#27ACCD	0.953537
120	scip_catcolab_object	propagator_cell_object	-1	negative_shift	#50A581	1.278757
120	scip_catcolab_object	abductive_world_object	0	same_trit_relabel	#932A93	0.737182
120	scip_catcolab_object	fuzz_soundness_object	1	positive_shift	#796FEE	1.260202
120	scip_catcolab_object	ternary_regression_object	-1	negative_shift	#DA5947	1.130039
120	scip_catcolab_object	nonriemannian_gate_object	0	same_trit_relabel	#F0E2B4	0.886318
120	scip_catcolab_object	exa_loop_object	1	positive_shift	#45E7DD	1.052447
120	scip_catcolab_object	aqua_hygiene_object	-1	negative_shift	#B50E4C	0.909911
121	color_space_object	trit_tick_object	1	positive_shift	#73EAFF	0.717367
121	color_space_object	rng_determinism_object	-1	negative_shift	#9B8376	0.537142
121	color_space_object	parallel_invariance_object	0	same_trit_relabel	#2233F8	0.794686
121	color_space_object	palette_interface_object	1	positive_shift	#CD2C03	1.156022
121	color_space_object	lisp_semantics_object	-1	negative_shift	#129FEB	0.96512
121	color_space_object	entropy_source_object	0	same_trit_relabel	#346CAF	0.633573
121	color_space_object	propagator_cell_object	1	positive_shift	#8D305D	0.689333
121	color_space_object	abductive_world_object	-1	negative_shift	#34C8C1	1.126489
121	color_space_object	fuzz_soundness_object	0	same_trit_relabel	#43E6FD	0.564243
121	color_space_object	ternary_regression_object	1	positive_shift	#41145E	0.991573
121	color_space_object	nonriemannian_gate_object	-1	negative_shift	#FEE18D	0.457406
121	color_space_object	exa_loop_object	0	same_trit_relabel	#10C07C	0.400807
121	color_space_object	aqua_hygiene_object	1	positive_shift	#6EC772	0.989971
121	color_space_object	scip_catcolab_object	-1	negative_shift	#D39322	1.28022
122	trit_tick_object	color_space_object	-1	negative_shift	#A489C9	0.816578
122	trit_tick_object	rng_determinism_object	1	positive_shift	#0B87C1	1.374294
122	trit_tick_object	parallel_invariance_object	-1	negative_shift	#5A2034	1.039662
122	trit_tick_object	palette_interface_object	0	same_trit_relabel	#D66C9B	0.69903
122	trit_tick_object	lisp_semantics_object	1	positive_shift	#53D1E3	1.156909
122	trit_tick_object	entropy_source_object	-1	negative_shift	#8CD3EF	1.075433
122	trit_tick_object	propagator_cell_object	0	same_trit_relabel	#62CF82	1.045265
122	trit_tick_object	abductive_world_object	1	positive_shift	#876935	0.404895
122	trit_tick_object	fuzz_soundness_object	-1	negative_shift	#480276	1.473141
122	trit_tick_object	ternary_regression_object	0	same_trit_relabel	#52A0A3	0.987301
122	trit_tick_object	nonriemannian_gate_object	1	positive_shift	#DC021A	1.090318
122	trit_tick_object	exa_loop_object	-1	negative_shift	#73CA24	0.870603
122	trit_tick_object	aqua_hygiene_object	0	same_trit_relabel	#10EEC1	0.425901
122	trit_tick_object	scip_catcolab_object	1	positive_shift	#43C215	0.765827
123	rng_determinism_object	color_space_object	1	positive_shift	#292AFF	1.135867
123	rng_determinism_object	trit_tick_object	-1	negative_shift	#B4E14B	1.138879
123	rng_determinism_object	parallel_invariance_object	1	positive_shift	#5A5727	0.834221
123	rng_determinism_object	palette_interface_object	-1	negative_shift	#713A83	0.673878
123	rng_determinism_object	lisp_semantics_object	0	same_trit_relabel	#DDFDE1	0.422912
123	rng_determinism_object	entropy_source_object	1	positive_shift	#A9E0B6	0.775289
123	rng_determinism_object	propagator_cell_object	-1	negative_shift	#F338FC	1.180791
123	rng_determinism_object	abductive_world_object	0	same_trit_relabel	#FEA381	0.580737
123	rng_determinism_object	fuzz_soundness_object	1	positive_shift	#CD4CBA	1.17554
123	rng_determinism_object	ternary_regression_object	-1	negative_shift	#8A66DB	1.172082
123	rng_determinism_object	nonriemannian_gate_object	0	same_trit_relabel	#57FF95	0.769267
123	rng_determinism_object	exa_loop_object	1	positive_shift	#55D732	0.950741
123	rng_determinism_object	aqua_hygiene_object	-1	negative_shift	#F3D1A7	0.850891
123	rng_determinism_object	scip_catcolab_object	0	same_trit_relabel	#7F6560	0.253359
124	parallel_invariance_object	color_space_object	0	same_trit_relabel	#492F70	0.678023
124	parallel_invariance_object	trit_tick_object	1	positive_shift	#DD300C	0.931858
124	parallel_invariance_object	rng_determinism_object	-1	negative_shift	#5E9277	1.169823
124	parallel_invariance_object	palette_interface_object	1	positive_shift	#81EBB0	0.475595
124	parallel_invariance_object	lisp_semantics_object	-1	negative_shift	#307B14	0.671794
124	parallel_invariance_object	entropy_source_object	0	same_trit_relabel	#0CBD93	0.643806
124	parallel_invariance_object	propagator_cell_object	1	positive_shift	#236CFB	1.065323
124	parallel_invariance_object	abductive_world_object	-1	negative_shift	#B6036F	1.048619
124	parallel_invariance_object	fuzz_soundness_object	0	same_trit_relabel	#9B72DA	0.780008
124	parallel_invariance_object	ternary_regression_object	1	positive_shift	#9C0F8B	0.753838
124	parallel_invariance_object	nonriemannian_gate_object	-1	negative_shift	#594465	0.953301
124	parallel_invariance_object	exa_loop_object	0	same_trit_relabel	#EA1724	0.465165
124	parallel_invariance_object	aqua_hygiene_object	1	positive_shift	#F265EA	0.715742
124	parallel_invariance_object	scip_catcolab_object	-1	negative_shift	#C12DA0	0.806285
125	palette_interface_object	color_space_object	-1	negative_shift	#54E15F	1.180982
125	palette_interface_object	trit_tick_object	0	same_trit_relabel	#2677EE	0.651807
125	palette_interface_object	rng_determinism_object	1	positive_shift	#623FF5	0.82095
125	palette_interface_object	parallel_invariance_object	-1	negative_shift	#BD6EB4	0.863558
125	palette_interface_object	lisp_semantics_object	1	positive_shift	#88020F	0.95084
125	palette_interface_object	entropy_source_object	-1	negative_shift	#A327F6	0.752813
125	palette_interface_object	propagator_cell_object	0	same_trit_relabel	#8EB494	0.375673
125	palette_interface_object	abductive_world_object	1	positive_shift	#E32EBB	1.134668
125	palette_interface_object	fuzz_soundness_object	-1	negative_shift	#D41B41	0.811733
125	palette_interface_object	ternary_regression_object	0	same_trit_relabel	#B58000	0.902898
125	palette_interface_object	nonriemannian_gate_object	1	positive_shift	#54B09D	0.734964
125	palette_interface_object	exa_loop_object	-1	negative_shift	#698367	0.912691
125	palette_interface_object	aqua_hygiene_object	0	same_trit_relabel	#86EA92	0.785147
125	palette_interface_object	scip_catcolab_object	1	positive_shift	#71DF5A	1.264497
126	lisp_semantics_object	color_space_object	1	positive_shift	#0CFF7D	1.137264
126	lisp_semantics_object	trit_tick_object	-1	negative_shift	#E621C1	0.911243
126	lisp_semantics_object	rng_determinism_object	0	same_trit_relabel	#E52375	0.343176
126	lisp_semantics_object	parallel_invariance_object	1	positive_shift	#145454	1.077171
126	lisp_semantics_object	palette_interface_object	-1	negative_shift	#71A267	1.318646
126	lisp_semantics_object	entropy_source_object	1	positive_shift	#337F05	0.967622
126	lisp_semantics_object	propagator_cell_object	-1	negative_shift	#5855AA	0.757189
126	lisp_semantics_object	abductive_world_object	0	same_trit_relabel	#1640C6	0.854128
126	lisp_semantics_object	fuzz_soundness_object	1	positive_shift	#97D395	0.929321
126	lisp_semantics_object	ternary_regression_object	-1	negative_shift	#D3ED52	1.22672
126	lisp_semantics_object	nonriemannian_gate_object	0	same_trit_relabel	#CDB0AA	0.340748
126	lisp_semantics_object	exa_loop_object	1	positive_shift	#C98C73	0.908469
126	lisp_semantics_object	aqua_hygiene_object	-1	negative_shift	#A1ADC4	1.153044
126	lisp_semantics_object	scip_catcolab_object	0	same_trit_relabel	#82F10D	1.055332
127	entropy_source_object	color_space_object	0	same_trit_relabel	#D90E43	0.282951
127	entropy_source_object	trit_tick_object	1	positive_shift	#CF914F	0.912306
127	entropy_source_object	rng_determinism_object	-1	negative_shift	#F69F4F	1.379106
127	entropy_source_object	parallel_invariance_object	0	same_trit_relabel	#4AC820	0.991048
127	entropy_source_object	palette_interface_object	1	positive_shift	#A5D8A6	1.089261
127	entropy_source_object	lisp_semantics_object	-1	negative_shift	#3761B4	1.275734
127	entropy_source_object	propagator_cell_object	1	positive_shift	#CF5CBF	1.470223
127	entropy_source_object	abductive_world_object	-1	negative_shift	#916D5D	0.630701
127	entropy_source_object	fuzz_soundness_object	0	same_trit_relabel	#182ED1	1.269529
127	entropy_source_object	ternary_regression_object	1	positive_shift	#A7046C	1.232211
127	entropy_source_object	nonriemannian_gate_object	-1	negative_shift	#7143E8	1.111367
127	entropy_source_object	exa_loop_object	0	same_trit_relabel	#89E6FE	0.520092
127	entropy_source_object	aqua_hygiene_object	1	positive_shift	#0B99D8	0.705035
127	entropy_source_object	scip_catcolab_object	-1	negative_shift	#547F01	0.915525
128	propagator_cell_object	color_space_object	-1	negative_shift	#6CA6AE	0.877641
128	propagator_cell_object	trit_tick_object	0	same_trit_relabel	#A7A5BF	0.615649
128	propagator_cell_object	rng_determinism_object	1	positive_shift	#E3067A	1.312462
128	propagator_cell_object	parallel_invariance_object	-1	negative_shift	#3A03AC	1.135052
128	propagator_cell_object	palette_interface_object	0	same_trit_relabel	#9D4FAE	0.268506
128	propagator_cell_object	lisp_semantics_object	1	positive_shift	#4B83C9	0.883263
128	propagator_cell_object	entropy_source_object	-1	negative_shift	#7F0DC9	1.040217
128	propagator_cell_object	abductive_world_object	1	positive_shift	#55CAD2	0.818547
128	propagator_cell_object	fuzz_soundness_object	-1	negative_shift	#8DF34F	1.324257
128	propagator_cell_object	ternary_regression_object	0	same_trit_relabel	#400105	0.641917
128	propagator_cell_object	nonriemannian_gate_object	1	positive_shift	#C13B14	1.043094
128	propagator_cell_object	exa_loop_object	-1	negative_shift	#4283C0	0.79651
128	propagator_cell_object	aqua_hygiene_object	0	same_trit_relabel	#FFCE1B	0.239216
128	propagator_cell_object	scip_catcolab_object	1	positive_shift	#99318A	0.576755
129	abductive_world_object	color_space_object	1	positive_shift	#307E10	0.986589
129	abductive_world_object	trit_tick_object	-1	negative_shift	#2EEB42	0.730594
129	abductive_world_object	rng_determinism_object	0	same_trit_relabel	#A5F69A	0.501056
129	abductive_world_object	parallel_invariance_object	1	positive_shift	#0C196F	1.446513
129	abductive_world_object	palette_interface_object	-1	negative_shift	#B79EC2	1.026265
129	abductive_world_object	lisp_semantics_object	0	same_trit_relabel	#7A8333	0.656427
129	abductive_world_object	entropy_source_object	1	positive_shift	#B019A2	1.240107
129	abductive_world_object	propagator_cell_object	-1	negative_shift	#9B33A2	0.958488
129	abductive_world_object	fuzz_soundness_object	1	positive_shift	#882AF8	1.11849
129	abductive_world_object	ternary_regression_object	-1	negative_shift	#CDAB75	0.542541
129	abductive_world_object	nonriemannian_gate_object	0	same_trit_relabel	#7D2F6D	0.444869
129	abductive_world_object	exa_loop_object	1	positive_shift	#829F08	0.797836
129	abductive_world_object	aqua_hygiene_object	-1	negative_shift	#71718A	0.927875
129	abductive_world_object	scip_catcolab_object	0	same_trit_relabel	#FE0EEF	0.945944
130	fuzz_soundness_object	color_space_object	0	same_trit_relabel	#3A13CF	0.489081
130	fuzz_soundness_object	trit_tick_object	1	positive_shift	#4F4612	0.599913
130	fuzz_soundness_object	rng_determinism_object	-1	negative_shift	#28D117	0.857652
130	fuzz_soundness_object	parallel_invariance_object	0	same_trit_relabel	#053A4F	1.16897
130	fuzz_soundness_object	palette_interface_object	1	positive_shift	#D8F21A	1.157301
130	fuzz_soundness_object	lisp_semantics_object	-1	negative_shift	#5B9890	1.162168
130	fuzz_soundness_object	entropy_source_object	0	same_trit_relabel	#E53964	1.001675
130	fuzz_soundness_object	propagator_cell_object	1	positive_shift	#9F5BE5	1.094744
130	fuzz_soundness_object	abductive_world_object	-1	negative_shift	#0CEF43	1.185009
130	fuzz_soundness_object	ternary_regression_object	1	positive_shift	#B2850E	0.771655
130	fuzz_soundness_object	nonriemannian_gate_object	-1	negative_shift	#338E8F	0.776974
130	fuzz_soundness_object	exa_loop_object	0	same_trit_relabel	#A9644A	0.426515
130	fuzz_soundness_object	aqua_hygiene_object	1	positive_shift	#3D9109	0.904188
130	fuzz_soundness_object	scip_catcolab_object	-1	negative_shift	#F1B56F	1.318654
131	ternary_regression_object	color_space_object	-1	negative_shift	#FF6DB1	1.145269
131	ternary_regression_object	trit_tick_object	0	same_trit_relabel	#42C5B4	0.828148
131	ternary_regression_object	rng_determinism_object	1	positive_shift	#8A494C	1.291746
131	ternary_regression_object	parallel_invariance_object	-1	negative_shift	#780E60	0.69905
131	ternary_regression_object	palette_interface_object	0	same_trit_relabel	#580C4C	0.898938
131	ternary_regression_object	lisp_semantics_object	1	positive_shift	#DC5540	1.145969
131	ternary_regression_object	entropy_source_object	-1	negative_shift	#98AD90	0.843891
131	ternary_regression_object	propagator_cell_object	0	same_trit_relabel	#12ADD9	0.881952
131	ternary_regression_object	abductive_world_object	1	positive_shift	#4F628C	0.838912
131	ternary_regression_object	fuzz_soundness_object	-1	negative_shift	#464176	1.269956
131	ternary_regression_object	nonriemannian_gate_object	1	positive_shift	#16F2A8	1.071453
131	ternary_regression_object	exa_loop_object	-1	negative_shift	#F0B456	1.027839
131	ternary_regression_object	aqua_hygiene_object	0	same_trit_relabel	#5946F0	0.751234
131	ternary_regression_object	scip_catcolab_object	1	positive_shift	#E4CB35	1.054017
132	nonriemannian_gate_object	color_space_object	1	positive_shift	#BBA731	1.216801
132	nonriemannian_gate_object	trit_tick_object	-1	negative_shift	#AAE08D	1.192953
132	nonriemannian_gate_object	rng_determinism_object	0	same_trit_relabel	#3AD6E1	0.942328
132	nonriemannian_gate_object	parallel_invariance_object	1	positive_shift	#B21A00	0.536083
132	nonriemannian_gate_object	palette_interface_object	-1	negative_shift	#45B787	1.171614
132	nonriemannian_gate_object	lisp_semantics_object	0	same_trit_relabel	#01D340	0.711297
132	nonriemannian_gate_object	entropy_source_object	1	positive_shift	#517396	0.705903
132	nonriemannian_gate_object	propagator_cell_object	-1	negative_shift	#F580C5	1.137408
132	nonriemannian_gate_object	abductive_world_object	0	same_trit_relabel	#5343D0	0.591975
132	nonriemannian_gate_object	fuzz_soundness_object	1	positive_shift	#F475F0	1.15856
132	nonriemannian_gate_object	ternary_regression_object	-1	negative_shift	#D5BFC0	1.465859
132	nonriemannian_gate_object	exa_loop_object	1	positive_shift	#A114A5	1.043321
132	nonriemannian_gate_object	aqua_hygiene_object	-1	negative_shift	#860FE8	1.102811
132	nonriemannian_gate_object	scip_catcolab_object	0	same_trit_relabel	#B8871A	0.698315
133	exa_loop_object	color_space_object	0	same_trit_relabel	#C5BC0C	0.177166
133	exa_loop_object	trit_tick_object	1	positive_shift	#BAE24A	0.507391
133	exa_loop_object	rng_determinism_object	-1	negative_shift	#7B9074	0.998025
133	exa_loop_object	parallel_invariance_object	0	same_trit_relabel	#0406E7	0.979584
133	exa_loop_object	palette_interface_object	1	positive_shift	#5385B7	1.003841
133	exa_loop_object	lisp_semantics_object	-1	negative_shift	#CD059A	1.08428
133	exa_loop_object	entropy_source_object	0	same_trit_relabel	#6FC776	0.8618
133	exa_loop_object	propagator_cell_object	1	positive_shift	#840D78	1.152078
133	exa_loop_object	abductive_world_object	-1	negative_shift	#35CA02	0.864253
133	exa_loop_object	fuzz_soundness_object	0	same_trit_relabel	#AD2269	0.988406
133	exa_loop_object	ternary_regression_object	1	positive_shift	#7EA0D0	0.882913
133	exa_loop_object	nonriemannian_gate_object	-1	negative_shift	#BAAF3A	0.770531
133	exa_loop_object	aqua_hygiene_object	1	positive_shift	#1BD8AB	0.627503
133	exa_loop_object	scip_catcolab_object	-1	negative_shift	#877223	1.051345
134	aqua_hygiene_object	color_space_object	-1	negative_shift	#8F6F32	1.293381
134	aqua_hygiene_object	trit_tick_object	0	same_trit_relabel	#78B4B0	0.662432
134	aqua_hygiene_object	rng_determinism_object	1	positive_shift	#37EFE3	0.518064
134	aqua_hygiene_object	parallel_invariance_object	-1	negative_shift	#C46C10	1.302294
134	aqua_hygiene_object	palette_interface_object	0	same_trit_relabel	#E4470E	1.049604
134	aqua_hygiene_object	lisp_semantics_object	1	positive_shift	#3E28FA	1.123011
134	aqua_hygiene_object	entropy_source_object	-1	negative_shift	#DEE3CB	1.126926
134	aqua_hygiene_object	propagator_cell_object	0	same_trit_relabel	#2EA765	0.320539
134	aqua_hygiene_object	abductive_world_object	1	positive_shift	#D025A9	1.433115
134	aqua_hygiene_object	fuzz_soundness_object	-1	negative_shift	#1AABB8	0.845875
134	aqua_hygiene_object	ternary_regression_object	0	same_trit_relabel	#6C3C1B	0.807481
134	aqua_hygiene_object	nonriemannian_gate_object	1	positive_shift	#E6D550	0.7563
134	aqua_hygiene_object	exa_loop_object	-1	negative_shift	#C6D375	1.035174
134	aqua_hygiene_object	scip_catcolab_object	1	positive_shift	#F5B58C	1.555486
135	scip_catcolab_object	color_space_object	1	positive_shift	#1A188B	0.696687
135	scip_catcolab_object	trit_tick_object	-1	negative_shift	#9604DF	0.884673
135	scip_catcolab_object	rng_determinism_object	0	same_trit_relabel	#9268A1	0.966163
135	scip_catcolab_object	parallel_invariance_object	1	positive_shift	#75FE93	1.108605
135	scip_catcolab_object	palette_interface_object	-1	negative_shift	#6CDE2F	0.897603
135	scip_catcolab_object	lisp_semantics_object	0	same_trit_relabel	#D891A6	0.735009
135	scip_catcolab_object	entropy_source_object	1	positive_shift	#8D8B70	1.081809
135	scip_catcolab_object	propagator_cell_object	-1	negative_shift	#5D4B34	1.316928
135	scip_catcolab_object	abductive_world_object	0	same_trit_relabel	#874F3E	0.183142
135	scip_catcolab_object	fuzz_soundness_object	1	positive_shift	#212210	1.421199
135	scip_catcolab_object	ternary_regression_object	-1	negative_shift	#BE3B8C	1.149717
135	scip_catcolab_object	nonriemannian_gate_object	0	same_trit_relabel	#46126C	0.679383
135	scip_catcolab_object	exa_loop_object	1	positive_shift	#867BFE	0.75274
135	scip_catcolab_object	aqua_hygiene_object	-1	negative_shift	#DAA232	0.578392
136	color_space_object	trit_tick_object	1	positive_shift	#4B8D04	1.178893
136	color_space_object	rng_determinism_object	-1	negative_shift	#B72919	1.315684
136	color_space_object	parallel_invariance_object	0	same_trit_relabel	#6B211D	1.068755
136	color_space_object	palette_interface_object	1	positive_shift	#211040	0.719344
136	color_space_object	lisp_semantics_object	-1	negative_shift	#AA02E5	0.815192
136	color_space_object	entropy_source_object	0	same_trit_relabel	#C75B9B	0.862112
136	color_space_object	propagator_cell_object	1	positive_shift	#DF6271	1.175659
136	color_space_object	abductive_world_object	-1	negative_shift	#FFC6A4	1.384767
136	color_space_object	fuzz_soundness_object	0	same_trit_relabel	#255426	0.84636
136	color_space_object	ternary_regression_object	1	positive_shift	#2C5161	0.768698
136	color_space_object	nonriemannian_gate_object	-1	negative_shift	#FCA1F4	1.177519
136	color_space_object	exa_loop_object	0	same_trit_relabel	#B998C4	0.755337
136	color_space_object	aqua_hygiene_object	1	positive_shift	#C49570	1.033375
136	color_space_object	scip_catcolab_object	-1	negative_shift	#946612	1.089434
137	trit_tick_object	color_space_object	-1	negative_shift	#17113E	0.526607
137	trit_tick_object	rng_determinism_object	1	positive_shift	#3116EE	1.103989
137	trit_tick_object	parallel_invariance_object	-1	negative_shift	#B1C8BC	1.145572
137	trit_tick_object	palette_interface_object	0	same_trit_relabel	#8B6DB6	0.589332
137	trit_tick_object	lisp_semantics_object	1	positive_shift	#A80B85	1.027673
137	trit_tick_object	entropy_source_object	-1	negative_shift	#08103D	1.071297
137	trit_tick_object	propagator_cell_object	0	same_trit_relabel	#E637C7	0.845905
137	trit_tick_object	abductive_world_object	1	positive_shift	#E46C0E	0.635905
137	trit_tick_object	fuzz_soundness_object	-1	negative_shift	#CC4600	1.318123
137	trit_tick_object	ternary_regression_object	0	same_trit_relabel	#2AC64B	0.676809
137	trit_tick_object	nonriemannian_gate_object	1	positive_shift	#C83C56	0.827155
137	trit_tick_object	exa_loop_object	-1	negative_shift	#77DA5E	0.563673
137	trit_tick_object	aqua_hygiene_object	0	same_trit_relabel	#E923A4	0.17855
137	trit_tick_object	scip_catcolab_object	1	positive_shift	#22D528	0.863036
138	rng_determinism_object	color_space_object	1	positive_shift	#622B80	0.849582
138	rng_determinism_object	trit_tick_object	-1	negative_shift	#9F2FEF	0.699218
138	rng_determinism_object	parallel_invariance_object	1	positive_shift	#05C266	1.228998
138	rng_determinism_object	palette_interface_object	-1	negative_shift	#E64011	0.727895
138	rng_determinism_object	lisp_semantics_object	0	same_trit_relabel	#4AA8C7	0.455071
138	rng_determinism_object	entropy_source_object	1	positive_shift	#A63984	1.044198
138	rng_determinism_object	propagator_cell_object	-1	negative_shift	#325DFA	0.981069
138	rng_determinism_object	abductive_world_object	0	same_trit_relabel	#CBA2F1	0.69102
138	rng_determinism_object	fuzz_soundness_object	1	positive_shift	#D9249F	1.099124
138	rng_determinism_object	ternary_regression_object	-1	negative_shift	#1FC918	0.599336
138	rng_determinism_object	nonriemannian_gate_object	0	same_trit_relabel	#393D7B	0.435382
138	rng_determinism_object	exa_loop_object	1	positive_shift	#35FF74	0.627032
138	rng_determinism_object	aqua_hygiene_object	-1	negative_shift	#18BFDC	0.653992
138	rng_determinism_object	scip_catcolab_object	0	same_trit_relabel	#454977	0.627181
139	parallel_invariance_object	color_space_object	0	same_trit_relabel	#DDDAB0	0.683355
139	parallel_invariance_object	trit_tick_object	1	positive_shift	#60DC45	0.776904
139	parallel_invariance_object	rng_determinism_object	-1	negative_shift	#DDB34F	0.687254
139	parallel_invariance_object	palette_interface_object	1	positive_shift	#A15533	1.024665
139	parallel_invariance_object	lisp_semantics_object	-1	negative_shift	#82F10D	0.800955
139	parallel_invariance_object	entropy_source_object	0	same_trit_relabel	#1EE1B7	0.451406
139	parallel_invariance_object	propagator_cell_object	1	positive_shift	#809D50	0.622281
139	parallel_invariance_object	abductive_world_object	-1	negative_shift	#A3AF39	1.063156
139	parallel_invariance_object	fuzz_soundness_object	0	same_trit_relabel	#24B9ED	0.453175
139	parallel_invariance_object	ternary_regression_object	1	positive_shift	#51D605	0.978071
139	parallel_invariance_object	nonriemannian_gate_object	-1	negative_shift	#C9C0E2	0.518147
139	parallel_invariance_object	exa_loop_object	0	same_trit_relabel	#C55CD1	0.374546
139	parallel_invariance_object	aqua_hygiene_object	1	positive_shift	#15D8A7	0.929889
139	parallel_invariance_object	scip_catcolab_object	-1	negative_shift	#1505D5	1.148991
140	palette_interface_object	color_space_object	-1	negative_shift	#E00CE4	0.895829
140	palette_interface_object	trit_tick_object	0	same_trit_relabel	#879791	0.655747
140	palette_interface_object	rng_determinism_object	1	positive_shift	#BEF131	1.249588
140	palette_interface_object	parallel_invariance_object	-1	negative_shift	#B3E4D7	0.912957
140	palette_interface_object	lisp_semantics_object	1	positive_shift	#479621	1.165076
140	palette_interface_object	entropy_source_object	-1	negative_shift	#348215	0.97825
140	palette_interface_object	propagator_cell_object	0	same_trit_relabel	#EC4487	0.92657
140	palette_interface_object	abductive_world_object	1	positive_shift	#DB3A0F	0.593343
140	palette_interface_object	fuzz_soundness_object	-1	negative_shift	#F1E127	1.362317
140	palette_interface_object	ternary_regression_object	0	same_trit_relabel	#799900	1.05049
140	palette_interface_object	nonriemannian_gate_object	1	positive_shift	#4390CA	0.994464
140	palette_interface_object	exa_loop_object	-1	negative_shift	#F05A41	0.873557
140	palette_interface_object	aqua_hygiene_object	0	same_trit_relabel	#680B3B	0.565332
140	palette_interface_object	scip_catcolab_object	1	positive_shift	#71E0A5	0.964279
141	lisp_semantics_object	color_space_object	1	positive_shift	#4C6899	0.800543
141	lisp_semantics_object	trit_tick_object	-1	negative_shift	#C28F03	0.826033
141	lisp_semantics_object	rng_determinism_object	0	same_trit_relabel	#8E962D	0.833755
141	lisp_semantics_object	parallel_invariance_object	1	positive_shift	#AA8B30	1.024442
141	lisp_semantics_object	palette_interface_object	-1	negative_shift	#5FA705	0.644425
141	lisp_semantics_object	entropy_source_object	1	positive_shift	#929C2E	0.919487
141	lisp_semantics_object	propagator_cell_object	-1	negative_shift	#2E4B2A	1.119508
141	lisp_semantics_object	abductive_world_object	0	same_trit_relabel	#A50C2F	0.410249
141	lisp_semantics_object	fuzz_soundness_object	1	positive_shift	#41D940	1.201773
141	lisp_semantics_object	ternary_regression_object	-1	negative_shift	#695702	0.938692
141	lisp_semantics_object	nonriemannian_gate_object	0	same_trit_relabel	#8075F6	0.556504
141	lisp_semantics_object	exa_loop_object	1	positive_shift	#098307	0.652911
141	lisp_semantics_object	aqua_hygiene_object	-1	negative_shift	#30F65E	0.497572
141	lisp_semantics_object	scip_catcolab_object	0	same_trit_relabel	#74278D	0.308436
142	entropy_source_object	color_space_object	0	same_trit_relabel	#765ABC	0.409123
142	entropy_source_object	trit_tick_object	1	positive_shift	#706539	1.025076
142	entropy_source_object	rng_determinism_object	-1	negative_shift	#D41DAE	1.461642
142	entropy_source_object	parallel_invariance_object	0	same_trit_relabel	#CD4E61	0.962008
142	entropy_source_object	palette_interface_object	1	positive_shift	#B54746	1.184169
142	entropy_source_object	lisp_semantics_object	-1	negative_shift	#66BA4F	1.351054
142	entropy_source_object	propagator_cell_object	1	positive_shift	#09945A	1.539495
142	entropy_source_object	abductive_world_object	-1	negative_shift	#6619CE	0.579925
142	entropy_source_object	fuzz_soundness_object	0	same_trit_relabel	#225EEC	1.330626
142	entropy_source_object	ternary_regression_object	1	positive_shift	#1BCF0A	1.378922
142	entropy_source_object	nonriemannian_gate_object	-1	negative_shift	#A35695	1.190965
142	entropy_source_object	exa_loop_object	0	same_trit_relabel	#9DB785	0.619695
142	entropy_source_object	aqua_hygiene_object	1	positive_shift	#FD923F	0.827109
142	entropy_source_object	scip_catcolab_object	-1	negative_shift	#043A5D	0.946228
143	propagator_cell_object	color_space_object	-1	negative_shift	#0F0D1B	0.689355
143	propagator_cell_object	trit_tick_object	0	same_trit_relabel	#48E4A9	0.306911
143	propagator_cell_object	rng_determinism_object	1	positive_shift	#465753	0.980452
143	propagator_cell_object	parallel_invariance_object	-1	negative_shift	#16D9E7	1.012727
143	propagator_cell_object	palette_interface_object	0	same_trit_relabel	#F49E64	0.494755
143	propagator_cell_object	lisp_semantics_object	1	positive_shift	#237497	0.852049
143	propagator_cell_object	entropy_source_object	-1	negative_shift	#2AD292	0.900715
143	propagator_cell_object	abductive_world_object	1	positive_shift	#23ECB0	0.725569
143	propagator_cell_object	fuzz_soundness_object	-1	negative_shift	#2065CF	1.127594
143	propagator_cell_object	ternary_regression_object	0	same_trit_relabel	#934972	0.594127
143	propagator_cell_object	nonriemannian_gate_object	1	positive_shift	#D21985	0.692794
143	propagator_cell_object	exa_loop_object	-1	negative_shift	#D2F88B	0.45616
143	propagator_cell_object	aqua_hygiene_object	0	same_trit_relabel	#91ECC3	0.211401
143	propagator_cell_object	scip_catcolab_object	1	positive_shift	#A837F3	0.844553
144	abductive_world_object	color_space_object	1	positive_shift	#19CA8F	0.528862
144	abductive_world_object	trit_tick_object	-1	negative_shift	#026BB7	0.822273
144	abductive_world_object	rng_determinism_object	0	same_trit_relabel	#F1604A	0.979058
144	abductive_world_object	parallel_invariance_object	1	positive_shift	#3CB0E5	1.440814
144	abductive_world_object	palette_interface_object	-1	negative_shift	#D23CAF	1.105643
144	abductive_world_object	lisp_semantics_object	0	same_trit_relabel	#126435	0.957505
144	abductive_world_object	entropy_source_object	1	positive_shift	#565214	1.376507
144	abductive_world_object	propagator_cell_object	-1	negative_shift	#C6D057	1.448563
144	abductive_world_object	fuzz_soundness_object	1	positive_shift	#CAEEA0	1.600534
144	abductive_world_object	ternary_regression_object	-1	negative_shift	#0203CC	1.120163
144	abductive_world_object	nonriemannian_gate_object	0	same_trit_relabel	#D7A63E	0.737568
144	abductive_world_object	exa_loop_object	1	positive_shift	#F5B0E8	0.821643
144	abductive_world_object	aqua_hygiene_object	-1	negative_shift	#3FAD0A	0.703418
144	abductive_world_object	scip_catcolab_object	0	same_trit_relabel	#F605B9	0.694306
145	fuzz_soundness_object	color_space_object	0	same_trit_relabel	#10C51C	0.525812
145	fuzz_soundness_object	trit_tick_object	1	positive_shift	#DCB427	0.686383
145	fuzz_soundness_object	rng_determinism_object	-1	negative_shift	#0F4EDA	0.756754
145	fuzz_soundness_object	parallel_invariance_object	0	same_trit_relabel	#5D2C9A	0.871559
145	fuzz_soundness_object	palette_interface_object	1	positive_shift	#F971A9	1.281064
145	fuzz_soundness_object	lisp_semantics_object	-1	negative_shift	#77114B	1.17363
145	fuzz_soundness_object	entropy_source_object	0	same_trit_relabel	#C9E325	0.781849
145	fuzz_soundness_object	propagator_cell_object	1	positive_shift	#6BDCD5	0.978595
145	fuzz_soundness_object	abductive_world_object	-1	negative_shift	#FCF4D2	1.011957
145	fuzz_soundness_object	ternary_regression_object	1	positive_shift	#719F46	1.153185
145	fuzz_soundness_object	nonriemannian_gate_object	-1	negative_shift	#C82FA7	0.633993
145	fuzz_soundness_object	exa_loop_object	0	same_trit_relabel	#8EF59D	0.41637
145	fuzz_soundness_object	aqua_hygiene_object	1	positive_shift	#A622FD	0.984361
145	fuzz_soundness_object	scip_catcolab_object	-1	negative_shift	#528BB5	1.307778
146	ternary_regression_object	color_space_object	-1	negative_shift	#C9356C	1.28022
146	ternary_regression_object	trit_tick_object	0	same_trit_relabel	#27E415	0.803242
146	ternary_regression_object	rng_determinism_object	1	positive_shift	#2E26EF	1.16253
146	ternary_regression_object	parallel_invariance_object	-1	negative_shift	#41BEE8	0.902177
146	ternary_regression_object	palette_interface_object	0	same_trit_relabel	#FDC8D7	0.409086
146	ternary_regression_object	lisp_semantics_object	1	positive_shift	#5834EF	0.448936
146	ternary_regression_object	entropy_source_object	-1	negative_shift	#0C1C73	0.685795
146	ternary_regression_object	propagator_cell_object	0	same_trit_relabel	#98B73D	0.555383
146	ternary_regression_object	abductive_world_object	1	positive_shift	#8E5DF3	1.196658
146	ternary_regression_object	fuzz_soundness_object	-1	negative_shift	#9634F3	0.824611
146	ternary_regression_object	nonriemannian_gate_object	1	positive_shift	#C8650C	0.99858
146	ternary_regression_object	exa_loop_object	-1	negative_shift	#F0F58D	0.983155
146	ternary_regression_object	aqua_hygiene_object	0	same_trit_relabel	#6EDC05	0.677183
146	ternary_regression_object	scip_catcolab_object	1	positive_shift	#8EEEA0	0.959054
147	nonriemannian_gate_object	color_space_object	1	positive_shift	#592E0E	0.83716
147	nonriemannian_gate_object	trit_tick_object	-1	negative_shift	#19E22A	0.624297
147	nonriemannian_gate_object	rng_determinism_object	0	same_trit_relabel	#D65C7F	0.51374
147	nonriemannian_gate_object	parallel_invariance_object	1	positive_shift	#DD9FE1	1.144198
147	nonriemannian_gate_object	palette_interface_object	-1	negative_shift	#792472	0.800461
147	nonriemannian_gate_object	lisp_semantics_object	0	same_trit_relabel	#8E12ED	0.426316
147	nonriemannian_gate_object	entropy_source_object	1	positive_shift	#81F3F8	0.956813
147	nonriemannian_gate_object	propagator_cell_object	-1	negative_shift	#743374	0.860897
147	nonriemannian_gate_object	abductive_world_object	0	same_trit_relabel	#816ADE	0.661363
147	nonriemannian_gate_object	fuzz_soundness_object	1	positive_shift	#C30C1C	0.999735
147	nonriemannian_gate_object	ternary_regression_object	-1	negative_shift	#829F08	0.67921
147	nonriemannian_gate_object	exa_loop_object	1	positive_shift	#131016	0.542651
147	nonriemannian_gate_object	aqua_hygiene_object	-1	negative_shift	#DC67A7	0.683914
147	nonriemannian_gate_object	scip_catcolab_object	0	same_trit_relabel	#152F3C	0.662548
148	exa_loop_object	color_space_object	0	same_trit_relabel	#3B9246	0.589084
148	exa_loop_object	trit_tick_object	1	positive_shift	#A63984	1.009096
148	exa_loop_object	rng_determinism_object	-1	negative_shift	#3419C2	1.376566
148	exa_loop_object	parallel_invariance_object	0	same_trit_relabel	#6CBA71	0.839665
148	exa_loop_object	palette_interface_object	1	positive_shift	#A3AFBB	0.615523
148	exa_loop_object	lisp_semantics_object	-1	negative_shift	#6FE2F8	0.924581
148	exa_loop_object	entropy_source_object	0	same_trit_relabel	#22ABA8	0.75243
148	exa_loop_object	propagator_cell_object	1	positive_shift	#6FD841	1.316866
148	exa_loop_object	abductive_world_object	-1	negative_shift	#810B1F	0.8515
148	exa_loop_object	fuzz_soundness_object	0	same_trit_relabel	#75D671	1.043329
148	exa_loop_object	ternary_regression_object	1	positive_shift	#C71302	1.013949
148	exa_loop_object	nonriemannian_gate_object	-1	negative_shift	#13A67C	1.108545
148	exa_loop_object	aqua_hygiene_object	1	positive_shift	#ACB87E	0.628391
148	exa_loop_object	scip_catcolab_object	-1	negative_shift	#BA3126	0.562971
149	aqua_hygiene_object	color_space_object	-1	negative_shift	#6F2716	1.394348
149	aqua_hygiene_object	trit_tick_object	0	same_trit_relabel	#6B56F0	0.967611
149	aqua_hygiene_object	rng_determinism_object	1	positive_shift	#8BCA81	1.287025
149	aqua_hygiene_object	parallel_invariance_object	-1	negative_shift	#28DBE5	0.472203
149	aqua_hygiene_object	palette_interface_object	0	same_trit_relabel	#762433	0.780392
149	aqua_hygiene_object	lisp_semantics_object	1	positive_shift	#D7415D	0.894406
149	aqua_hygiene_object	entropy_source_object	-1	negative_shift	#AC025B	0.529921
149	aqua_hygiene_object	propagator_cell_object	0	same_trit_relabel	#3429B0	0.696429
149	aqua_hygiene_object	abductive_world_object	1	positive_shift	#E091B9	1.157553
149	aqua_hygiene_object	fuzz_soundness_object	-1	negative_shift	#3E7390	0.964755
149	aqua_hygiene_object	ternary_regression_object	0	same_trit_relabel	#B227FF	1.095312
149	aqua_hygiene_object	nonriemannian_gate_object	1	positive_shift	#76B60C	1.119742
149	aqua_hygiene_object	exa_loop_object	-1	negative_shift	#EB0E8A	1.140996
149	aqua_hygiene_object	scip_catcolab_object	1	positive_shift	#E4C606	1.085866
150	scip_catcolab_object	color_space_object	1	positive_shift	#805B17	0.847373
150	scip_catcolab_object	trit_tick_object	-1	negative_shift	#9ACF0D	0.841884
150	scip_catcolab_object	rng_determinism_object	0	same_trit_relabel	#4C82C1	0.80984
150	scip_catcolab_object	parallel_invariance_object	1	positive_shift	#6C5EB5	0.962424
150	scip_catcolab_object	palette_interface_object	-1	negative_shift	#BBBC80	0.631708
150	scip_catcolab_object	lisp_semantics_object	0	same_trit_relabel	#43158E	0.414389
150	scip_catcolab_object	entropy_source_object	1	positive_shift	#7A4594	0.849865
150	scip_catcolab_object	propagator_cell_object	-1	negative_shift	#6CBC7F	1.070067
150	scip_catcolab_object	abductive_world_object	0	same_trit_relabel	#713197	0.431978
150	scip_catcolab_object	fuzz_soundness_object	1	positive_shift	#C7661E	1.142631
150	scip_catcolab_object	ternary_regression_object	-1	negative_shift	#81D94B	0.947043
150	scip_catcolab_object	nonriemannian_gate_object	0	same_trit_relabel	#251337	0.535089
150	scip_catcolab_object	exa_loop_object	1	positive_shift	#B49F07	0.659012
150	scip_catcolab_object	aqua_hygiene_object	-1	negative_shift	#29A4CE	0.558064
151	color_space_object	trit_tick_object	1	positive_shift	#C1F340	0.833837
151	color_space_object	rng_determinism_object	-1	negative_shift	#1023AF	1.037165
151	color_space_object	parallel_invariance_object	0	same_trit_relabel	#9E1F6A	0.847785
151	color_space_object	palette_interface_object	1	positive_shift	#AF01E8	0.62052
151	color_space_object	lisp_semantics_object	-1	negative_shift	#EA3AF0	0.670725
151	color_space_object	entropy_source_object	0	same_trit_relabel	#52D0E2	0.648981
151	color_space_object	propagator_cell_object	1	positive_shift	#8F99AB	0.962229
151	color_space_object	abductive_world_object	-1	negative_shift	#1A9A99	1.078328
151	color_space_object	fuzz_soundness_object	0	same_trit_relabel	#9795E1	0.705327
151	color_space_object	ternary_regression_object	1	positive_shift	#227934	0.632737
151	color_space_object	nonriemannian_gate_object	-1	negative_shift	#DB98B4	0.842383
151	color_space_object	exa_loop_object	0	same_trit_relabel	#EFDB91	0.395457
151	color_space_object	aqua_hygiene_object	1	positive_shift	#BC6A80	0.725451
151	color_space_object	scip_catcolab_object	-1	negative_shift	#364895	0.921647
152	trit_tick_object	color_space_object	-1	negative_shift	#49DC74	1.384767
152	trit_tick_object	rng_determinism_object	1	positive_shift	#342D9D	0.783204
152	trit_tick_object	parallel_invariance_object	-1	negative_shift	#694CC1	1.112651
152	trit_tick_object	palette_interface_object	0	same_trit_relabel	#22E1E1	0.878738
152	trit_tick_object	lisp_semantics_object	1	positive_shift	#48F9FE	0.879291
152	trit_tick_object	entropy_source_object	-1	negative_shift	#012552	0.899603
152	trit_tick_object	propagator_cell_object	0	same_trit_relabel	#951465	0.106245
152	trit_tick_object	abductive_world_object	1	positive_shift	#6A7616	1.427823
152	trit_tick_object	fuzz_soundness_object	-1	negative_shift	#C32E6A	0.481369
152	trit_tick_object	ternary_regression_object	0	same_trit_relabel	#08B4F0	0.778182
152	trit_tick_object	nonriemannian_gate_object	1	positive_shift	#93CEE7	0.847194
152	trit_tick_object	exa_loop_object	-1	negative_shift	#46FA64	1.064104
152	trit_tick_object	aqua_hygiene_object	0	same_trit_relabel	#5292A8	0.929255
152	trit_tick_object	scip_catcolab_object	1	positive_shift	#B6881A	1.418368
153	rng_determinism_object	color_space_object	1	positive_shift	#3188E4	1.222596
153	rng_determinism_object	trit_tick_object	-1	negative_shift	#20BDE2	0.982445
153	rng_determinism_object	parallel_invariance_object	1	positive_shift	#DE0403	0.936962
153	rng_determinism_object	palette_interface_object	-1	negative_shift	#4B744D	1.13266
153	rng_determinism_object	lisp_semantics_object	0	same_trit_relabel	#45F98F	0.497792
153	rng_determinism_object	entropy_source_object	1	positive_shift	#EA01C8	0.748316
153	rng_determinism_object	propagator_cell_object	-1	negative_shift	#6F9F50	0.514618
153	rng_determinism_object	abductive_world_object	0	same_trit_relabel	#A6A1EA	0.890231
153	rng_determinism_object	fuzz_soundness_object	1	positive_shift	#B54C1C	0.625378
153	rng_determinism_object	ternary_regression_object	-1	negative_shift	#433026	1.112295
153	rng_determinism_object	nonriemannian_gate_object	0	same_trit_relabel	#50CE8D	0.377796
153	rng_determinism_object	exa_loop_object	1	positive_shift	#B48778	0.912319
153	rng_determinism_object	aqua_hygiene_object	-1	negative_shift	#E45FF5	1.116421
153	rng_determinism_object	scip_catcolab_object	0	same_trit_relabel	#99D12B	0.936352
154	parallel_invariance_object	color_space_object	0	same_trit_relabel	#3D5D37	0.850664
154	parallel_invariance_object	trit_tick_object	1	positive_shift	#E35A96	0.990439
154	parallel_invariance_object	rng_determinism_object	-1	negative_shift	#1D28B1	1.0167
154	parallel_invariance_object	palette_interface_object	1	positive_shift	#0DE3E1	0.726293
154	parallel_invariance_object	lisp_semantics_object	-1	negative_shift	#159218	0.518438
154	parallel_invariance_object	entropy_source_object	0	same_trit_relabel	#F24574	0.549594
154	parallel_invariance_object	propagator_cell_object	1	positive_shift	#B93A27	0.818626
154	parallel_invariance_object	abductive_world_object	-1	negative_shift	#87DAF0	1.231912
154	parallel_invariance_object	fuzz_soundness_object	0	same_trit_relabel	#8A24A7	0.49773
154	parallel_invariance_object	ternary_regression_object	1	positive_shift	#4D3002	0.760856
154	parallel_invariance_object	nonriemannian_gate_object	-1	negative_shift	#3D5D37	0.884338
154	parallel_invariance_object	exa_loop_object	0	same_trit_relabel	#72918F	0.549761
154	parallel_invariance_object	aqua_hygiene_object	1	positive_shift	#D3B2B3	0.940176
154	parallel_invariance_object	scip_catcolab_object	-1	negative_shift	#ABEAD4	1.044706
155	palette_interface_object	color_space_object	-1	negative_shift	#1F0065	1.10795
155	palette_interface_object	trit_tick_object	0	same_trit_relabel	#B81FFE	0.606843
155	palette_interface_object	rng_determinism_object	1	positive_shift	#75FE93	0.956986
155	palette_interface_object	parallel_invariance_object	-1	negative_shift	#86A709	0.817119
155	palette_interface_object	lisp_semantics_object	1	positive_shift	#59BF96	0.539691
155	palette_interface_object	entropy_source_object	-1	negative_shift	#E78883	0.586267
155	palette_interface_object	propagator_cell_object	0	same_trit_relabel	#63C2F2	0.40186
155	palette_interface_object	abductive_world_object	1	positive_shift	#9E9C57	1.048619
155	palette_interface_object	fuzz_soundness_object	-1	negative_shift	#AD51FB	0.760586
155	palette_interface_object	ternary_regression_object	0	same_trit_relabel	#0DD016	0.64949
155	palette_interface_object	nonriemannian_gate_object	1	positive_shift	#E31A12	0.768839
155	palette_interface_object	exa_loop_object	-1	negative_shift	#2ACAFA	0.792843
155	palette_interface_object	aqua_hygiene_object	0	same_trit_relabel	#AB44AE	0.56352
155	palette_interface_object	scip_catcolab_object	1	positive_shift	#CE8B7C	0.963292
156	lisp_semantics_object	color_space_object	1	positive_shift	#BAF5A2	1.467114
156	lisp_semantics_object	trit_tick_object	-1	negative_shift	#2EDC24	1.183799
156	lisp_semantics_object	rng_determinism_object	0	same_trit_relabel	#93409B	0.484833
156	lisp_semantics_object	parallel_invariance_object	1	positive_shift	#3B7D0F	1.200603
156	lisp_semantics_object	palette_interface_object	-1	negative_shift	#045F7A	1.287508
156	lisp_semantics_object	entropy_source_object	1	positive_shift	#25A6BD	0.989139
156	lisp_semantics_object	propagator_cell_object	-1	negative_shift	#00E17B	0.521691
156	lisp_semantics_object	abductive_world_object	0	same_trit_relabel	#690048	1.191079
156	lisp_semantics_object	fuzz_soundness_object	1	positive_shift	#2885C3	0.518272
156	lisp_semantics_object	ternary_regression_object	-1	negative_shift	#BBEA8F	1.153776
156	lisp_semantics_object	nonriemannian_gate_object	0	same_trit_relabel	#0EA5C2	0.590414
156	lisp_semantics_object	exa_loop_object	1	positive_shift	#F678FD	1.148793
156	lisp_semantics_object	aqua_hygiene_object	-1	negative_shift	#F9CA40	1.34902
156	lisp_semantics_object	scip_catcolab_object	0	same_trit_relabel	#93093A	1.175771
157	entropy_source_object	color_space_object	0	same_trit_relabel	#2D11BA	0.501654
157	entropy_source_object	trit_tick_object	1	positive_shift	#0E8FF7	0.812904
157	entropy_source_object	rng_determinism_object	-1	negative_shift	#52B341	0.994464
157	entropy_source_object	parallel_invariance_object	0	same_trit_relabel	#4ABDD7	0.730318
157	entropy_source_object	palette_interface_object	1	positive_shift	#EC0DD6	1.259363
157	entropy_source_object	lisp_semantics_object	-1	negative_shift	#D63DE0	1.191449
157	entropy_source_object	propagator_cell_object	1	positive_shift	#934ED6	1.111901
157	entropy_source_object	abductive_world_object	-1	negative_shift	#73F2D2	0.814745
157	entropy_source_object	fuzz_soundness_object	0	same_trit_relabel	#3845AB	0.935958
157	entropy_source_object	ternary_regression_object	1	positive_shift	#60A39A	1.289915
157	entropy_source_object	nonriemannian_gate_object	-1	negative_shift	#2F36B2	0.793947
157	entropy_source_object	exa_loop_object	0	same_trit_relabel	#11E85F	0.451832
157	entropy_source_object	aqua_hygiene_object	1	positive_shift	#C85BD6	0.944721
157	entropy_source_object	scip_catcolab_object	-1	negative_shift	#F04630	1.181825
158	propagator_cell_object	color_space_object	-1	negative_shift	#D9C4A4	0.814857
158	propagator_cell_object	trit_tick_object	0	same_trit_relabel	#1CDCB6	0.425305
158	propagator_cell_object	rng_determinism_object	1	positive_shift	#3D380F	1.087285
158	propagator_cell_object	parallel_invariance_object	-1	negative_shift	#14CB9A	1.159761
158	propagator_cell_object	palette_interface_object	0	same_trit_relabel	#1A8B4C	0.291148
158	propagator_cell_object	lisp_semantics_object	1	positive_shift	#DD421D	0.779238
158	propagator_cell_object	entropy_source_object	-1	negative_shift	#5963B1	1.003497
158	propagator_cell_object	abductive_world_object	1	positive_shift	#4DD5E5	0.911243
158	propagator_cell_object	fuzz_soundness_object	-1	negative_shift	#1A3ADD	1.161425
158	propagator_cell_object	ternary_regression_object	0	same_trit_relabel	#C3C4A0	0.406294
158	propagator_cell_object	nonriemannian_gate_object	1	positive_shift	#85B059	0.842367
158	propagator_cell_object	exa_loop_object	-1	negative_shift	#4998E4	0.630391
158	propagator_cell_object	aqua_hygiene_object	0	same_trit_relabel	#EF0ABE	0.205312
158	propagator_cell_object	scip_catcolab_object	1	positive_shift	#E6DF49	0.804722
159	abductive_world_object	color_space_object	1	positive_shift	#C2A6A0	0.685598
159	abductive_world_object	trit_tick_object	-1	negative_shift	#C5ACC1	0.683694
159	abductive_world_object	rng_determinism_object	0	same_trit_relabel	#CC8B1C	0.706699
159	abductive_world_object	parallel_invariance_object	1	positive_shift	#33985D	1.01396
159	abductive_world_object	palette_interface_object	-1	negative_shift	#8C3FA6	0.800049
159	abductive_world_object	lisp_semantics_object	0	same_trit_relabel	#16B1C0	0.527549
159	abductive_world_object	entropy_source_object	1	positive_shift	#DB0309	0.912983
159	abductive_world_object	propagator_cell_object	-1	negative_shift	#2066EE	1.04849
159	abductive_world_object	fuzz_soundness_object	1	positive_shift	#6569C6	1.167015
159	abductive_world_object	ternary_regression_object	-1	negative_shift	#DBAD16	0.946329
159	abductive_world_object	nonriemannian_gate_object	0	same_trit_relabel	#045AD7	0.419461
159	abductive_world_object	exa_loop_object	1	positive_shift	#F45932	0.505436
159	abductive_world_object	aqua_hygiene_object	-1	negative_shift	#1E1BD8	0.502143
159	abductive_world_object	scip_catcolab_object	0	same_trit_relabel	#8DC802	0.456943
160	fuzz_soundness_object	color_space_object	0	same_trit_relabel	#6C491F	0.900681
160	fuzz_soundness_object	trit_tick_object	1	positive_shift	#9E1109	1.258932
160	fuzz_soundness_object	rng_determinism_object	-1	negative_shift	#B540EF	1.491319
160	fuzz_soundness_object	parallel_invariance_object	0	same_trit_relabel	#3E116B	0.60664
160	fuzz_soundness_object	palette_interface_object	1	positive_shift	#9CEF1C	0.698966
160	fuzz_soundness_object	lisp_semantics_object	-1	negative_shift	#B0CF94	0.847134
160	fuzz_soundness_object	entropy_source_object	0	same_trit_relabel	#6B8FFF	0.565427
160	fuzz_soundness_object	propagator_cell_object	1	positive_shift	#0D1EFF	1.306688
160	fuzz_soundness_object	abductive_world_object	-1	negative_shift	#E9C1FB	1.004529
160	fuzz_soundness_object	ternary_regression_object	1	positive_shift	#75F5AA	1.244851
160	fuzz_soundness_object	nonriemannian_gate_object	-1	negative_shift	#26D11D	1.239564
160	fuzz_soundness_object	exa_loop_object	0	same_trit_relabel	#F04826	0.740554
160	fuzz_soundness_object	aqua_hygiene_object	1	positive_shift	#04F177	0.938527
160	fuzz_soundness_object	scip_catcolab_object	-1	negative_shift	#11B451	0.586995
161	ternary_regression_object	color_space_object	-1	negative_shift	#DD04CA	0.704559
161	ternary_regression_object	trit_tick_object	0	same_trit_relabel	#A11BBF	0.257931
161	ternary_regression_object	rng_determinism_object	1	positive_shift	#645BE8	0.858311
161	ternary_regression_object	parallel_invariance_object	-1	negative_shift	#8FB9A8	1.073139
161	ternary_regression_object	palette_interface_object	0	same_trit_relabel	#DDCAD4	0.742224
161	ternary_regression_object	lisp_semantics_object	1	positive_shift	#1DE346	1.021331
161	ternary_regression_object	entropy_source_object	-1	negative_shift	#70EF7E	0.984574
161	ternary_regression_object	propagator_cell_object	0	same_trit_relabel	#A21F08	0.645441
161	ternary_regression_object	abductive_world_object	1	positive_shift	#52EA58	0.806317
161	ternary_regression_object	fuzz_soundness_object	-1	negative_shift	#6C429C	1.14885
161	ternary_regression_object	nonriemannian_gate_object	1	positive_shift	#35F3F8	0.603467
161	ternary_regression_object	exa_loop_object	-1	negative_shift	#487763	0.555655
161	ternary_regression_object	aqua_hygiene_object	0	same_trit_relabel	#1EFDBD	0.431889
161	ternary_regression_object	scip_catcolab_object	1	positive_shift	#17D0CD	1.075919
162	nonriemannian_gate_object	color_space_object	1	positive_shift	#0F2AD5	0.93501
162	nonriemannian_gate_object	trit_tick_object	-1	negative_shift	#DDF052	0.65526
162	nonriemannian_gate_object	rng_determinism_object	0	same_trit_relabel	#C12E37	0.419626
162	nonriemannian_gate_object	parallel_invariance_object	1	positive_shift	#A32957	1.328809
162	nonriemannian_gate_object	palette_interface_object	-1	negative_shift	#BD6ADF	0.977486
162	nonriemannian_gate_object	lisp_semantics_object	0	same_trit_relabel	#1F4317	0.573756
162	nonriemannian_gate_object	entropy_source_object	1	positive_shift	#7ECD07	1.125966
162	nonriemannian_gate_object	propagator_cell_object	-1	negative_shift	#384ECE	0.861218
162	nonriemannian_gate_object	abductive_world_object	0	same_trit_relabel	#7CA838	0.849325
162	nonriemannian_gate_object	fuzz_soundness_object	1	positive_shift	#4BC8C5	1.029243
162	nonriemannian_gate_object	ternary_regression_object	-1	negative_shift	#E96399	0.600375
162	nonriemannian_gate_object	exa_loop_object	1	positive_shift	#8509A0	0.700602
162	nonriemannian_gate_object	aqua_hygiene_object	-1	negative_shift	#A228AC	0.865541
162	nonriemannian_gate_object	scip_catcolab_object	0	same_trit_relabel	#7637E0	0.876661
163	exa_loop_object	color_space_object	0	same_trit_relabel	#B5B0FF	0.635657
163	exa_loop_object	trit_tick_object	1	positive_shift	#C5DCEA	0.94792
163	exa_loop_object	rng_determinism_object	-1	negative_shift	#070518	1.077502
163	exa_loop_object	parallel_invariance_object	0	same_trit_relabel	#6E83C2	0.537956
163	exa_loop_object	palette_interface_object	1	positive_shift	#6EB400	1.225428
163	exa_loop_object	lisp_semantics_object	-1	negative_shift	#17AC52	1.129035
163	exa_loop_object	entropy_source_object	0	same_trit_relabel	#66E497	0.570841
163	exa_loop_object	propagator_cell_object	1	positive_shift	#72D71E	1.094502
163	exa_loop_object	abductive_world_object	-1	negative_shift	#0C6A21	0.803169
163	exa_loop_object	fuzz_soundness_object	0	same_trit_relabel	#46D37C	0.87588
163	exa_loop_object	ternary_regression_object	1	positive_shift	#690B0E	1.358679
163	exa_loop_object	nonriemannian_gate_object	-1	negative_shift	#67247E	0.867099
163	exa_loop_object	aqua_hygiene_object	1	positive_shift	#868C1B	0.986813
163	exa_loop_object	scip_catcolab_object	-1	negative_shift	#35531B	1.115291
164	aqua_hygiene_object	color_space_object	-1	negative_shift	#24AB18	1.268033
164	aqua_hygiene_object	trit_tick_object	0	same_trit_relabel	#8D6168	0.764666
164	aqua_hygiene_object	rng_determinism_object	1	positive_shift	#794D19	1.149057
164	aqua_hygiene_object	parallel_invariance_object	-1	negative_shift	#52F3B5	1.207201
164	aqua_hygiene_object	palette_interface_object	0	same_trit_relabel	#07F33C	0.37292
164	aqua_hygiene_object	lisp_semantics_object	1	positive_shift	#5327B9	0.596459
164	aqua_hygiene_object	entropy_source_object	-1	negative_shift	#26F060	0.981176
164	aqua_hygiene_object	propagator_cell_object	0	same_trit_relabel	#C74D1B	0.616498
164	aqua_hygiene_object	abductive_world_object	1	positive_shift	#850654	1.312611
164	aqua_hygiene_object	fuzz_soundness_object	-1	negative_shift	#206BA6	0.935176
164	aqua_hygiene_object	ternary_regression_object	0	same_trit_relabel	#01655B	0.45023
164	aqua_hygiene_object	nonriemannian_gate_object	1	positive_shift	#6D2965	1.021096
164	aqua_hygiene_object	exa_loop_object	-1	negative_shift	#7B2B10	0.990813
164	aqua_hygiene_object	scip_catcolab_object	1	positive_shift	#517F6F	1.061796
165	scip_catcolab_object	color_space_object	1	positive_shift	#E6A35A	0.969909
165	scip_catcolab_object	trit_tick_object	-1	negative_shift	#A1A3A6	1.059883
165	scip_catcolab_object	rng_determinism_object	0	same_trit_relabel	#17B722	1.033346
165	scip_catcolab_object	parallel_invariance_object	1	positive_shift	#8AB63F	0.889837
165	scip_catcolab_object	palette_interface_object	-1	negative_shift	#964956	0.804395
165	scip_catcolab_object	lisp_semantics_object	0	same_trit_relabel	#6E1844	0.604253
165	scip_catcolab_object	entropy_source_object	1	positive_shift	#8BC5D8	0.893843
165	scip_catcolab_object	propagator_cell_object	-1	negative_shift	#C877C3	1.273905
165	scip_catcolab_object	abductive_world_object	0	same_trit_relabel	#4DBAE6	0.337483
165	scip_catcolab_object	fuzz_soundness_object	1	positive_shift	#2EA08C	1.319083
165	scip_catcolab_object	ternary_regression_object	-1	negative_shift	#7EF76C	1.227477
165	scip_catcolab_object	nonriemannian_gate_object	0	same_trit_relabel	#ECE9CA	0.751244
165	scip_catcolab_object	exa_loop_object	1	positive_shift	#2976EA	0.880403
165	scip_catcolab_object	aqua_hygiene_object	-1	negative_shift	#9212AE	0.744631
166	color_space_object	trit_tick_object	1	positive_shift	#6A6E56	0.684023
166	color_space_object	rng_determinism_object	-1	negative_shift	#CA4B03	0.998961
166	color_space_object	parallel_invariance_object	0	same_trit_relabel	#DAF595	1.038157
166	color_space_object	palette_interface_object	1	positive_shift	#3042AF	0.849984
166	color_space_object	lisp_semantics_object	-1	negative_shift	#C079F2	0.937866
166	color_space_object	entropy_source_object	0	same_trit_relabel	#D14380	0.858286
166	color_space_object	propagator_cell_object	1	positive_shift	#6E20E2	1.074686
166	color_space_object	abductive_world_object	-1	negative_shift	#020549	1.088477
166	color_space_object	fuzz_soundness_object	0	same_trit_relabel	#F9C3D8	0.879525
166	color_space_object	ternary_regression_object	1	positive_shift	#D07905	0.559326
166	color_space_object	nonriemannian_gate_object	-1	negative_shift	#C9E571	0.825236
166	color_space_object	exa_loop_object	0	same_trit_relabel	#6A6E56	0.354354
166	color_space_object	aqua_hygiene_object	1	positive_shift	#6569C6	0.71009
166	color_space_object	scip_catcolab_object	-1	negative_shift	#6592E9	1.066467
167	trit_tick_object	color_space_object	-1	negative_shift	#A4AA7D	1.312069
167	trit_tick_object	rng_determinism_object	1	positive_shift	#65A2A9	1.264497
167	trit_tick_object	parallel_invariance_object	-1	negative_shift	#1CB361	0.380555
167	trit_tick_object	palette_interface_object	0	same_trit_relabel	#178ACA	0.765359
167	trit_tick_object	lisp_semantics_object	1	positive_shift	#97FAE7	0.91289
167	trit_tick_object	entropy_source_object	-1	negative_shift	#56214E	0.539878
167	trit_tick_object	propagator_cell_object	0	same_trit_relabel	#332460	0.712442
167	trit_tick_object	abductive_world_object	1	positive_shift	#57BB18	1.058102
167	trit_tick_object	fuzz_soundness_object	-1	negative_shift	#C102CD	1.014762
167	trit_tick_object	ternary_regression_object	0	same_trit_relabel	#D31A86	1.080903
167	trit_tick_object	nonriemannian_gate_object	1	positive_shift	#5F4904	1.076375
167	trit_tick_object	exa_loop_object	-1	negative_shift	#F8AD2C	1.079277
167	trit_tick_object	aqua_hygiene_object	0	same_trit_relabel	#EDA3EC	0.806233
167	trit_tick_object	scip_catcolab_object	1	positive_shift	#6541F7	1.032506
168	rng_determinism_object	color_space_object	1	positive_shift	#9DDB63	0.858809
168	rng_determinism_object	trit_tick_object	-1	negative_shift	#ADEB59	0.959312
168	rng_determinism_object	parallel_invariance_object	1	positive_shift	#8F411B	0.875149
168	rng_determinism_object	palette_interface_object	-1	negative_shift	#710AFB	0.9882
168	rng_determinism_object	lisp_semantics_object	0	same_trit_relabel	#F2B6D5	0.704629
168	rng_determinism_object	entropy_source_object	1	positive_shift	#E1C1E2	0.908963
168	rng_determinism_object	propagator_cell_object	-1	negative_shift	#470B37	1.231664
168	rng_determinism_object	abductive_world_object	0	same_trit_relabel	#EDC907	0.175597
168	rng_determinism_object	fuzz_soundness_object	1	positive_shift	#41137D	1.316764
168	rng_determinism_object	ternary_regression_object	-1	negative_shift	#4F6070	1.275245
168	rng_determinism_object	nonriemannian_gate_object	0	same_trit_relabel	#C73D79	0.648127
168	rng_determinism_object	exa_loop_object	1	positive_shift	#CFB874	0.806399
168	rng_determinism_object	aqua_hygiene_object	-1	negative_shift	#AFCDF5	0.764224
168	rng_determinism_object	scip_catcolab_object	0	same_trit_relabel	#0F3111	0.438603
169	parallel_invariance_object	color_space_object	0	same_trit_relabel	#C45AF9	0.396273
169	parallel_invariance_object	trit_tick_object	1	positive_shift	#E76356	0.620225
169	parallel_invariance_object	rng_determinism_object	-1	negative_shift	#92E5EB	0.951512
169	parallel_invariance_object	palette_interface_object	1	positive_shift	#F97477	0.762597
169	parallel_invariance_object	lisp_semantics_object	-1	negative_shift	#A3E3D9	0.796095
169	parallel_invariance_object	entropy_source_object	0	same_trit_relabel	#7E17C4	0.5995
169	parallel_invariance_object	propagator_cell_object	1	positive_shift	#03CD93	0.964828
169	parallel_invariance_object	abductive_world_object	-1	negative_shift	#26F1BD	0.837449
169	parallel_invariance_object	fuzz_soundness_object	0	same_trit_relabel	#2D90C2	0.759368
169	parallel_invariance_object	ternary_regression_object	1	positive_shift	#73F28A	0.799225
169	parallel_invariance_object	nonriemannian_gate_object	-1	negative_shift	#3F1E4F	0.682044
169	parallel_invariance_object	exa_loop_object	0	same_trit_relabel	#4845A5	0.123015
169	parallel_invariance_object	aqua_hygiene_object	1	positive_shift	#216E92	0.539691
169	parallel_invariance_object	scip_catcolab_object	-1	negative_shift	#C2AE76	0.869958
170	palette_interface_object	color_space_object	-1	negative_shift	#080CB9	0.773633
170	palette_interface_object	trit_tick_object	0	same_trit_relabel	#56B07D	0.437971
170	palette_interface_object	rng_determinism_object	1	positive_shift	#CED481	1.097043
170	palette_interface_object	parallel_invariance_object	-1	negative_shift	#C2B1B9	0.980547
170	palette_interface_object	lisp_semantics_object	1	positive_shift	#4F167B	0.792509
170	palette_interface_object	entropy_source_object	-1	negative_shift	#22F108	0.872588
170	palette_interface_object	propagator_cell_object	0	same_trit_relabel	#306D3F	0.72444
170	palette_interface_object	abductive_world_object	1	positive_shift	#B93FA3	0.721509
170	palette_interface_object	fuzz_soundness_object	-1	negative_shift	#82037F	1.150875
170	palette_interface_object	ternary_regression_object	0	same_trit_relabel	#880DA1	0.606551
170	palette_interface_object	nonriemannian_gate_object	1	positive_shift	#3E28FA	0.815192
170	palette_interface_object	exa_loop_object	-1	negative_shift	#0B7960	0.587994
170	palette_interface_object	aqua_hygiene_object	0	same_trit_relabel	#981606	0.176949
170	palette_interface_object	scip_catcolab_object	1	positive_shift	#F76AD8	0.702128
171	lisp_semantics_object	color_space_object	1	positive_shift	#DA01BB	0.754185
171	lisp_semantics_object	trit_tick_object	-1	negative_shift	#C72599	0.749205
171	lisp_semantics_object	rng_determinism_object	0	same_trit_relabel	#5796B2	0.802313
171	lisp_semantics_object	parallel_invariance_object	1	positive_shift	#70E7BD	1.24958
171	lisp_semantics_object	palette_interface_object	-1	negative_shift	#D4F3DC	0.699239
171	lisp_semantics_object	entropy_source_object	1	positive_shift	#E67052	1.106966
171	lisp_semantics_object	propagator_cell_object	-1	negative_shift	#54783D	1.154366
171	lisp_semantics_object	abductive_world_object	0	same_trit_relabel	#D4C2B8	0.571917
171	lisp_semantics_object	fuzz_soundness_object	1	positive_shift	#BB6FA3	1.265067
171	lisp_semantics_object	ternary_regression_object	-1	negative_shift	#592E0E	0.754532
171	lisp_semantics_object	nonriemannian_gate_object	0	same_trit_relabel	#A5167E	0.559686
171	lisp_semantics_object	exa_loop_object	1	positive_shift	#61C99A	0.654375
171	lisp_semantics_object	aqua_hygiene_object	-1	negative_shift	#9595E0	0.509891
171	lisp_semantics_object	scip_catcolab_object	0	same_trit_relabel	#79C1BC	0.501884
172	entropy_source_object	color_space_object	0	same_trit_relabel	#333CBC	0.548375
172	entropy_source_object	trit_tick_object	1	positive_shift	#F8E7AE	0.72315
172	entropy_source_object	rng_determinism_object	-1	negative_shift	#1FB4F0	0.814521
172	entropy_source_object	parallel_invariance_object	0	same_trit_relabel	#6DB1AE	0.580657
172	entropy_source_object	palette_interface_object	1	positive_shift	#A013B9	1.034
172	entropy_source_object	lisp_semantics_object	-1	negative_shift	#0B985F	0.89446
172	entropy_source_object	propagator_cell_object	1	positive_shift	#FC072F	0.827669
172	entropy_source_object	abductive_world_object	-1	negative_shift	#96D7B4	0.879798
172	entropy_source_object	fuzz_soundness_object	0	same_trit_relabel	#B86E46	0.641185
172	entropy_source_object	ternary_regression_object	1	positive_shift	#4DF11A	1.065071
172	entropy_source_object	nonriemannian_gate_object	-1	negative_shift	#A50B12	0.567776
172	entropy_source_object	exa_loop_object	0	same_trit_relabel	#E83C64	0.295994
172	entropy_source_object	aqua_hygiene_object	1	positive_shift	#035D4A	0.838196
172	entropy_source_object	scip_catcolab_object	-1	negative_shift	#32C22E	1.061796
173	propagator_cell_object	color_space_object	-1	negative_shift	#F4F2EE	1.204116
173	propagator_cell_object	trit_tick_object	0	same_trit_relabel	#037D66	0.862041
173	propagator_cell_object	rng_determinism_object	1	positive_shift	#DD7A91	1.330353
173	propagator_cell_object	parallel_invariance_object	-1	negative_shift	#29DC7D	0.523115
173	propagator_cell_object	palette_interface_object	0	same_trit_relabel	#2F2CF8	0.663858
173	propagator_cell_object	lisp_semantics_object	1	positive_shift	#CCF852	0.917897
173	propagator_cell_object	entropy_source_object	-1	negative_shift	#6D4EEC	0.644722
173	propagator_cell_object	abductive_world_object	1	positive_shift	#DAF60D	0.898148
173	propagator_cell_object	fuzz_soundness_object	-1	negative_shift	#10FB15	1.150159
173	propagator_cell_object	ternary_regression_object	0	same_trit_relabel	#EFAF41	1.04747
173	propagator_cell_object	nonriemannian_gate_object	1	positive_shift	#E3E73E	1.094744
173	propagator_cell_object	exa_loop_object	-1	negative_shift	#D6324F	1.018442
173	propagator_cell_object	aqua_hygiene_object	0	same_trit_relabel	#63A083	0.682556
173	propagator_cell_object	scip_catcolab_object	1	positive_shift	#AF9E20	0.84833
174	abductive_world_object	color_space_object	1	positive_shift	#1F0FE9	1.301635
174	abductive_world_object	trit_tick_object	-1	negative_shift	#2FC642	1.082866
174	abductive_world_object	rng_determinism_object	0	same_trit_relabel	#811E8C	0.563479
174	abductive_world_object	parallel_invariance_object	1	positive_shift	#242C72	0.86334
174	abductive_world_object	palette_interface_object	-1	negative_shift	#DAFEFD	1.086489
174	abductive_world_object	lisp_semantics_object	0	same_trit_relabel	#BC541C	0.419626
174	abductive_world_object	entropy_source_object	1	positive_shift	#92D67D	0.65243
174	abductive_world_object	propagator_cell_object	-1	negative_shift	#37B66E	0.579987
174	abductive_world_object	fuzz_soundness_object	1	positive_shift	#64C527	0.553605
174	abductive_world_object	ternary_regression_object	-1	negative_shift	#DF6A90	1.146877
174	abductive_world_object	nonriemannian_gate_object	0	same_trit_relabel	#E04AC0	0.496663
174	abductive_world_object	exa_loop_object	1	positive_shift	#3ACAB9	0.98203
174	abductive_world_object	aqua_hygiene_object	-1	negative_shift	#803384	1.147567
174	abductive_world_object	scip_catcolab_object	0	same_trit_relabel	#42B9C7	0.898048
175	fuzz_soundness_object	color_space_object	0	same_trit_relabel	#690E53	1.034469
175	fuzz_soundness_object	trit_tick_object	1	positive_shift	#1CE159	1.156246
175	fuzz_soundness_object	rng_determinism_object	-1	negative_shift	#7D497E	1.046962
175	fuzz_soundness_object	parallel_invariance_object	0	same_trit_relabel	#64785C	0.689338
175	fuzz_soundness_object	palette_interface_object	1	positive_shift	#836FA8	0.921673
175	fuzz_soundness_object	lisp_semantics_object	-1	negative_shift	#0FAC93	0.574087
175	fuzz_soundness_object	entropy_source_object	0	same_trit_relabel	#294CB5	0.446439
175	fuzz_soundness_object	propagator_cell_object	1	positive_shift	#175AFC	0.726058
175	fuzz_soundness_object	abductive_world_object	-1	negative_shift	#85CEAB	1.350865
175	fuzz_soundness_object	ternary_regression_object	1	positive_shift	#D3F19E	1.006999
175	fuzz_soundness_object	nonriemannian_gate_object	-1	negative_shift	#9BB40E	0.966894
175	fuzz_soundness_object	exa_loop_object	0	same_trit_relabel	#83F751	0.709815
175	fuzz_soundness_object	aqua_hygiene_object	1	positive_shift	#06402E	1.138937
175	fuzz_soundness_object	scip_catcolab_object	-1	negative_shift	#5FCD3F	1.177892
176	ternary_regression_object	color_space_object	-1	negative_shift	#5DFBC4	0.840051
176	ternary_regression_object	trit_tick_object	0	same_trit_relabel	#1B0016	0.18966
176	ternary_regression_object	rng_determinism_object	1	positive_shift	#DD7EB3	0.659414
176	ternary_regression_object	parallel_invariance_object	-1	negative_shift	#CBEFFF	1.287863
176	ternary_regression_object	palette_interface_object	0	same_trit_relabel	#E927DB	0.744241
176	ternary_regression_object	lisp_semantics_object	1	positive_shift	#57F8EE	0.994603
176	ternary_regression_object	entropy_source_object	-1	negative_shift	#27A532	1.116008
176	ternary_regression_object	propagator_cell_object	0	same_trit_relabel	#22E1E1	0.533852
176	ternary_regression_object	abductive_world_object	1	positive_shift	#FE5AA7	1.099295
176	ternary_regression_object	fuzz_soundness_object	-1	negative_shift	#8FB9A8	1.066772
176	ternary_regression_object	nonriemannian_gate_object	1	positive_shift	#1C0818	0.53144
176	ternary_regression_object	exa_loop_object	-1	negative_shift	#B29DFC	0.631037
176	ternary_regression_object	aqua_hygiene_object	0	same_trit_relabel	#24C4E2	0.527214
176	ternary_regression_object	scip_catcolab_object	1	positive_shift	#A82776	1.233536
177	nonriemannian_gate_object	color_space_object	1	positive_shift	#AEDD8C	0.922248
177	nonriemannian_gate_object	trit_tick_object	-1	negative_shift	#C1AA51	0.819529
177	nonriemannian_gate_object	rng_determinism_object	0	same_trit_relabel	#E65C3B	0.553011
177	nonriemannian_gate_object	parallel_invariance_object	1	positive_shift	#A8B5CC	1.057986
177	nonriemannian_gate_object	palette_interface_object	-1	negative_shift	#8B439A	1.286629
177	nonriemannian_gate_object	lisp_semantics_object	0	same_trit_relabel	#1FA953	0.83346
177	nonriemannian_gate_object	entropy_source_object	1	positive_shift	#61FA86	1.018307
177	nonriemannian_gate_object	propagator_cell_object	-1	negative_shift	#BE8EDE	1.009892
177	nonriemannian_gate_object	abductive_world_object	0	same_trit_relabel	#F841CE	0.601702
177	nonriemannian_gate_object	fuzz_soundness_object	1	positive_shift	#229861	1.174517
177	nonriemannian_gate_object	ternary_regression_object	-1	negative_shift	#34C54A	1.273373
177	nonriemannian_gate_object	exa_loop_object	1	positive_shift	#EDB667	0.806967
177	nonriemannian_gate_object	aqua_hygiene_object	-1	negative_shift	#42F6A6	1.009733
177	nonriemannian_gate_object	scip_catcolab_object	0	same_trit_relabel	#A2489A	0.92131
178	exa_loop_object	color_space_object	0	same_trit_relabel	#163832	0.607337
178	exa_loop_object	trit_tick_object	1	positive_shift	#5D1EBA	0.714957
178	exa_loop_object	rng_determinism_object	-1	negative_shift	#3256EC	0.850073
178	exa_loop_object	parallel_invariance_object	0	same_trit_relabel	#A25CBD	0.849552
178	exa_loop_object	palette_interface_object	1	positive_shift	#A8E79E	0.794814
178	exa_loop_object	lisp_semantics_object	-1	negative_shift	#CED293	0.720855
178	exa_loop_object	entropy_source_object	0	same_trit_relabel	#9A2304	0.640694
178	exa_loop_object	propagator_cell_object	1	positive_shift	#2633CE	0.826594
178	exa_loop_object	abductive_world_object	-1	negative_shift	#B6F5CB	1.096106
178	exa_loop_object	fuzz_soundness_object	0	same_trit_relabel	#BA6C7A	0.617495
178	exa_loop_object	ternary_regression_object	1	positive_shift	#A21543	0.60924
178	exa_loop_object	nonriemannian_gate_object	-1	negative_shift	#FD9CD4	0.679077
178	exa_loop_object	aqua_hygiene_object	1	positive_shift	#49B0F2	0.771094
178	exa_loop_object	scip_catcolab_object	-1	negative_shift	#5CBBEE	1.046682
179	aqua_hygiene_object	color_space_object	-1	negative_shift	#F71E33	0.799505
179	aqua_hygiene_object	trit_tick_object	0	same_trit_relabel	#031427	0.259772
179	aqua_hygiene_object	rng_determinism_object	1	positive_shift	#56B720	0.751473
179	aqua_hygiene_object	parallel_invariance_object	-1	negative_shift	#021306	1.040446
179	aqua_hygiene_object	palette_interface_object	0	same_trit_relabel	#ACC4E7	0.695634
179	aqua_hygiene_object	lisp_semantics_object	1	positive_shift	#99081D	0.922
179	aqua_hygiene_object	entropy_source_object	-1	negative_shift	#4259AD	0.911788
179	aqua_hygiene_object	propagator_cell_object	0	same_trit_relabel	#C659F9	0.509306
179	aqua_hygiene_object	abductive_world_object	1	positive_shift	#D88AD4	0.900715
179	aqua_hygiene_object	fuzz_soundness_object	-1	negative_shift	#7D00D8	1.016587
179	aqua_hygiene_object	ternary_regression_object	0	same_trit_relabel	#712A32	0.640141
179	aqua_hygiene_object	nonriemannian_gate_object	1	positive_shift	#A547C7	0.476403
179	aqua_hygiene_object	exa_loop_object	-1	negative_shift	#691CAB	0.543348
179	aqua_hygiene_object	scip_catcolab_object	1	positive_shift	#232398	1.089505
180	scip_catcolab_object	color_space_object	1	positive_shift	#8E845D	0.680763
180	scip_catcolab_object	trit_tick_object	-1	negative_shift	#1E722A	0.727953
180	scip_catcolab_object	rng_determinism_object	0	same_trit_relabel	#8C578E	0.751316
180	scip_catcolab_object	parallel_invariance_object	1	positive_shift	#AA439A	0.988752
180	scip_catcolab_object	palette_interface_object	-1	negative_shift	#9962F6	0.854976
180	scip_catcolab_object	lisp_semantics_object	0	same_trit_relabel	#26FC09	0.58384
180	scip_catcolab_object	entropy_source_object	1	positive_shift	#FD9F01	0.919132
180	scip_catcolab_object	propagator_cell_object	-1	negative_shift	#1E285E	1.096469
180	scip_catcolab_object	abductive_world_object	0	same_trit_relabel	#1A4A01	0.274202
180	scip_catcolab_object	fuzz_soundness_object	1	positive_shift	#FBF13D	1.212762
180	scip_catcolab_object	ternary_regression_object	-1	negative_shift	#4CE139	1.031196
180	scip_catcolab_object	nonriemannian_gate_object	0	same_trit_relabel	#4020C8	0.462363
180	scip_catcolab_object	exa_loop_object	1	positive_shift	#A0DCCF	0.563807
180	scip_catcolab_object	aqua_hygiene_object	-1	negative_shift	#DC3A5E	0.545352
181	color_space_object	trit_tick_object	1	positive_shift	#274B48	0.895378
181	color_space_object	rng_determinism_object	-1	negative_shift	#511E41	0.766875
181	color_space_object	parallel_invariance_object	0	same_trit_relabel	#5974FC	0.539839
181	color_space_object	palette_interface_object	1	positive_shift	#990089	1.081572
181	color_space_object	lisp_semantics_object	-1	negative_shift	#4C5B2A	0.824673
181	color_space_object	entropy_source_object	0	same_trit_relabel	#6355B1	0.374443
181	color_space_object	propagator_cell_object	1	positive_shift	#D05716	0.626639
181	color_space_object	abductive_world_object	-1	negative_shift	#E7DA42	1.092235
181	color_space_object	fuzz_soundness_object	0	same_trit_relabel	#55DA92	0.414593
181	color_space_object	ternary_regression_object	1	positive_shift	#C3D5D5	1.098542
181	color_space_object	nonriemannian_gate_object	-1	negative_shift	#F8DF5D	0.64047
181	color_space_object	exa_loop_object	0	same_trit_relabel	#98C6A1	0.477547
181	color_space_object	aqua_hygiene_object	1	positive_shift	#011E9A	1.014604
181	color_space_object	scip_catcolab_object	-1	negative_shift	#E325C9	1.176644
182	trit_tick_object	color_space_object	-1	negative_shift	#9BFF54	0.974003
182	trit_tick_object	rng_determinism_object	1	positive_shift	#9F1C0B	1.157964
182	trit_tick_object	parallel_invariance_object	-1	negative_shift	#8BC686	1.440203
182	trit_tick_object	palette_interface_object	0	same_trit_relabel	#B8A376	0.450093
182	trit_tick_object	lisp_semantics_object	1	positive_shift	#B5AAC1	0.940885
182	trit_tick_object	entropy_source_object	-1	negative_shift	#B33863	1.253533
182	trit_tick_object	propagator_cell_object	0	same_trit_relabel	#4E61B2	0.841028
182	trit_tick_object	abductive_world_object	1	positive_shift	#7EA51E	1.187641
182	trit_tick_object	fuzz_soundness_object	-1	negative_shift	#32AC07	1.275269
182	trit_tick_object	ternary_regression_object	0	same_trit_relabel	#D4F60D	0.216611
182	trit_tick_object	nonriemannian_gate_object	1	positive_shift	#1B03FA	0.993253
182	trit_tick_object	exa_loop_object	-1	negative_shift	#C74523	0.847179
182	trit_tick_object	aqua_hygiene_object	0	same_trit_relabel	#6B943B	0.45827
182	trit_tick_object	scip_catcolab_object	1	positive_shift	#829A92	1.055754
183	rng_determinism_object	color_space_object	1	positive_shift	#020549	0.694842
183	rng_determinism_object	trit_tick_object	-1	negative_shift	#26028D	0.66174
183	rng_determinism_object	parallel_invariance_object	1	positive_shift	#207114	1.008367
183	rng_determinism_object	palette_interface_object	-1	negative_shift	#3FA973	0.807649
183	rng_determinism_object	lisp_semantics_object	0	same_trit_relabel	#D9F236	0.512272
183	rng_determinism_object	entropy_source_object	1	positive_shift	#8DE5F5	0.898652
183	rng_determinism_object	propagator_cell_object	-1	negative_shift	#E4F836	1.014536
183	rng_determinism_object	abductive_world_object	0	same_trit_relabel	#DCD5A3	0.381422
183	rng_determinism_object	fuzz_soundness_object	1	positive_shift	#FE83E4	1.137064
183	rng_determinism_object	ternary_regression_object	-1	negative_shift	#226503	0.93025
183	rng_determinism_object	nonriemannian_gate_object	0	same_trit_relabel	#A309F2	0.383953
183	rng_determinism_object	exa_loop_object	1	positive_shift	#06938C	0.477794
183	rng_determinism_object	aqua_hygiene_object	-1	negative_shift	#F94312	0.526488
183	rng_determinism_object	scip_catcolab_object	0	same_trit_relabel	#732B4D	0.484532
184	parallel_invariance_object	color_space_object	0	same_trit_relabel	#7FFF61	0.72977
184	parallel_invariance_object	trit_tick_object	1	positive_shift	#61019B	1.105643
184	parallel_invariance_object	rng_determinism_object	-1	negative_shift	#C08754	1.271515
184	parallel_invariance_object	palette_interface_object	1	positive_shift	#B3039B	1.275171
184	parallel_invariance_object	lisp_semantics_object	-1	negative_shift	#2946D8	1.213811
184	parallel_invariance_object	entropy_source_object	0	same_trit_relabel	#3BEF30	0.616086
184	parallel_invariance_object	propagator_cell_object	1	positive_shift	#3C17C0	1.252939
184	parallel_invariance_object	abductive_world_object	-1	negative_shift	#BE9534	0.778565
184	parallel_invariance_object	fuzz_soundness_object	0	same_trit_relabel	#70443D	1.004817
184	parallel_invariance_object	ternary_regression_object	1	positive_shift	#0B4042	1.49689
184	parallel_invariance_object	nonriemannian_gate_object	-1	negative_shift	#9CB124	1.048845
184	parallel_invariance_object	exa_loop_object	0	same_trit_relabel	#1D7213	0.661072
184	parallel_invariance_object	aqua_hygiene_object	1	positive_shift	#67E1C9	1.058855
184	parallel_invariance_object	scip_catcolab_object	-1	negative_shift	#FAE8E4	1.089739
185	palette_interface_object	color_space_object	-1	negative_shift	#D85BEA	1.272269
185	palette_interface_object	trit_tick_object	0	same_trit_relabel	#4620DE	0.716918
185	palette_interface_object	rng_determinism_object	1	positive_shift	#4E1A06	0.927215
185	palette_interface_object	parallel_invariance_object	-1	negative_shift	#598DF7	0.959975
185	palette_interface_object	lisp_semantics_object	1	positive_shift	#44BCF4	0.582654
185	palette_interface_object	entropy_source_object	-1	negative_shift	#25DF11	0.713078
185	palette_interface_object	propagator_cell_object	0	same_trit_relabel	#0EEA48	0.279231
185	palette_interface_object	abductive_world_object	1	positive_shift	#39EE91	1.263349
185	palette_interface_object	fuzz_soundness_object	-1	negative_shift	#314F1A	0.57126
185	palette_interface_object	ternary_regression_object	0	same_trit_relabel	#DB46AE	0.651346
185	palette_interface_object	nonriemannian_gate_object	1	positive_shift	#E5DD38	0.839474
185	palette_interface_object	exa_loop_object	-1	negative_shift	#2CD1C3	0.94244
185	palette_interface_object	aqua_hygiene_object	0	same_trit_relabel	#C9CA5D	0.738755
185	palette_interface_object	scip_catcolab_object	1	positive_shift	#E26085	1.155405
186	lisp_semantics_object	color_space_object	1	positive_shift	#D0A18E	0.846025
186	lisp_semantics_object	trit_tick_object	-1	negative_shift	#84F753	0.566889
186	lisp_semantics_object	rng_determinism_object	0	same_trit_relabel	#995D3A	0.306033
186	lisp_semantics_object	parallel_invariance_object	1	positive_shift	#B9CEB8	1.143932
186	lisp_semantics_object	palette_interface_object	-1	negative_shift	#A2EA2E	1.076375
186	lisp_semantics_object	entropy_source_object	1	positive_shift	#03EF63	0.991
186	lisp_semantics_object	propagator_cell_object	-1	negative_shift	#E81B30	0.799984
186	lisp_semantics_object	abductive_world_object	0	same_trit_relabel	#1E54CE	0.683996
186	lisp_semantics_object	fuzz_soundness_object	1	positive_shift	#CFA560	0.9974
186	lisp_semantics_object	ternary_regression_object	-1	negative_shift	#A90E43	0.915538
186	lisp_semantics_object	nonriemannian_gate_object	0	same_trit_relabel	#A2C309	0.060244
186	lisp_semantics_object	exa_loop_object	1	positive_shift	#3BBFD1	0.596605
186	lisp_semantics_object	aqua_hygiene_object	-1	negative_shift	#41B11C	0.856271
186	lisp_semantics_object	scip_catcolab_object	0	same_trit_relabel	#07B567	0.852362
187	entropy_source_object	color_space_object	0	same_trit_relabel	#861EF8	0.171342
187	entropy_source_object	trit_tick_object	1	positive_shift	#E973AF	0.652743
187	entropy_source_object	rng_determinism_object	-1	negative_shift	#EF81FF	1.108823
187	entropy_source_object	parallel_invariance_object	0	same_trit_relabel	#314645	0.852028
187	entropy_source_object	palette_interface_object	1	positive_shift	#B3E81F	0.917081
187	entropy_source_object	lisp_semantics_object	-1	negative_shift	#D91559	1.036345
187	entropy_source_object	propagator_cell_object	1	positive_shift	#D7C94F	1.192157
187	entropy_source_object	abductive_world_object	-1	negative_shift	#964CAD	0.673336
187	entropy_source_object	fuzz_soundness_object	0	same_trit_relabel	#F5C196	1.0001
187	entropy_source_object	ternary_regression_object	1	positive_shift	#F965A3	0.982137
187	entropy_source_object	nonriemannian_gate_object	-1	negative_shift	#35BFC7	0.837144
187	entropy_source_object	exa_loop_object	0	same_trit_relabel	#213325	0.234049
187	entropy_source_object	aqua_hygiene_object	1	positive_shift	#6EE945	0.494976
187	entropy_source_object	scip_catcolab_object	-1	negative_shift	#7FBD9E	0.87495
188	propagator_cell_object	color_space_object	-1	negative_shift	#57F8EE	0.857079
188	propagator_cell_object	trit_tick_object	0	same_trit_relabel	#E2640C	0.763388
188	propagator_cell_object	rng_determinism_object	1	positive_shift	#E64D17	1.540954
188	propagator_cell_object	parallel_invariance_object	-1	negative_shift	#37BDE9	1.302088
188	propagator_cell_object	palette_interface_object	0	same_trit_relabel	#758BE3	0.647973
188	propagator_cell_object	lisp_semantics_object	1	positive_shift	#F5DC5D	1.241759
188	propagator_cell_object	entropy_source_object	-1	negative_shift	#B0EA9D	1.291818
188	propagator_cell_object	abductive_world_object	1	positive_shift	#8994DD	0.708515
188	propagator_cell_object	fuzz_soundness_object	-1	negative_shift	#8511F3	1.645565
188	propagator_cell_object	ternary_regression_object	0	same_trit_relabel	#E53C9C	0.948533
188	propagator_cell_object	nonriemannian_gate_object	1	positive_shift	#F4AB9A	1.257967
188	propagator_cell_object	exa_loop_object	-1	negative_shift	#017143	0.984337
188	propagator_cell_object	aqua_hygiene_object	0	same_trit_relabel	#B1EE48	0.418176
188	propagator_cell_object	scip_catcolab_object	1	positive_shift	#6D763F	0.729295
189	abductive_world_object	color_space_object	1	positive_shift	#98651D	1.102091
189	abductive_world_object	trit_tick_object	-1	negative_shift	#BA6F83	0.818183
189	abductive_world_object	rng_determinism_object	0	same_trit_relabel	#F1063A	0.200461
189	abductive_world_object	parallel_invariance_object	1	positive_shift	#6E41DE	1.437302
189	abductive_world_object	palette_interface_object	-1	negative_shift	#5090DF	1.40344
189	abductive_world_object	lisp_semantics_object	0	same_trit_relabel	#D8E338	0.908679
189	abductive_world_object	entropy_source_object	1	positive_shift	#9FE909	1.281429
189	abductive_world_object	propagator_cell_object	-1	negative_shift	#D207B0	0.90039
189	abductive_world_object	fuzz_soundness_object	1	positive_shift	#D791BE	1.118803
189	abductive_world_object	ternary_regression_object	-1	negative_shift	#458724	1.083717
189	abductive_world_object	nonriemannian_gate_object	0	same_trit_relabel	#591BAD	0.379015
189	abductive_world_object	exa_loop_object	1	positive_shift	#071EC9	0.939416
189	abductive_world_object	aqua_hygiene_object	-1	negative_shift	#F002A2	1.19058
189	abductive_world_object	scip_catcolab_object	0	same_trit_relabel	#340169	1.212577
190	fuzz_soundness_object	color_space_object	0	same_trit_relabel	#5CE3A6	1.064141
190	fuzz_soundness_object	trit_tick_object	1	positive_shift	#94B2FA	1.350654
190	fuzz_soundness_object	rng_determinism_object	-1	negative_shift	#6D4EEC	1.40098
190	fuzz_soundness_object	parallel_invariance_object	0	same_trit_relabel	#6A7107	0.118169
190	fuzz_soundness_object	palette_interface_object	1	positive_shift	#0C8553	1.115477
190	fuzz_soundness_object	lisp_semantics_object	-1	negative_shift	#5194D4	0.964474
190	fuzz_soundness_object	entropy_source_object	0	same_trit_relabel	#B49B4D	0.299763
190	fuzz_soundness_object	propagator_cell_object	1	positive_shift	#1E8CF3	1.16672
190	fuzz_soundness_object	abductive_world_object	-1	negative_shift	#6DF295	1.107126
190	fuzz_soundness_object	ternary_regression_object	1	positive_shift	#5A75C6	1.493939
190	fuzz_soundness_object	nonriemannian_gate_object	-1	negative_shift	#F41EF8	1.204292
190	fuzz_soundness_object	exa_loop_object	0	same_trit_relabel	#44627B	0.845832
190	fuzz_soundness_object	aqua_hygiene_object	1	positive_shift	#A43D82	1.201569
190	fuzz_soundness_object	scip_catcolab_object	-1	negative_shift	#9C85EA	1.018228
191	ternary_regression_object	color_space_object	-1	negative_shift	#E2220D	1.150922
191	ternary_regression_object	trit_tick_object	0	same_trit_relabel	#235EA1	0.740304
191	ternary_regression_object	rng_determinism_object	1	positive_shift	#C18A48	1.207025
191	ternary_regression_object	parallel_invariance_object	-1	negative_shift	#3A2E64	0.805878
191	ternary_regression_object	palette_interface_object	0	same_trit_relabel	#CD3EBF	0.323832
191	ternary_regression_object	lisp_semantics_object	1	positive_shift	#043AA4	0.562468
191	ternary_regression_object	entropy_source_object	-1	negative_shift	#4E6689	0.650447
191	ternary_regression_object	propagator_cell_object	0	same_trit_relabel	#6004E2	0.661177
191	ternary_regression_object	abductive_world_object	1	positive_shift	#3C8E47	1.005353
191	ternary_regression_object	fuzz_soundness_object	-1	negative_shift	#61D438	0.977629
191	ternary_regression_object	nonriemannian_gate_object	1	positive_shift	#93C2BE	0.983202
191	ternary_regression_object	exa_loop_object	-1	negative_shift	#2C93D6	0.894501
191	ternary_regression_object	aqua_hygiene_object	0	same_trit_relabel	#4AA4EA	0.538013
191	ternary_regression_object	scip_catcolab_object	1	positive_shift	#F9C7E6	0.759072
192	nonriemannian_gate_object	color_space_object	1	positive_shift	#25DD00	1.559437
192	nonriemannian_gate_object	trit_tick_object	-1	negative_shift	#9EDE97	1.290333
192	nonriemannian_gate_object	rng_determinism_object	0	same_trit_relabel	#44338B	0.640069
192	nonriemannian_gate_object	parallel_invariance_object	1	positive_shift	#3FBF36	1.196969
192	nonriemannian_gate_object	palette_interface_object	-1	negative_shift	#BB5B82	1.270605
192	nonriemannian_gate_object	lisp_semantics_object	0	same_trit_relabel	#334664	0.588105
192	nonriemannian_gate_object	entropy_source_object	1	positive_shift	#CC45F2	0.97975
192	nonriemannian_gate_object	propagator_cell_object	-1	negative_shift	#2BFDD4	0.636539
192	nonriemannian_gate_object	abductive_world_object	0	same_trit_relabel	#4F74B7	1.252215
192	nonriemannian_gate_object	fuzz_soundness_object	1	positive_shift	#E17C00	0.477368
192	nonriemannian_gate_object	ternary_regression_object	-1	negative_shift	#52E873	1.195017
192	nonriemannian_gate_object	exa_loop_object	1	positive_shift	#87DA82	1.231236
192	nonriemannian_gate_object	aqua_hygiene_object	-1	negative_shift	#DAF277	1.401657
192	nonriemannian_gate_object	scip_catcolab_object	0	same_trit_relabel	#087DB3	1.175542
193	exa_loop_object	color_space_object	0	same_trit_relabel	#E540EF	0.433364
193	exa_loop_object	trit_tick_object	1	positive_shift	#2E9A6B	1.002291
193	exa_loop_object	rng_determinism_object	-1	negative_shift	#5CE0F6	1.403526
193	exa_loop_object	parallel_invariance_object	0	same_trit_relabel	#09D698	0.824891
193	exa_loop_object	palette_interface_object	1	positive_shift	#CF8AEB	1.124179
193	exa_loop_object	lisp_semantics_object	-1	negative_shift	#6ABE02	1.260135
193	exa_loop_object	entropy_source_object	0	same_trit_relabel	#66748A	0.857426
193	exa_loop_object	propagator_cell_object	1	positive_shift	#957010	1.450423
193	exa_loop_object	abductive_world_object	-1	negative_shift	#154451	0.45241
193	exa_loop_object	fuzz_soundness_object	0	same_trit_relabel	#9DEDD3	1.229917
193	exa_loop_object	ternary_regression_object	1	positive_shift	#F19840	1.358034
193	exa_loop_object	nonriemannian_gate_object	-1	negative_shift	#5B13F9	1.126422
193	exa_loop_object	aqua_hygiene_object	1	positive_shift	#97A738	0.795247
193	exa_loop_object	scip_catcolab_object	-1	negative_shift	#0E3EFD	0.872488
194	aqua_hygiene_object	color_space_object	-1	negative_shift	#CC8666	1.294382
194	aqua_hygiene_object	trit_tick_object	0	same_trit_relabel	#BA750D	0.755195
194	aqua_hygiene_object	rng_determinism_object	1	positive_shift	#B4149D	1.048587
194	aqua_hygiene_object	parallel_invariance_object	-1	negative_shift	#DB5CF1	1.127565
194	aqua_hygiene_object	palette_interface_object	0	same_trit_relabel	#ADC397	0.479796
194	aqua_hygiene_object	lisp_semantics_object	1	positive_shift	#3D6D34	0.544662
194	aqua_hygiene_object	entropy_source_object	-1	negative_shift	#C6AE8D	0.885718
194	aqua_hygiene_object	propagator_cell_object	0	same_trit_relabel	#F65BF5	0.465429
194	aqua_hygiene_object	abductive_world_object	1	positive_shift	#E9FDEA	1.325823
194	aqua_hygiene_object	fuzz_soundness_object	-1	negative_shift	#8769F3	0.764296
194	aqua_hygiene_object	ternary_regression_object	0	same_trit_relabel	#8F5C92	0.515459
194	aqua_hygiene_object	nonriemannian_gate_object	1	positive_shift	#841740	0.950828
194	aqua_hygiene_object	exa_loop_object	-1	negative_shift	#F3A1E4	0.984514
194	aqua_hygiene_object	scip_catcolab_object	1	positive_shift	#A47F84	1.126751
195	scip_catcolab_object	color_space_object	1	positive_shift	#699ED8	0.748149
195	scip_catcolab_object	trit_tick_object	-1	negative_shift	#8EF9C7	0.507037
195	scip_catcolab_object	rng_determinism_object	0	same_trit_relabel	#D4EF72	0.474413
195	scip_catcolab_object	parallel_invariance_object	1	positive_shift	#6CF1D0	1.158942
195	scip_catcolab_object	palette_interface_object	-1	negative_shift	#FDFFB9	0.893775
195	scip_catcolab_object	lisp_semantics_object	0	same_trit_relabel	#AC90A9	0.526382
195	scip_catcolab_object	entropy_source_object	1	positive_shift	#CB79F4	0.994068
195	scip_catcolab_object	propagator_cell_object	-1	negative_shift	#F6F4AF	0.891479
195	scip_catcolab_object	abductive_world_object	0	same_trit_relabel	#25A064	0.610418
195	scip_catcolab_object	fuzz_soundness_object	1	positive_shift	#013912	1.055307
195	scip_catcolab_object	ternary_regression_object	-1	negative_shift	#81086E	0.757407
195	scip_catcolab_object	nonriemannian_gate_object	0	same_trit_relabel	#60A7F9	0.22735
195	scip_catcolab_object	exa_loop_object	1	positive_shift	#6D82AF	0.458946
195	scip_catcolab_object	aqua_hygiene_object	-1	negative_shift	#7006C7	0.673697
196	color_space_object	trit_tick_object	1	positive_shift	#BC06C3	1.165011
196	color_space_object	rng_determinism_object	-1	negative_shift	#F5D4DB	1.243002
196	color_space_object	parallel_invariance_object	0	same_trit_relabel	#94399B	1.136064
196	color_space_object	palette_interface_object	1	positive_shift	#12D47E	0.845049
196	color_space_object	lisp_semantics_object	-1	negative_shift	#6AD7F5	0.860897
196	color_space_object	entropy_source_object	0	same_trit_relabel	#5FB2A7	0.911451
196	color_space_object	propagator_cell_object	1	positive_shift	#D8C9DB	1.121968
196	color_space_object	abductive_world_object	-1	negative_shift	#46FE96	1.462432
196	color_space_object	fuzz_soundness_object	0	same_trit_relabel	#66D658	0.804801
196	color_space_object	ternary_regression_object	1	positive_shift	#DE95F2	0.69584
196	color_space_object	nonriemannian_gate_object	-1	negative_shift	#514D32	1.149604
196	color_space_object	exa_loop_object	0	same_trit_relabel	#37AAD3	0.771593
196	color_space_object	aqua_hygiene_object	1	positive_shift	#A3E34F	1.096479
196	color_space_object	scip_catcolab_object	-1	negative_shift	#1B4CF5	1.217436
197	trit_tick_object	color_space_object	-1	negative_shift	#23E6AB	0.935789
197	trit_tick_object	rng_determinism_object	1	positive_shift	#006F67	0.549376
197	trit_tick_object	parallel_invariance_object	-1	negative_shift	#5223EC	1.168351
197	trit_tick_object	palette_interface_object	0	same_trit_relabel	#4A2AD7	0.805594
197	trit_tick_object	lisp_semantics_object	1	positive_shift	#C47549	0.978631
197	trit_tick_object	entropy_source_object	-1	negative_shift	#6A0239	1.007889
197	trit_tick_object	propagator_cell_object	0	same_trit_relabel	#E0DA36	0.410793
197	trit_tick_object	abductive_world_object	1	positive_shift	#8B6A8B	1.102371
197	trit_tick_object	fuzz_soundness_object	-1	negative_shift	#143B50	0.953313
197	trit_tick_object	ternary_regression_object	0	same_trit_relabel	#015A13	0.614449
197	trit_tick_object	nonriemannian_gate_object	1	positive_shift	#22E7E4	0.421808
197	trit_tick_object	exa_loop_object	-1	negative_shift	#E85882	0.688576
197	trit_tick_object	aqua_hygiene_object	0	same_trit_relabel	#053DDC	0.613835
197	trit_tick_object	scip_catcolab_object	1	positive_shift	#298604	1.264464
198	rng_determinism_object	color_space_object	1	positive_shift	#D0EB1D	0.667749
198	rng_determinism_object	trit_tick_object	-1	negative_shift	#D8A6C9	0.519721
198	rng_determinism_object	parallel_invariance_object	1	positive_shift	#AED264	1.439647
198	rng_determinism_object	palette_interface_object	-1	negative_shift	#BA8F12	1.192336
198	rng_determinism_object	lisp_semantics_object	0	same_trit_relabel	#BFC462	0.877328
198	rng_determinism_object	entropy_source_object	1	positive_shift	#1F3805	1.310843
198	rng_determinism_object	propagator_cell_object	-1	negative_shift	#4C7C19	1.148756
198	rng_determinism_object	abductive_world_object	0	same_trit_relabel	#A11748	0.710464
198	rng_determinism_object	fuzz_soundness_object	1	positive_shift	#FFF2C7	1.34752
198	rng_determinism_object	ternary_regression_object	-1	negative_shift	#21AC49	0.933897
198	rng_determinism_object	nonriemannian_gate_object	0	same_trit_relabel	#51BFEB	0.427721
198	rng_determinism_object	exa_loop_object	1	positive_shift	#C088C3	0.700602
198	rng_determinism_object	aqua_hygiene_object	-1	negative_shift	#02487A	0.850356
198	rng_determinism_object	scip_catcolab_object	0	same_trit_relabel	#713981	0.938116
199	parallel_invariance_object	color_space_object	0	same_trit_relabel	#000AFD	0.499134
199	parallel_invariance_object	trit_tick_object	1	positive_shift	#20D359	0.567152
199	parallel_invariance_object	rng_determinism_object	-1	negative_shift	#ECF715	0.665673
199	parallel_invariance_object	palette_interface_object	1	positive_shift	#D8C205	1.060137
199	parallel_invariance_object	lisp_semantics_object	-1	negative_shift	#8B3702	0.939669
199	parallel_invariance_object	entropy_source_object	0	same_trit_relabel	#A9BEDA	0.634725
199	parallel_invariance_object	propagator_cell_object	1	positive_shift	#4DEB39	0.805553
199	parallel_invariance_object	abductive_world_object	-1	negative_shift	#0EDF74	0.988294
199	parallel_invariance_object	fuzz_soundness_object	0	same_trit_relabel	#436D91	0.664252
199	parallel_invariance_object	ternary_regression_object	1	positive_shift	#77EB8B	0.92523
199	parallel_invariance_object	nonriemannian_gate_object	-1	negative_shift	#A68245	0.398954
199	parallel_invariance_object	exa_loop_object	0	same_trit_relabel	#E67B76	0.243611
199	parallel_invariance_object	aqua_hygiene_object	1	positive_shift	#D59CFE	0.83661
199	parallel_invariance_object	scip_catcolab_object	-1	negative_shift	#C48AD1	1.159454
200	palette_interface_object	color_space_object	-1	negative_shift	#23E6AB	1.067264
200	palette_interface_object	trit_tick_object	0	same_trit_relabel	#CECABE	0.523687
200	palette_interface_object	rng_determinism_object	1	positive_shift	#DCC345	0.881456
200	palette_interface_object	parallel_invariance_object	-1	negative_shift	#94BB37	1.018924
200	palette_interface_object	lisp_semantics_object	1	positive_shift	#C47425	0.541509
200	palette_interface_object	entropy_source_object	-1	negative_shift	#E866EA	0.788827
200	palette_interface_object	propagator_cell_object	0	same_trit_relabel	#74F969	0.378792
200	palette_interface_object	abductive_world_object	1	positive_shift	#77F138	1.113735
200	palette_interface_object	fuzz_soundness_object	-1	negative_shift	#F4576B	0.781646
200	palette_interface_object	ternary_regression_object	0	same_trit_relabel	#53E3A3	0.453971
200	palette_interface_object	nonriemannian_gate_object	1	positive_shift	#5375DC	0.717367
200	palette_interface_object	exa_loop_object	-1	negative_shift	#E564F7	0.7445
200	palette_interface_object	aqua_hygiene_object	0	same_trit_relabel	#6BB3A7	0.525754
200	palette_interface_object	scip_catcolab_object	1	positive_shift	#9C48A4	1.017824
201	lisp_semantics_object	color_space_object	1	positive_shift	#435D8E	1.266551
201	lisp_semantics_object	trit_tick_object	-1	negative_shift	#A9D0E9	1.120084
201	lisp_semantics_object	rng_determinism_object	0	same_trit_relabel	#716A14	0.70149
201	lisp_semantics_object	parallel_invariance_object	1	positive_shift	#F69E24	0.638864
201	lisp_semantics_object	palette_interface_object	-1	negative_shift	#FBB5B0	1.140272
201	lisp_semantics_object	entropy_source_object	1	positive_shift	#4E1B0A	0.554511
201	lisp_semantics_object	propagator_cell_object	-1	negative_shift	#1583DE	0.820524
201	lisp_semantics_object	abductive_world_object	0	same_trit_relabel	#7AB76B	0.784745
201	lisp_semantics_object	fuzz_soundness_object	1	positive_shift	#C4EFB1	0.823404
201	lisp_semantics_object	ternary_regression_object	-1	negative_shift	#E6C510	1.310906
201	lisp_semantics_object	nonriemannian_gate_object	0	same_trit_relabel	#EE82D4	0.566202
201	lisp_semantics_object	exa_loop_object	1	positive_shift	#8413F1	0.994778
201	lisp_semantics_object	aqua_hygiene_object	-1	negative_shift	#D2A602	1.135848
201	lisp_semantics_object	scip_catcolab_object	0	same_trit_relabel	#DE80E2	0.828463
202	entropy_source_object	color_space_object	0	same_trit_relabel	#7D5F0D	0.181455
202	entropy_source_object	trit_tick_object	1	positive_shift	#839488	0.491271
202	entropy_source_object	rng_determinism_object	-1	negative_shift	#B0C95B	0.97315
202	entropy_source_object	parallel_invariance_object	0	same_trit_relabel	#CEDB42	0.910978
202	entropy_source_object	palette_interface_object	1	positive_shift	#62AEF8	0.978619
202	entropy_source_object	lisp_semantics_object	-1	negative_shift	#C16689	1.041619
202	entropy_source_object	propagator_cell_object	1	positive_shift	#9B1490	1.109853
202	entropy_source_object	abductive_world_object	-1	negative_shift	#601CEC	0.816069
202	entropy_source_object	fuzz_soundness_object	0	same_trit_relabel	#92AAC5	0.942825
202	entropy_source_object	ternary_regression_object	1	positive_shift	#2D16F2	0.898774
202	entropy_source_object	nonriemannian_gate_object	-1	negative_shift	#614F72	0.727075
202	entropy_source_object	exa_loop_object	0	same_trit_relabel	#CCF4EB	0.170306
202	entropy_source_object	aqua_hygiene_object	1	positive_shift	#C66083	0.600029
202	entropy_source_object	scip_catcolab_object	-1	negative_shift	#2639BE	1.013802
203	propagator_cell_object	color_space_object	-1	negative_shift	#014564	1.031417
203	propagator_cell_object	trit_tick_object	0	same_trit_relabel	#ED88DC	0.632954
203	propagator_cell_object	rng_determinism_object	1	positive_shift	#16B1CD	1.011549
203	propagator_cell_object	parallel_invariance_object	-1	negative_shift	#30E3B8	1.009778
203	propagator_cell_object	palette_interface_object	0	same_trit_relabel	#7919F2	1.030925
203	propagator_cell_object	lisp_semantics_object	1	positive_shift	#F6A1E4	1.235448
203	propagator_cell_object	entropy_source_object	-1	negative_shift	#E1E9A8	1.020996
203	propagator_cell_object	abductive_world_object	1	positive_shift	#5FA637	0.957664
203	propagator_cell_object	fuzz_soundness_object	-1	negative_shift	#994EC7	1.228783
203	propagator_cell_object	ternary_regression_object	0	same_trit_relabel	#EBF464	1.076147
203	propagator_cell_object	nonriemannian_gate_object	1	positive_shift	#7FC6FB	0.864123
203	propagator_cell_object	exa_loop_object	-1	negative_shift	#AF90B3	0.929863
203	propagator_cell_object	aqua_hygiene_object	0	same_trit_relabel	#DC4FCE	0.77232
203	propagator_cell_object	scip_catcolab_object	1	positive_shift	#3C65CE	1.291144
204	abductive_world_object	color_space_object	1	positive_shift	#97F0C2	1.150583
204	abductive_world_object	trit_tick_object	-1	negative_shift	#4D3395	0.889934
204	abductive_world_object	rng_determinism_object	0	same_trit_relabel	#C8717C	0.260659
204	abductive_world_object	parallel_invariance_object	1	positive_shift	#184AE9	1.072942
204	abductive_world_object	palette_interface_object	-1	negative_shift	#C633BD	1.233083
204	abductive_world_object	lisp_semantics_object	0	same_trit_relabel	#F6DFDE	0.648092
204	abductive_world_object	entropy_source_object	1	positive_shift	#F10C6C	0.916382
204	abductive_world_object	propagator_cell_object	-1	negative_shift	#677DA5	0.606214
204	abductive_world_object	fuzz_soundness_object	1	positive_shift	#E044D7	0.795363
204	abductive_world_object	ternary_regression_object	-1	negative_shift	#BE87EA	1.116244
204	abductive_world_object	nonriemannian_gate_object	0	same_trit_relabel	#E42EA9	0.284036
204	abductive_world_object	exa_loop_object	1	positive_shift	#BB7D03	0.877302
204	abductive_world_object	aqua_hygiene_object	-1	negative_shift	#7F4540	1.120954
204	abductive_world_object	scip_catcolab_object	0	same_trit_relabel	#601CD8	1.020527
