ordinal	counterfactual_index	witness_ordinal	from_aspect	to_aspect	rule_style	match_path	source_path	target_path	arena_path	witness_arena_path	trit_delta	closure_effect	color_hex	semantic_cost	fingerprint
1	1	1	color_space_object	trit_tick_object	colored_bisimulation_candidate	has_aspect	has_counterfactual;from_aspect	has_counterfactual;to_aspect	has_counterfactual;shared_in	witness_arena	1	positive_shift	#F01299	0.753216	0x7299fe34af1e2b41
2	2	1	color_space_object	rng_determinism_object	colored_bisimulation_candidate	has_aspect	has_counterfactual;from_aspect	has_counterfactual;to_aspect	has_counterfactual;shared_in	witness_arena	-1	negative_shift	#49740B	1.104488	0xb3947457b72bd787
3	3	1	color_space_object	parallel_invariance_object	colored_bisimulation_candidate	has_aspect	has_counterfactual;from_aspect	has_counterfactual;to_aspect	has_counterfactual;shared_in	witness_arena	0	same_trit_relabel	#6EADBE	1.226273	0xbd9244e48367f070
4	4	1	color_space_object	palette_interface_object	colored_bisimulation_candidate	has_aspect	has_counterfactual;from_aspect	has_counterfactual;to_aspect	has_counterfactual;shared_in	witness_arena	1	positive_shift	#F1C08A	1.026575	0x934ab5ecfc80ef8a
5	5	1	color_space_object	lisp_semantics_object	colored_bisimulation_candidate	has_aspect	has_counterfactual;from_aspect	has_counterfactual;to_aspect	has_counterfactual;shared_in	witness_arena	-1	negative_shift	#639C60	1.149632	0xc9f06f9d300b1b1e
6	6	1	color_space_object	entropy_source_object	colored_bisimulation_candidate	has_aspect	has_counterfactual;from_aspect	has_counterfactual;to_aspect	has_counterfactual;shared_in	witness_arena	0	same_trit_relabel	#EC6ABD	1.059012	0x21ab21009affd91a
7	7	1	color_space_object	propagator_cell_object	colored_bisimulation_candidate	has_aspect	has_counterfactual;from_aspect	has_counterfactual;to_aspect	has_counterfactual;shared_in	witness_arena	1	positive_shift	#11BC30	1.249295	0xf176858daa179661
8	8	1	color_space_object	abductive_world_object	colored_bisimulation_candidate	has_aspect	has_counterfactual;from_aspect	has_counterfactual;to_aspect	has_counterfactual;shared_in	witness_arena	-1	negative_shift	#0C0515	1.177637	0xfc647c2a6c2b10af
9	9	1	color_space_object	fuzz_soundness_object	colored_bisimulation_candidate	has_aspect	has_counterfactual;from_aspect	has_counterfactual;to_aspect	has_counterfactual;shared_in	witness_arena	0	same_trit_relabel	#A3AF39	1.070811	0xa2999ccaef72513a
10	10	1	color_space_object	ternary_regression_object	colored_bisimulation_candidate	has_aspect	has_counterfactual;from_aspect	has_counterfactual;to_aspect	has_counterfactual;shared_in	witness_arena	1	positive_shift	#204DD9	0.682551	0xd0f6068ed47f6f42
11	11	1	color_space_object	nonriemannian_gate_object	colored_bisimulation_candidate	has_aspect	has_counterfactual;from_aspect	has_counterfactual;to_aspect	has_counterfactual;shared_in	witness_arena	-1	negative_shift	#645E90	0.962974	0xc8876ba5bbe1ad4d
12	12	1	color_space_object	exa_loop_object	colored_bisimulation_candidate	has_aspect	has_counterfactual;from_aspect	has_counterfactual;to_aspect	has_counterfactual;shared_in	witness_arena	0	same_trit_relabel	#DE5E73	0.490933	0x5c76871d0ae90205
13	13	1	color_space_object	aqua_hygiene_object	colored_bisimulation_candidate	has_aspect	has_counterfactual;from_aspect	has_counterfactual;to_aspect	has_counterfactual;shared_in	witness_arena	1	positive_shift	#5BE15E	0.823906	0xdd315b2095b60772
14	14	1	color_space_object	scip_catcolab_object	colored_bisimulation_candidate	has_aspect	has_counterfactual;from_aspect	has_counterfactual;to_aspect	has_counterfactual;shared_in	witness_arena	-1	negative_shift	#B8D97B	1.205836	0x31cf5cd858a821f4
15	15	2	trit_tick_object	color_space_object	colored_bisimulation_candidate	has_aspect	has_counterfactual;from_aspect	has_counterfactual;to_aspect	has_counterfactual;shared_in	witness_arena	-1	negative_shift	#3317A9	1.004747	0xafdae947a8cd22ba
16	16	2	trit_tick_object	rng_determinism_object	colored_bisimulation_candidate	has_aspect	has_counterfactual;from_aspect	has_counterfactual;to_aspect	has_counterfactual;shared_in	witness_arena	1	positive_shift	#37C90A	1.249211	0x6fd786ccd9e289e8
17	17	2	trit_tick_object	parallel_invariance_object	colored_bisimulation_candidate	has_aspect	has_counterfactual;from_aspect	has_counterfactual;to_aspect	has_counterfactual;shared_in	witness_arena	-1	negative_shift	#F0B29D	0.722913	0x2376bbc897cd50fd
18	18	2	trit_tick_object	palette_interface_object	colored_bisimulation_candidate	has_aspect	has_counterfactual;from_aspect	has_counterfactual;to_aspect	has_counterfactual;shared_in	witness_arena	0	same_trit_relabel	#7F146C	0.498116	0x443af6bcccc2b04e
19	19	2	trit_tick_object	lisp_semantics_object	colored_bisimulation_candidate	has_aspect	has_counterfactual;from_aspect	has_counterfactual;to_aspect	has_counterfactual;shared_in	witness_arena	1	positive_shift	#BD7C65	0.841218	0x5e06f9e4946413f5
20	20	2	trit_tick_object	entropy_source_object	colored_bisimulation_candidate	has_aspect	has_counterfactual;from_aspect	has_counterfactual;to_aspect	has_counterfactual;shared_in	witness_arena	-1	negative_shift	#7E645B	0.718247	0xfff3597cef228947
21	21	2	trit_tick_object	propagator_cell_object	colored_bisimulation_candidate	has_aspect	has_counterfactual;from_aspect	has_counterfactual;to_aspect	has_counterfactual;shared_in	witness_arena	0	same_trit_relabel	#A0974A	0.793098	0xe08db0905c934286
22	22	2	trit_tick_object	abductive_world_object	colored_bisimulation_candidate	has_aspect	has_counterfactual;from_aspect	has_counterfactual;to_aspect	has_counterfactual;shared_in	witness_arena	1	positive_shift	#70DF79	0.730962	0x3e7f8b2498ddf55c
23	23	2	trit_tick_object	fuzz_soundness_object	colored_bisimulation_candidate	has_aspect	has_counterfactual;from_aspect	has_counterfactual;to_aspect	has_counterfactual;shared_in	witness_arena	-1	negative_shift	#C923F0	1.163688	0xa1219488b22495f8
24	24	2	trit_tick_object	ternary_regression_object	colored_bisimulation_candidate	has_aspect	has_counterfactual;from_aspect	has_counterfactual;to_aspect	has_counterfactual;shared_in	witness_arena	0	same_trit_relabel	#A47ECC	0.875661	0x397c3b7b7656b2db
25	25	2	trit_tick_object	nonriemannian_gate_object	colored_bisimulation_candidate	has_aspect	has_counterfactual;from_aspect	has_counterfactual;to_aspect	has_counterfactual;shared_in	witness_arena	1	positive_shift	#23A799	0.981105	0xdb574f70f5864991
26	26	2	trit_tick_object	exa_loop_object	colored_bisimulation_candidate	has_aspect	has_counterfactual;from_aspect	has_counterfactual;to_aspect	has_counterfactual;shared_in	witness_arena	-1	negative_shift	#9E2EBE	0.838196	0xd170774a50262b8d
27	27	2	trit_tick_object	aqua_hygiene_object	colored_bisimulation_candidate	has_aspect	has_counterfactual;from_aspect	has_counterfactual;to_aspect	has_counterfactual;shared_in	witness_arena	0	same_trit_relabel	#568291	0.460864	0xb62d57948bf2b688
28	28	2	trit_tick_object	scip_catcolab_object	colored_bisimulation_candidate	has_aspect	has_counterfactual;from_aspect	has_counterfactual;to_aspect	has_counterfactual;shared_in	witness_arena	1	positive_shift	#99380E	0.672928	0x120a5bae35de366f
29	29	3	rng_determinism_object	color_space_object	colored_bisimulation_candidate	has_aspect	has_counterfactual;from_aspect	has_counterfactual;to_aspect	has_counterfactual;shared_in	witness_arena	1	positive_shift	#7BBAFF	1.252864	0x641c5b2622d92855
30	30	3	rng_determinism_object	trit_tick_object	colored_bisimulation_candidate	has_aspect	has_counterfactual;from_aspect	has_counterfactual;to_aspect	has_counterfactual;shared_in	witness_arena	-1	negative_shift	#6D4C2E	1.069565	0xaea738e06336751f
31	31	3	rng_determinism_object	parallel_invariance_object	colored_bisimulation_candidate	has_aspect	has_counterfactual;from_aspect	has_counterfactual;to_aspect	has_counterfactual;shared_in	witness_arena	1	positive_shift	#5FF908	1.266461	0xbfe09b1274a0c207
32	32	3	rng_determinism_object	palette_interface_object	colored_bisimulation_candidate	has_aspect	has_counterfactual;from_aspect	has_counterfactual;to_aspect	has_counterfactual;shared_in	witness_arena	-1	negative_shift	#F71C86	0.745154	0x76468a53795b550d
33	33	3	rng_determinism_object	lisp_semantics_object	colored_bisimulation_candidate	has_aspect	has_counterfactual;from_aspect	has_counterfactual;to_aspect	has_counterfactual;shared_in	witness_arena	0	same_trit_relabel	#873CF5	0.321879	0xfd404128686faaac
34	34	3	rng_determinism_object	entropy_source_object	colored_bisimulation_candidate	has_aspect	has_counterfactual;from_aspect	has_counterfactual;to_aspect	has_counterfactual;shared_in	witness_arena	1	positive_shift	#9AD575	1.036509	0xda883038d64e3641
35	35	3	rng_determinism_object	propagator_cell_object	colored_bisimulation_candidate	has_aspect	has_counterfactual;from_aspect	has_counterfactual;to_aspect	has_counterfactual;shared_in	witness_arena	-1	negative_shift	#87064D	0.946216	0x165fdaf1c9ba5c18
36	36	3	rng_determinism_object	abductive_world_object	colored_bisimulation_candidate	has_aspect	has_counterfactual;from_aspect	has_counterfactual;to_aspect	has_counterfactual;shared_in	witness_arena	0	same_trit_relabel	#A84A63	1.000707	0xf4d79c7701548962
37	37	3	rng_determinism_object	fuzz_soundness_object	colored_bisimulation_candidate	has_aspect	has_counterfactual;from_aspect	has_counterfactual;to_aspect	has_counterfactual;shared_in	witness_arena	1	positive_shift	#57E80D	0.952221	0xad842233ab0a5bdf
38	38	3	rng_determinism_object	ternary_regression_object	colored_bisimulation_candidate	has_aspect	has_counterfactual;from_aspect	has_counterfactual;to_aspect	has_counterfactual;shared_in	witness_arena	-1	negative_shift	#771B97	0.712774	0x537b3acee45f8140
39	39	3	rng_determinism_object	nonriemannian_gate_object	colored_bisimulation_candidate	has_aspect	has_counterfactual;from_aspect	has_counterfactual;to_aspect	has_counterfactual;shared_in	witness_arena	0	same_trit_relabel	#D8D88D	0.670496	0x18bcf05374f0d518
40	40	3	rng_determinism_object	exa_loop_object	colored_bisimulation_candidate	has_aspect	has_counterfactual;from_aspect	has_counterfactual;to_aspect	has_counterfactual;shared_in	witness_arena	1	positive_shift	#BBD025	0.980927	0x90367affcf189871
41	41	3	rng_determinism_object	aqua_hygiene_object	colored_bisimulation_candidate	has_aspect	has_counterfactual;from_aspect	has_counterfactual;to_aspect	has_counterfactual;shared_in	witness_arena	-1	negative_shift	#D3E790	1.0036	0xfec22ea2e8743875
42	42	3	rng_determinism_object	scip_catcolab_object	colored_bisimulation_candidate	has_aspect	has_counterfactual;from_aspect	has_counterfactual;to_aspect	has_counterfactual;shared_in	witness_arena	0	same_trit_relabel	#1235C4	0.773345	0x64d1f77b93d32093
43	43	4	parallel_invariance_object	color_space_object	colored_bisimulation_candidate	has_aspect	has_counterfactual;from_aspect	has_counterfactual;to_aspect	has_counterfactual;shared_in	witness_arena	0	same_trit_relabel	#B971F1	0.45822	0xc2682220f6c99c08
44	44	4	parallel_invariance_object	trit_tick_object	colored_bisimulation_candidate	has_aspect	has_counterfactual;from_aspect	has_counterfactual;to_aspect	has_counterfactual;shared_in	witness_arena	1	positive_shift	#E05FA4	0.707633	0x24f3ced7512ad2f2
45	45	4	parallel_invariance_object	rng_determinism_object	colored_bisimulation_candidate	has_aspect	has_counterfactual;from_aspect	has_counterfactual;to_aspect	has_counterfactual;shared_in	witness_arena	-1	negative_shift	#0ACD79	1.016013	0x3b554bc9fe46063c
46	46	4	parallel_invariance_object	palette_interface_object	colored_bisimulation_candidate	has_aspect	has_counterfactual;from_aspect	has_counterfactual;to_aspect	has_counterfactual;shared_in	witness_arena	1	positive_shift	#7EEF94	0.668713	0x1d270ddf319164d1
47	47	4	parallel_invariance_object	lisp_semantics_object	colored_bisimulation_candidate	has_aspect	has_counterfactual;from_aspect	has_counterfactual;to_aspect	has_counterfactual;shared_in	witness_arena	-1	negative_shift	#E34528	0.7424	0xf8e05ecb89f6ea1f
48	48	4	parallel_invariance_object	entropy_source_object	colored_bisimulation_candidate	has_aspect	has_counterfactual;from_aspect	has_counterfactual;to_aspect	has_counterfactual;shared_in	witness_arena	0	same_trit_relabel	#86BD49	0.586796	0xc55d15b57555c529
49	49	4	parallel_invariance_object	propagator_cell_object	colored_bisimulation_candidate	has_aspect	has_counterfactual;from_aspect	has_counterfactual;to_aspect	has_counterfactual;shared_in	witness_arena	1	positive_shift	#0ED9AE	0.988986	0x3cb178bc2700b010
50	50	4	parallel_invariance_object	abductive_world_object	colored_bisimulation_candidate	has_aspect	has_counterfactual;from_aspect	has_counterfactual;to_aspect	has_counterfactual;shared_in	witness_arena	-1	negative_shift	#25EE25	0.861524	0xe5c254b4110dc2b6
51	51	4	parallel_invariance_object	fuzz_soundness_object	colored_bisimulation_candidate	has_aspect	has_counterfactual;from_aspect	has_counterfactual;to_aspect	has_counterfactual;shared_in	witness_arena	0	same_trit_relabel	#2DEDCF	0.760521	0x8e487a253c8ee096
52	52	4	parallel_invariance_object	ternary_regression_object	colored_bisimulation_candidate	has_aspect	has_counterfactual;from_aspect	has_counterfactual;to_aspect	has_counterfactual;shared_in	witness_arena	1	positive_shift	#E6D27A	0.782246	0xb683fdbf3e639a96
53	53	4	parallel_invariance_object	nonriemannian_gate_object	colored_bisimulation_candidate	has_aspect	has_counterfactual;from_aspect	has_counterfactual;to_aspect	has_counterfactual;shared_in	witness_arena	-1	negative_shift	#15F71D	0.756154	0xc5e6d336a8d620a8
54	54	4	parallel_invariance_object	exa_loop_object	colored_bisimulation_candidate	has_aspect	has_counterfactual;from_aspect	has_counterfactual;to_aspect	has_counterfactual;shared_in	witness_arena	0	same_trit_relabel	#2F8398	0.217001	0x41a5e6d968c048a6
55	55	4	parallel_invariance_object	aqua_hygiene_object	colored_bisimulation_candidate	has_aspect	has_counterfactual;from_aspect	has_counterfactual;to_aspect	has_counterfactual;shared_in	witness_arena	1	positive_shift	#82A5B2	0.535247	0xc381a1125f0c5d40
56	56	4	parallel_invariance_object	scip_catcolab_object	colored_bisimulation_candidate	has_aspect	has_counterfactual;from_aspect	has_counterfactual;to_aspect	has_counterfactual;shared_in	witness_arena	-1	negative_shift	#3764C3	0.809558	0x79c3c8fc01d1966a
57	57	5	palette_interface_object	color_space_object	colored_bisimulation_candidate	has_aspect	has_counterfactual;from_aspect	has_counterfactual;to_aspect	has_counterfactual;shared_in	witness_arena	-1	negative_shift	#9F182B	0.62766	0x986e5e144b4be1cd
58	58	5	palette_interface_object	trit_tick_object	colored_bisimulation_candidate	has_aspect	has_counterfactual;from_aspect	has_counterfactual;to_aspect	has_counterfactual;shared_in	witness_arena	0	same_trit_relabel	#EA2FDB	0.117254	0x2e20b361a23d426c
59	59	5	palette_interface_object	rng_determinism_object	colored_bisimulation_candidate	has_aspect	has_counterfactual;from_aspect	has_counterfactual;to_aspect	has_counterfactual;shared_in	witness_arena	1	positive_shift	#4EAFA8	0.883514	0xb03b098605d4f079
60	60	5	palette_interface_object	parallel_invariance_object	colored_bisimulation_candidate	has_aspect	has_counterfactual;from_aspect	has_counterfactual;to_aspect	has_counterfactual;shared_in	witness_arena	-1	negative_shift	#E30E52	1.18765	0xd6ae461b89649c62
61	61	5	palette_interface_object	lisp_semantics_object	colored_bisimulation_candidate	has_aspect	has_counterfactual;from_aspect	has_counterfactual;to_aspect	has_counterfactual;shared_in	witness_arena	1	positive_shift	#080AC0	0.94787	0xb1945d6a6d87ad08
62	62	5	palette_interface_object	entropy_source_object	colored_bisimulation_candidate	has_aspect	has_counterfactual;from_aspect	has_counterfactual;to_aspect	has_counterfactual;shared_in	witness_arena	-1	negative_shift	#665112	1.051527	0x022bcf6e0c7dad4a
63	63	5	palette_interface_object	propagator_cell_object	colored_bisimulation_candidate	has_aspect	has_counterfactual;from_aspect	has_counterfactual;to_aspect	has_counterfactual;shared_in	witness_arena	0	same_trit_relabel	#DBDAE9	0.665293	0x95094c382d7de0f2
64	64	5	palette_interface_object	abductive_world_object	colored_bisimulation_candidate	has_aspect	has_counterfactual;from_aspect	has_counterfactual;to_aspect	has_counterfactual;shared_in	witness_arena	1	positive_shift	#0E5C81	0.862977	0xe7fa659de1ff77c7
65	65	5	palette_interface_object	fuzz_soundness_object	colored_bisimulation_candidate	has_aspect	has_counterfactual;from_aspect	has_counterfactual;to_aspect	has_counterfactual;shared_in	witness_arena	-1	negative_shift	#F800B9	1.164354	0x93934d5cbf27a4da
66	66	5	palette_interface_object	ternary_regression_object	colored_bisimulation_candidate	has_aspect	has_counterfactual;from_aspect	has_counterfactual;to_aspect	has_counterfactual;shared_in	witness_arena	0	same_trit_relabel	#4D481B	0.496756	0xc00a502ce5866fcb
67	67	5	palette_interface_object	nonriemannian_gate_object	colored_bisimulation_candidate	has_aspect	has_counterfactual;from_aspect	has_counterfactual;to_aspect	has_counterfactual;shared_in	witness_arena	1	positive_shift	#4DBA92	0.629223	0x1642e0700608a719
68	68	5	palette_interface_object	exa_loop_object	colored_bisimulation_candidate	has_aspect	has_counterfactual;from_aspect	has_counterfactual;to_aspect	has_counterfactual;shared_in	witness_arena	-1	negative_shift	#85346C	0.419786	0x9362ffff8c3b9c07
69	69	5	palette_interface_object	aqua_hygiene_object	colored_bisimulation_candidate	has_aspect	has_counterfactual;from_aspect	has_counterfactual;to_aspect	has_counterfactual;shared_in	witness_arena	0	same_trit_relabel	#6DB876	0.282924	0xc4324035697d5648
70	70	5	palette_interface_object	scip_catcolab_object	colored_bisimulation_candidate	has_aspect	has_counterfactual;from_aspect	has_counterfactual;to_aspect	has_counterfactual;shared_in	witness_arena	1	positive_shift	#51B137	1.011402	0xc96eb66d1b787469
71	71	6	lisp_semantics_object	color_space_object	colored_bisimulation_candidate	has_aspect	has_counterfactual;from_aspect	has_counterfactual;to_aspect	has_counterfactual;shared_in	witness_arena	1	positive_shift	#C804E5	0.957849	0xab1eb1f3ed923579
72	72	6	lisp_semantics_object	trit_tick_object	colored_bisimulation_candidate	has_aspect	has_counterfactual;from_aspect	has_counterfactual;to_aspect	has_counterfactual;shared_in	witness_arena	-1	negative_shift	#EC96F2	0.91099	0x99af40bf61aaf146
73	73	6	lisp_semantics_object	rng_determinism_object	colored_bisimulation_candidate	has_aspect	has_counterfactual;from_aspect	has_counterfactual;to_aspect	has_counterfactual;shared_in	witness_arena	0	same_trit_relabel	#DA13FB	0.684771	0x53a32009ef236966
74	74	6	lisp_semantics_object	parallel_invariance_object	colored_bisimulation_candidate	has_aspect	has_counterfactual;from_aspect	has_counterfactual;to_aspect	has_counterfactual;shared_in	witness_arena	1	positive_shift	#CBB096	0.9078	0xa6a4e1ce23db48cb
75	75	6	lisp_semantics_object	palette_interface_object	colored_bisimulation_candidate	has_aspect	has_counterfactual;from_aspect	has_counterfactual;to_aspect	has_counterfactual;shared_in	witness_arena	-1	negative_shift	#80C990	1.235908	0xa801d217cdf16de6
76	76	6	lisp_semantics_object	entropy_source_object	colored_bisimulation_candidate	has_aspect	has_counterfactual;from_aspect	has_counterfactual;to_aspect	has_counterfactual;shared_in	witness_arena	1	positive_shift	#CE6ED0	0.917318	0xdc6c22359580f0cb
77	77	6	lisp_semantics_object	propagator_cell_object	colored_bisimulation_candidate	has_aspect	has_counterfactual;from_aspect	has_counterfactual;to_aspect	has_counterfactual;shared_in	witness_arena	-1	negative_shift	#4CBA0F	1.055211	0xa5ae317e08408517
78	78	6	lisp_semantics_object	abductive_world_object	colored_bisimulation_candidate	has_aspect	has_counterfactual;from_aspect	has_counterfactual;to_aspect	has_counterfactual;shared_in	witness_arena	0	same_trit_relabel	#6DB6DB	0.506429	0xa89be50347094002
79	79	6	lisp_semantics_object	fuzz_soundness_object	colored_bisimulation_candidate	has_aspect	has_counterfactual;from_aspect	has_counterfactual;to_aspect	has_counterfactual;shared_in	witness_arena	1	positive_shift	#E850C8	1.182188	0xb3126169fd958f3d
80	80	6	lisp_semantics_object	ternary_regression_object	colored_bisimulation_candidate	has_aspect	has_counterfactual;from_aspect	has_counterfactual;to_aspect	has_counterfactual;shared_in	witness_arena	-1	negative_shift	#308A20	1.33134	0x2fb154f35af9e18e
81	81	6	lisp_semantics_object	nonriemannian_gate_object	colored_bisimulation_candidate	has_aspect	has_counterfactual;from_aspect	has_counterfactual;to_aspect	has_counterfactual;shared_in	witness_arena	0	same_trit_relabel	#688AAD	0.486101	0xdeafcbdfe914b0fe
82	82	6	lisp_semantics_object	exa_loop_object	colored_bisimulation_candidate	has_aspect	has_counterfactual;from_aspect	has_counterfactual;to_aspect	has_counterfactual;shared_in	witness_arena	1	positive_shift	#E55B18	0.837648	0x9c5398e37b6aa493
83	83	6	lisp_semantics_object	aqua_hygiene_object	colored_bisimulation_candidate	has_aspect	has_counterfactual;from_aspect	has_counterfactual;to_aspect	has_counterfactual;shared_in	witness_arena	-1	negative_shift	#11501C	0.990111	0x2e1820c8cf04b2ca
84	84	6	lisp_semantics_object	scip_catcolab_object	colored_bisimulation_candidate	has_aspect	has_counterfactual;from_aspect	has_counterfactual;to_aspect	has_counterfactual;shared_in	witness_arena	0	same_trit_relabel	#CBCBFA	0.817541	0x24e85e7006eb8acd
85	85	7	entropy_source_object	color_space_object	colored_bisimulation_candidate	has_aspect	has_counterfactual;from_aspect	has_counterfactual;to_aspect	has_counterfactual;shared_in	witness_arena	0	same_trit_relabel	#82EA53	0.341897	0x50a32922460281a7
86	86	7	entropy_source_object	trit_tick_object	colored_bisimulation_candidate	has_aspect	has_counterfactual;from_aspect	has_counterfactual;to_aspect	has_counterfactual;shared_in	witness_arena	1	positive_shift	#33915C	0.407117	0x8254979aeb819e0e
87	87	7	entropy_source_object	rng_determinism_object	colored_bisimulation_candidate	has_aspect	has_counterfactual;from_aspect	has_counterfactual;to_aspect	has_counterfactual;shared_in	witness_arena	-1	negative_shift	#C4FCCC	0.838272	0xa415348a172dd2a9
88	88	7	entropy_source_object	parallel_invariance_object	colored_bisimulation_candidate	has_aspect	has_counterfactual;from_aspect	has_counterfactual;to_aspect	has_counterfactual;shared_in	witness_arena	0	same_trit_relabel	#98587C	0.968199	0x2d0fdd2c0649d7ea
89	89	7	entropy_source_object	palette_interface_object	colored_bisimulation_candidate	has_aspect	has_counterfactual;from_aspect	has_counterfactual;to_aspect	has_counterfactual;shared_in	witness_arena	1	positive_shift	#1C3151	1.011889	0xfd2d78fa4ef00df2
90	90	7	entropy_source_object	lisp_semantics_object	colored_bisimulation_candidate	has_aspect	has_counterfactual;from_aspect	has_counterfactual;to_aspect	has_counterfactual;shared_in	witness_arena	-1	negative_shift	#7531CF	1.019115	0x51fd097d8dac817d
91	91	7	entropy_source_object	propagator_cell_object	colored_bisimulation_candidate	has_aspect	has_counterfactual;from_aspect	has_counterfactual;to_aspect	has_counterfactual;shared_in	witness_arena	1	positive_shift	#C84AB8	1.011357	0xcfae42e3b7ec61a2
92	92	7	entropy_source_object	abductive_world_object	colored_bisimulation_candidate	has_aspect	has_counterfactual;from_aspect	has_counterfactual;to_aspect	has_counterfactual;shared_in	witness_arena	-1	negative_shift	#23878A	0.982006	0x906d934ff01120b0
93	93	7	entropy_source_object	fuzz_soundness_object	colored_bisimulation_candidate	has_aspect	has_counterfactual;from_aspect	has_counterfactual;to_aspect	has_counterfactual;shared_in	witness_arena	0	same_trit_relabel	#5AAA2A	0.8603	0x03d7f1658ca03a00
94	94	7	entropy_source_object	ternary_regression_object	colored_bisimulation_candidate	has_aspect	has_counterfactual;from_aspect	has_counterfactual;to_aspect	has_counterfactual;shared_in	witness_arena	1	positive_shift	#3639CD	0.786236	0xf5197ed62f530c24
95	95	7	entropy_source_object	nonriemannian_gate_object	colored_bisimulation_candidate	has_aspect	has_counterfactual;from_aspect	has_counterfactual;to_aspect	has_counterfactual;shared_in	witness_arena	-1	negative_shift	#5AAB29	0.642242	0x4b25b0cdb6f6b3da
96	96	7	entropy_source_object	exa_loop_object	colored_bisimulation_candidate	has_aspect	has_counterfactual;from_aspect	has_counterfactual;to_aspect	has_counterfactual;shared_in	witness_arena	0	same_trit_relabel	#1FB4F0	0.211982	0xfe35b46bbdd12c19
97	97	7	entropy_source_object	aqua_hygiene_object	colored_bisimulation_candidate	has_aspect	has_counterfactual;from_aspect	has_counterfactual;to_aspect	has_counterfactual;shared_in	witness_arena	1	positive_shift	#04D4E9	0.720378	0x35ef1629e81ae3b8
98	98	7	entropy_source_object	scip_catcolab_object	colored_bisimulation_candidate	has_aspect	has_counterfactual;from_aspect	has_counterfactual;to_aspect	has_counterfactual;shared_in	witness_arena	-1	negative_shift	#01F56E	1.129489	0x577ddd4ff2705723
99	99	8	propagator_cell_object	color_space_object	colored_bisimulation_candidate	has_aspect	has_counterfactual;from_aspect	has_counterfactual;to_aspect	has_counterfactual;shared_in	witness_arena	-1	negative_shift	#137DE1	1.247025	0xe6f58e71e7e6099f
100	100	8	propagator_cell_object	trit_tick_object	colored_bisimulation_candidate	has_aspect	has_counterfactual;from_aspect	has_counterfactual;to_aspect	has_counterfactual;shared_in	witness_arena	0	same_trit_relabel	#365B42	0.769727	0xb9b0fbde9ffe0cf1
101	101	8	propagator_cell_object	rng_determinism_object	colored_bisimulation_candidate	has_aspect	has_counterfactual;from_aspect	has_counterfactual;to_aspect	has_counterfactual;shared_in	witness_arena	1	positive_shift	#2E31B7	1.157899	0x57aca6b6f57b3044
102	102	8	propagator_cell_object	parallel_invariance_object	colored_bisimulation_candidate	has_aspect	has_counterfactual;from_aspect	has_counterfactual;to_aspect	has_counterfactual;shared_in	witness_arena	-1	negative_shift	#C978E1	0.992005	0xf197a2c6c6f71b4f
103	103	8	propagator_cell_object	palette_interface_object	colored_bisimulation_candidate	has_aspect	has_counterfactual;from_aspect	has_counterfactual;to_aspect	has_counterfactual;shared_in	witness_arena	0	same_trit_relabel	#71E7E5	0.336525	0xa0d0c3c97acf6fe6
104	104	8	propagator_cell_object	lisp_semantics_object	colored_bisimulation_candidate	has_aspect	has_counterfactual;from_aspect	has_counterfactual;to_aspect	has_counterfactual;shared_in	witness_arena	1	positive_shift	#88477F	0.424883	0x49e0b71debe5c1e0
105	105	8	propagator_cell_object	entropy_source_object	colored_bisimulation_candidate	has_aspect	has_counterfactual;from_aspect	has_counterfactual;to_aspect	has_counterfactual;shared_in	witness_arena	-1	negative_shift	#668D2D	0.776314	0xf7db2ecf32797eff
106	106	8	propagator_cell_object	abductive_world_object	colored_bisimulation_candidate	has_aspect	has_counterfactual;from_aspect	has_counterfactual;to_aspect	has_counterfactual;shared_in	witness_arena	1	positive_shift	#C4FAA8	1.199752	0xea2a989726a3e59e
107	107	8	propagator_cell_object	fuzz_soundness_object	colored_bisimulation_candidate	has_aspect	has_counterfactual;from_aspect	has_counterfactual;to_aspect	has_counterfactual;shared_in	witness_arena	-1	negative_shift	#703FCB	0.869571	0xaf626c63c74afe7f
108	108	8	propagator_cell_object	ternary_regression_object	colored_bisimulation_candidate	has_aspect	has_counterfactual;from_aspect	has_counterfactual;to_aspect	has_counterfactual;shared_in	witness_arena	0	same_trit_relabel	#A24BC8	0.605422	0x5a46a429f13f19c2
109	109	8	propagator_cell_object	nonriemannian_gate_object	colored_bisimulation_candidate	has_aspect	has_counterfactual;from_aspect	has_counterfactual;to_aspect	has_counterfactual;shared_in	witness_arena	1	positive_shift	#3E274B	0.991888	0xaebb8032a6d33174
110	110	8	propagator_cell_object	exa_loop_object	colored_bisimulation_candidate	has_aspect	has_counterfactual;from_aspect	has_counterfactual;to_aspect	has_counterfactual;shared_in	witness_arena	-1	negative_shift	#0710DF	0.956727	0x8d8e3b9bfaff0b96
111	111	8	propagator_cell_object	aqua_hygiene_object	colored_bisimulation_candidate	has_aspect	has_counterfactual;from_aspect	has_counterfactual;to_aspect	has_counterfactual;shared_in	witness_arena	0	same_trit_relabel	#AFCD39	0.634822	0xa90f32185af0f73f
112	112	8	propagator_cell_object	scip_catcolab_object	colored_bisimulation_candidate	has_aspect	has_counterfactual;from_aspect	has_counterfactual;to_aspect	has_counterfactual;shared_in	witness_arena	1	positive_shift	#02C626	0.943802	0xcb99b63d09beb916
113	113	9	abductive_world_object	color_space_object	colored_bisimulation_candidate	has_aspect	has_counterfactual;from_aspect	has_counterfactual;to_aspect	has_counterfactual;shared_in	witness_arena	1	positive_shift	#FDC1AF	1.35236	0xce91068cc9da3f87
114	114	9	abductive_world_object	trit_tick_object	colored_bisimulation_candidate	has_aspect	has_counterfactual;from_aspect	has_counterfactual;to_aspect	has_counterfactual;shared_in	witness_arena	-1	negative_shift	#D3CAD1	1.123352	0xccdaa0677e6d67e6
115	115	9	abductive_world_object	rng_determinism_object	colored_bisimulation_candidate	has_aspect	has_counterfactual;from_aspect	has_counterfactual;to_aspect	has_counterfactual;shared_in	witness_arena	0	same_trit_relabel	#7FE497	0.593402	0xa2842ae01f45cd52
116	116	9	abductive_world_object	parallel_invariance_object	colored_bisimulation_candidate	has_aspect	has_counterfactual;from_aspect	has_counterfactual;to_aspect	has_counterfactual;shared_in	witness_arena	1	positive_shift	#65BF41	0.933333	0x9ede9206d4f80bad
117	117	9	abductive_world_object	palette_interface_object	colored_bisimulation_candidate	has_aspect	has_counterfactual;from_aspect	has_counterfactual;to_aspect	has_counterfactual;shared_in	witness_arena	-1	negative_shift	#C9B990	1.068227	0x8aee1eef11920207
118	118	9	abductive_world_object	lisp_semantics_object	colored_bisimulation_candidate	has_aspect	has_counterfactual;from_aspect	has_counterfactual;to_aspect	has_counterfactual;shared_in	witness_arena	0	same_trit_relabel	#A45DF1	0.382247	0xa32158ea3afb1824
119	119	9	abductive_world_object	entropy_source_object	colored_bisimulation_candidate	has_aspect	has_counterfactual;from_aspect	has_counterfactual;to_aspect	has_counterfactual;shared_in	witness_arena	1	positive_shift	#F45D72	0.705407	0x5fb3511238e36afa
120	120	9	abductive_world_object	propagator_cell_object	colored_bisimulation_candidate	has_aspect	has_counterfactual;from_aspect	has_counterfactual;to_aspect	has_counterfactual;shared_in	witness_arena	-1	negative_shift	#633937	0.573127	0x3e4d711af81cf468
121	121	9	abductive_world_object	fuzz_soundness_object	colored_bisimulation_candidate	has_aspect	has_counterfactual;from_aspect	has_counterfactual;to_aspect	has_counterfactual;shared_in	witness_arena	1	positive_shift	#174699	0.472314	0x4d6e6bb78171ba6a
122	122	9	abductive_world_object	ternary_regression_object	colored_bisimulation_candidate	has_aspect	has_counterfactual;from_aspect	has_counterfactual;to_aspect	has_counterfactual;shared_in	witness_arena	-1	negative_shift	#7CD780	1.113814	0x9fdad7e8c6c41158
123	123	9	abductive_world_object	nonriemannian_gate_object	colored_bisimulation_candidate	has_aspect	has_counterfactual;from_aspect	has_counterfactual;to_aspect	has_counterfactual;shared_in	witness_arena	0	same_trit_relabel	#64C31D	0.545465	0xd0ea8ea6de744b9e
124	124	9	abductive_world_object	exa_loop_object	colored_bisimulation_candidate	has_aspect	has_counterfactual;from_aspect	has_counterfactual;to_aspect	has_counterfactual;shared_in	witness_arena	1	positive_shift	#405F72	1.024509	0x1331bcc2c3a40415
125	125	9	abductive_world_object	aqua_hygiene_object	colored_bisimulation_candidate	has_aspect	has_counterfactual;from_aspect	has_counterfactual;to_aspect	has_counterfactual;shared_in	witness_arena	-1	negative_shift	#4CE7C0	1.177856	0x27888df3d948c000
126	126	9	abductive_world_object	scip_catcolab_object	colored_bisimulation_candidate	has_aspect	has_counterfactual;from_aspect	has_counterfactual;to_aspect	has_counterfactual;shared_in	witness_arena	0	same_trit_relabel	#D1B3A1	0.920801	0x4a033431557fa3c1
127	127	10	fuzz_soundness_object	color_space_object	colored_bisimulation_candidate	has_aspect	has_counterfactual;from_aspect	has_counterfactual;to_aspect	has_counterfactual;shared_in	witness_arena	0	same_trit_relabel	#918BE5	0.483897	0x028d6f64b8a49b81
128	128	10	fuzz_soundness_object	trit_tick_object	colored_bisimulation_candidate	has_aspect	has_counterfactual;from_aspect	has_counterfactual;to_aspect	has_counterfactual;shared_in	witness_arena	1	positive_shift	#4F696E	0.994871	0x4201ca487627398b
129	129	10	fuzz_soundness_object	rng_determinism_object	colored_bisimulation_candidate	has_aspect	has_counterfactual;from_aspect	has_counterfactual;to_aspect	has_counterfactual;shared_in	witness_arena	-1	negative_shift	#E3A865	1.346951	0xad820a09e61a7331
130	130	10	fuzz_soundness_object	parallel_invariance_object	colored_bisimulation_candidate	has_aspect	has_counterfactual;from_aspect	has_counterfactual;to_aspect	has_counterfactual;shared_in	witness_arena	0	same_trit_relabel	#08DFD9	0.696009	0xeba95e35f2782143
131	131	10	fuzz_soundness_object	palette_interface_object	colored_bisimulation_candidate	has_aspect	has_counterfactual;from_aspect	has_counterfactual;to_aspect	has_counterfactual;shared_in	witness_arena	1	positive_shift	#9D29E7	1.100228	0xd34f59702fb1a2ea
132	132	10	fuzz_soundness_object	lisp_semantics_object	colored_bisimulation_candidate	has_aspect	has_counterfactual;from_aspect	has_counterfactual;to_aspect	has_counterfactual;shared_in	witness_arena	-1	negative_shift	#05278E	1.190409	0x335417542119d231
133	133	10	fuzz_soundness_object	entropy_source_object	colored_bisimulation_candidate	has_aspect	has_counterfactual;from_aspect	has_counterfactual;to_aspect	has_counterfactual;shared_in	witness_arena	0	same_trit_relabel	#BFCFA3	0.7436	0x9e7bc5f2cbe1dfd5
134	134	10	fuzz_soundness_object	propagator_cell_object	colored_bisimulation_candidate	has_aspect	has_counterfactual;from_aspect	has_counterfactual;to_aspect	has_counterfactual;shared_in	witness_arena	1	positive_shift	#7F501D	1.366501	0x60f6c9acfa62334e
135	135	10	fuzz_soundness_object	abductive_world_object	colored_bisimulation_candidate	has_aspect	has_counterfactual;from_aspect	has_counterfactual;to_aspect	has_counterfactual;shared_in	witness_arena	-1	negative_shift	#D9D661	0.416152	0x2f2895cf59c1acec
136	136	10	fuzz_soundness_object	ternary_regression_object	colored_bisimulation_candidate	has_aspect	has_counterfactual;from_aspect	has_counterfactual;to_aspect	has_counterfactual;shared_in	witness_arena	1	positive_shift	#630F60	1.355389	0x6ff568629185dde3
137	137	10	fuzz_soundness_object	nonriemannian_gate_object	colored_bisimulation_candidate	has_aspect	has_counterfactual;from_aspect	has_counterfactual;to_aspect	has_counterfactual;shared_in	witness_arena	-1	negative_shift	#35430A	1.070484	0x4459eb872fdde62c
138	138	10	fuzz_soundness_object	exa_loop_object	colored_bisimulation_candidate	has_aspect	has_counterfactual;from_aspect	has_counterfactual;to_aspect	has_counterfactual;shared_in	witness_arena	0	same_trit_relabel	#D60680	0.541134	0xf94baa463e0c2981
139	139	10	fuzz_soundness_object	aqua_hygiene_object	colored_bisimulation_candidate	has_aspect	has_counterfactual;from_aspect	has_counterfactual;to_aspect	has_counterfactual;shared_in	witness_arena	1	positive_shift	#6FBFB9	0.80747	0xc71d0fdce5da117a
140	140	10	fuzz_soundness_object	scip_catcolab_object	colored_bisimulation_candidate	has_aspect	has_counterfactual;from_aspect	has_counterfactual;to_aspect	has_counterfactual;shared_in	witness_arena	-1	negative_shift	#9527F3	0.852019	0x844e5bc66eee6aa0
141	141	11	ternary_regression_object	color_space_object	colored_bisimulation_candidate	has_aspect	has_counterfactual;from_aspect	has_counterfactual;to_aspect	has_counterfactual;shared_in	witness_arena	-1	negative_shift	#80BB2F	1.030899	0x4918a4c841bfd411
142	142	11	ternary_regression_object	trit_tick_object	colored_bisimulation_candidate	has_aspect	has_counterfactual;from_aspect	has_counterfactual;to_aspect	has_counterfactual;shared_in	witness_arena	0	same_trit_relabel	#8A3781	0.480388	0x4d8ed44deb9b8a91
143	143	11	ternary_regression_object	rng_determinism_object	colored_bisimulation_candidate	has_aspect	has_counterfactual;from_aspect	has_counterfactual;to_aspect	has_counterfactual;shared_in	witness_arena	1	positive_shift	#378893	0.805406	0xd524e0aaabc95db4
144	144	11	ternary_regression_object	parallel_invariance_object	colored_bisimulation_candidate	has_aspect	has_counterfactual;from_aspect	has_counterfactual;to_aspect	has_counterfactual;shared_in	witness_arena	-1	negative_shift	#BF875D	0.938565	0x4c70df0a16eeedf9
145	145	11	ternary_regression_object	palette_interface_object	colored_bisimulation_candidate	has_aspect	has_counterfactual;from_aspect	has_counterfactual;to_aspect	has_counterfactual;shared_in	witness_arena	0	same_trit_relabel	#07F621	0.535291	0xd1552998f419d210
146	146	11	ternary_regression_object	lisp_semantics_object	colored_bisimulation_candidate	has_aspect	has_counterfactual;from_aspect	has_counterfactual;to_aspect	has_counterfactual;shared_in	witness_arena	1	positive_shift	#C52E17	0.630675	0xb10502c244f0cde5
147	147	11	ternary_regression_object	entropy_source_object	colored_bisimulation_candidate	has_aspect	has_counterfactual;from_aspect	has_counterfactual;to_aspect	has_counterfactual;shared_in	witness_arena	-1	negative_shift	#F026F1	0.722103	0x3a0fa00bd9d1fe71
148	148	11	ternary_regression_object	propagator_cell_object	colored_bisimulation_candidate	has_aspect	has_counterfactual;from_aspect	has_counterfactual;to_aspect	has_counterfactual;shared_in	witness_arena	0	same_trit_relabel	#BC656A	0.317356	0xea8a822750f6257e
149	149	11	ternary_regression_object	abductive_world_object	colored_bisimulation_candidate	has_aspect	has_counterfactual;from_aspect	has_counterfactual;to_aspect	has_counterfactual;shared_in	witness_arena	1	positive_shift	#869DB8	1.05619	0x880fbfba455601e1
150	150	11	ternary_regression_object	fuzz_soundness_object	colored_bisimulation_candidate	has_aspect	has_counterfactual;from_aspect	has_counterfactual;to_aspect	has_counterfactual;shared_in	witness_arena	-1	negative_shift	#4DB548	0.756172	0x4256a3981ce6a34c
151	151	11	ternary_regression_object	nonriemannian_gate_object	colored_bisimulation_candidate	has_aspect	has_counterfactual;from_aspect	has_counterfactual;to_aspect	has_counterfactual;shared_in	witness_arena	1	positive_shift	#03FACB	0.620573	0x26846163c22a55ae
152	152	11	ternary_regression_object	exa_loop_object	colored_bisimulation_candidate	has_aspect	has_counterfactual;from_aspect	has_counterfactual;to_aspect	has_counterfactual;shared_in	witness_arena	-1	negative_shift	#9A36C1	0.700665	0xf25bf998fe6a683a
153	153	11	ternary_regression_object	aqua_hygiene_object	colored_bisimulation_candidate	has_aspect	has_counterfactual;from_aspect	has_counterfactual;to_aspect	has_counterfactual;shared_in	witness_arena	0	same_trit_relabel	#75D3B0	0.532366	0x47181c454e6a4991
154	154	11	ternary_regression_object	scip_catcolab_object	colored_bisimulation_candidate	has_aspect	has_counterfactual;from_aspect	has_counterfactual;to_aspect	has_counterfactual;shared_in	witness_arena	1	positive_shift	#BB3969	1.040272	0xee751ca78f578b98
155	155	12	nonriemannian_gate_object	color_space_object	colored_bisimulation_candidate	has_aspect	has_counterfactual;from_aspect	has_counterfactual;to_aspect	has_counterfactual;shared_in	witness_arena	1	positive_shift	#44D12D	1.278928	0x9939ab5bd76de824
156	156	12	nonriemannian_gate_object	trit_tick_object	colored_bisimulation_candidate	has_aspect	has_counterfactual;from_aspect	has_counterfactual;to_aspect	has_counterfactual;shared_in	witness_arena	-1	negative_shift	#8B4E1E	1.367238	0x72eeccc0d0722efb
157	157	12	nonriemannian_gate_object	rng_determinism_object	colored_bisimulation_candidate	has_aspect	has_counterfactual;from_aspect	has_counterfactual;to_aspect	has_counterfactual;shared_in	witness_arena	0	same_trit_relabel	#AA8AF0	1.342724	0x620ae8c5aa8e92c2
158	158	12	nonriemannian_gate_object	parallel_invariance_object	colored_bisimulation_candidate	has_aspect	has_counterfactual;from_aspect	has_counterfactual;to_aspect	has_counterfactual;shared_in	witness_arena	1	positive_shift	#ABF6BE	1.198304	0xbd07b74dcdd5f6aa
159	159	12	nonriemannian_gate_object	palette_interface_object	colored_bisimulation_candidate	has_aspect	has_counterfactual;from_aspect	has_counterfactual;to_aspect	has_counterfactual;shared_in	witness_arena	-1	negative_shift	#79F404	0.780409	0x79d66f30359490e6
160	160	12	nonriemannian_gate_object	lisp_semantics_object	colored_bisimulation_candidate	has_aspect	has_counterfactual;from_aspect	has_counterfactual;to_aspect	has_counterfactual;shared_in	witness_arena	0	same_trit_relabel	#B20D64	0.725183	0x693083fe50d89a69
161	161	12	nonriemannian_gate_object	entropy_source_object	colored_bisimulation_candidate	has_aspect	has_counterfactual;from_aspect	has_counterfactual;to_aspect	has_counterfactual;shared_in	witness_arena	1	positive_shift	#045181	1.166821	0xee8762f901de4ac0
162	162	12	nonriemannian_gate_object	propagator_cell_object	colored_bisimulation_candidate	has_aspect	has_counterfactual;from_aspect	has_counterfactual;to_aspect	has_counterfactual;shared_in	witness_arena	-1	negative_shift	#143B50	1.531884	0x6e511e2a19147e80
163	163	12	nonriemannian_gate_object	abductive_world_object	colored_bisimulation_candidate	has_aspect	has_counterfactual;from_aspect	has_counterfactual;to_aspect	has_counterfactual;shared_in	witness_arena	0	same_trit_relabel	#89E0E3	0.740834	0x41acef50f447db5d
164	164	12	nonriemannian_gate_object	fuzz_soundness_object	colored_bisimulation_candidate	has_aspect	has_counterfactual;from_aspect	has_counterfactual;to_aspect	has_counterfactual;shared_in	witness_arena	1	positive_shift	#93559D	1.527482	0x3e0e6bc50350a8c3
165	165	12	nonriemannian_gate_object	ternary_regression_object	colored_bisimulation_candidate	has_aspect	has_counterfactual;from_aspect	has_counterfactual;to_aspect	has_counterfactual;shared_in	witness_arena	-1	negative_shift	#D7F774	1.318646	0x3a78d0e211c35489
166	166	12	nonriemannian_gate_object	exa_loop_object	colored_bisimulation_candidate	has_aspect	has_counterfactual;from_aspect	has_counterfactual;to_aspect	has_counterfactual;shared_in	witness_arena	1	positive_shift	#A1488A	1.19833	0x4276d8436903dfb0
167	167	12	nonriemannian_gate_object	aqua_hygiene_object	colored_bisimulation_candidate	has_aspect	has_counterfactual;from_aspect	has_counterfactual;to_aspect	has_counterfactual;shared_in	witness_arena	-1	negative_shift	#2A6899	0.99288	0xeff9ae6021b50d99
168	168	12	nonriemannian_gate_object	scip_catcolab_object	colored_bisimulation_candidate	has_aspect	has_counterfactual;from_aspect	has_counterfactual;to_aspect	has_counterfactual;shared_in	witness_arena	0	same_trit_relabel	#7ADB63	0.28033	0x3a9b8da68f1e8046
169	169	13	exa_loop_object	color_space_object	colored_bisimulation_candidate	has_aspect	has_counterfactual;from_aspect	has_counterfactual;to_aspect	has_counterfactual;shared_in	witness_arena	0	same_trit_relabel	#7263D1	0.419901	0x057c50f0331eba2b
170	170	13	exa_loop_object	trit_tick_object	colored_bisimulation_candidate	has_aspect	has_counterfactual;from_aspect	has_counterfactual;to_aspect	has_counterfactual;shared_in	witness_arena	1	positive_shift	#3F2C1A	0.646814	0xc3742027d43bc575
171	171	13	exa_loop_object	rng_determinism_object	colored_bisimulation_candidate	has_aspect	has_counterfactual;from_aspect	has_counterfactual;to_aspect	has_counterfactual;shared_in	witness_arena	-1	negative_shift	#D0D57B	1.010608	0x609868493538dfe8
172	172	13	exa_loop_object	parallel_invariance_object	colored_bisimulation_candidate	has_aspect	has_counterfactual;from_aspect	has_counterfactual;to_aspect	has_counterfactual;shared_in	witness_arena	0	same_trit_relabel	#81DB5A	0.96406	0x05c695073fd18c49
173	173	13	exa_loop_object	palette_interface_object	colored_bisimulation_candidate	has_aspect	has_counterfactual;from_aspect	has_counterfactual;to_aspect	has_counterfactual;shared_in	witness_arena	1	positive_shift	#4D05A9	0.800379	0xca5b16300684278d
174	174	13	exa_loop_object	lisp_semantics_object	colored_bisimulation_candidate	has_aspect	has_counterfactual;from_aspect	has_counterfactual;to_aspect	has_counterfactual;shared_in	witness_arena	-1	negative_shift	#65768D	0.906755	0x086d7222f543db7e
175	175	13	exa_loop_object	entropy_source_object	colored_bisimulation_candidate	has_aspect	has_counterfactual;from_aspect	has_counterfactual;to_aspect	has_counterfactual;shared_in	witness_arena	0	same_trit_relabel	#DEACC8	0.798807	0x8eba31d4542a7b32
176	176	13	exa_loop_object	propagator_cell_object	colored_bisimulation_candidate	has_aspect	has_counterfactual;from_aspect	has_counterfactual;to_aspect	has_counterfactual;shared_in	witness_arena	1	positive_shift	#AE580C	1.073305	0x9e24be33c00aeda3
177	177	13	exa_loop_object	abductive_world_object	colored_bisimulation_candidate	has_aspect	has_counterfactual;from_aspect	has_counterfactual;to_aspect	has_counterfactual;shared_in	witness_arena	-1	negative_shift	#C41878	0.988705	0x90d919af5f3e1051
178	178	13	exa_loop_object	fuzz_soundness_object	colored_bisimulation_candidate	has_aspect	has_counterfactual;from_aspect	has_counterfactual;to_aspect	has_counterfactual;shared_in	witness_arena	0	same_trit_relabel	#2F2D8D	0.875362	0x630f026fa57961e2
179	179	13	exa_loop_object	ternary_regression_object	colored_bisimulation_candidate	has_aspect	has_counterfactual;from_aspect	has_counterfactual;to_aspect	has_counterfactual;shared_in	witness_arena	1	positive_shift	#4AC17D	0.644252	0x8aa31191fe678f41
180	180	13	exa_loop_object	nonriemannian_gate_object	colored_bisimulation_candidate	has_aspect	has_counterfactual;from_aspect	has_counterfactual;to_aspect	has_counterfactual;shared_in	witness_arena	-1	negative_shift	#C2D13B	0.798746	0x6c21d8c571742030
181	181	13	exa_loop_object	aqua_hygiene_object	colored_bisimulation_candidate	has_aspect	has_counterfactual;from_aspect	has_counterfactual;to_aspect	has_counterfactual;shared_in	witness_arena	1	positive_shift	#B41591	0.609658	0xd2014c4f7328af73
182	182	13	exa_loop_object	scip_catcolab_object	colored_bisimulation_candidate	has_aspect	has_counterfactual;from_aspect	has_counterfactual;to_aspect	has_counterfactual;shared_in	witness_arena	-1	negative_shift	#5EE26D	0.97906	0xf524a656d403a8e2
183	183	14	aqua_hygiene_object	color_space_object	colored_bisimulation_candidate	has_aspect	has_counterfactual;from_aspect	has_counterfactual;to_aspect	has_counterfactual;shared_in	witness_arena	-1	negative_shift	#16F2A8	1.150414	0x69fcc679fad218c0
184	184	14	aqua_hygiene_object	trit_tick_object	colored_bisimulation_candidate	has_aspect	has_counterfactual;from_aspect	has_counterfactual;to_aspect	has_counterfactual;shared_in	witness_arena	0	same_trit_relabel	#562853	0.915894	0xb6fe957d6acd73f3
185	185	14	aqua_hygiene_object	rng_determinism_object	colored_bisimulation_candidate	has_aspect	has_counterfactual;from_aspect	has_counterfactual;to_aspect	has_counterfactual;shared_in	witness_arena	1	positive_shift	#0304C7	1.564044	0x19bc8c4da6de0414
186	186	14	aqua_hygiene_object	parallel_invariance_object	colored_bisimulation_candidate	has_aspect	has_counterfactual;from_aspect	has_counterfactual;to_aspect	has_counterfactual;shared_in	witness_arena	-1	negative_shift	#DFEFC2	1.058707	0x1cbcf45acd936897
187	187	14	aqua_hygiene_object	palette_interface_object	colored_bisimulation_candidate	has_aspect	has_counterfactual;from_aspect	has_counterfactual;to_aspect	has_counterfactual;shared_in	witness_arena	0	same_trit_relabel	#8E12ED	0.433098	0xfb26ec9dc5fe2c8a
188	188	14	aqua_hygiene_object	lisp_semantics_object	colored_bisimulation_candidate	has_aspect	has_counterfactual;from_aspect	has_counterfactual;to_aspect	has_counterfactual;shared_in	witness_arena	1	positive_shift	#1B7252	1.003566	0xd2f255891322263b
189	189	14	aqua_hygiene_object	entropy_source_object	colored_bisimulation_candidate	has_aspect	has_counterfactual;from_aspect	has_counterfactual;to_aspect	has_counterfactual;shared_in	witness_arena	-1	negative_shift	#1EA771	1.048963	0x822c5647020517ef
190	190	14	aqua_hygiene_object	propagator_cell_object	colored_bisimulation_candidate	has_aspect	has_counterfactual;from_aspect	has_counterfactual;to_aspect	has_counterfactual;shared_in	witness_arena	0	same_trit_relabel	#CDBD9C	1.10385	0xcfa8780ea788ae0a
191	191	14	aqua_hygiene_object	abductive_world_object	colored_bisimulation_candidate	has_aspect	has_counterfactual;from_aspect	has_counterfactual;to_aspect	has_counterfactual;shared_in	witness_arena	1	positive_shift	#56ACA0	0.900187	0xb80ee6d4724969bc
192	192	14	aqua_hygiene_object	fuzz_soundness_object	colored_bisimulation_candidate	has_aspect	has_counterfactual;from_aspect	has_counterfactual;to_aspect	has_counterfactual;shared_in	witness_arena	-1	negative_shift	#401296	1.450113	0x7c2bafcdc13214a1
193	193	14	aqua_hygiene_object	ternary_regression_object	colored_bisimulation_candidate	has_aspect	has_counterfactual;from_aspect	has_counterfactual;to_aspect	has_counterfactual;shared_in	witness_arena	0	same_trit_relabel	#4D8881	0.955005	0xc3ca88ebaedb7053
194	194	14	aqua_hygiene_object	nonriemannian_gate_object	colored_bisimulation_candidate	has_aspect	has_counterfactual;from_aspect	has_counterfactual;to_aspect	has_counterfactual;shared_in	witness_arena	1	positive_shift	#CC96C8	1.290164	0xa86384ded08f87bb
195	195	14	aqua_hygiene_object	exa_loop_object	colored_bisimulation_candidate	has_aspect	has_counterfactual;from_aspect	has_counterfactual;to_aspect	has_counterfactual;shared_in	witness_arena	-1	negative_shift	#0F1117	1.073617	0xf31272a880ec2127
196	196	14	aqua_hygiene_object	scip_catcolab_object	colored_bisimulation_candidate	has_aspect	has_counterfactual;from_aspect	has_counterfactual;to_aspect	has_counterfactual;shared_in	witness_arena	1	positive_shift	#6541F7	0.455973	0x5608f6eb354c35a5
197	197	15	scip_catcolab_object	color_space_object	colored_bisimulation_candidate	has_aspect	has_counterfactual;from_aspect	has_counterfactual;to_aspect	has_counterfactual;shared_in	witness_arena	1	positive_shift	#68C3C9	1.216949	0x042c1f240d45fef7
198	198	15	scip_catcolab_object	trit_tick_object	colored_bisimulation_candidate	has_aspect	has_counterfactual;from_aspect	has_counterfactual;to_aspect	has_counterfactual;shared_in	witness_arena	-1	negative_shift	#03AD01	1.023407	0xf78e75f235d58502
199	199	15	scip_catcolab_object	rng_determinism_object	colored_bisimulation_candidate	has_aspect	has_counterfactual;from_aspect	has_counterfactual;to_aspect	has_counterfactual;shared_in	witness_arena	0	same_trit_relabel	#020549	0.696385	0x5bb36f1d3a3b53c9
200	200	15	scip_catcolab_object	parallel_invariance_object	colored_bisimulation_candidate	has_aspect	has_counterfactual;from_aspect	has_counterfactual;to_aspect	has_counterfactual;shared_in	witness_arena	1	positive_shift	#2C7F12	1.092519	0x300b5bdbd72e3a18
201	201	15	scip_catcolab_object	palette_interface_object	colored_bisimulation_candidate	has_aspect	has_counterfactual;from_aspect	has_counterfactual;to_aspect	has_counterfactual;shared_in	witness_arena	-1	negative_shift	#FF772A	0.743676	0xed34b7a9efe9b133
202	202	15	scip_catcolab_object	lisp_semantics_object	colored_bisimulation_candidate	has_aspect	has_counterfactual;from_aspect	has_counterfactual;to_aspect	has_counterfactual;shared_in	witness_arena	0	same_trit_relabel	#755F80	0.158908	0x2d235c163b3a857a
203	203	15	scip_catcolab_object	entropy_source_object	colored_bisimulation_candidate	has_aspect	has_counterfactual;from_aspect	has_counterfactual;to_aspect	has_counterfactual;shared_in	witness_arena	1	positive_shift	#8FD1E0	0.855197	0xb8a79ff9eac02c08
204	204	15	scip_catcolab_object	propagator_cell_object	colored_bisimulation_candidate	has_aspect	has_counterfactual;from_aspect	has_counterfactual;to_aspect	has_counterfactual;shared_in	witness_arena	-1	negative_shift	#F57F0A	0.806301	0x8a19c5940e4784ce
205	205	15	scip_catcolab_object	abductive_world_object	colored_bisimulation_candidate	has_aspect	has_counterfactual;from_aspect	has_counterfactual;to_aspect	has_counterfactual;shared_in	witness_arena	0	same_trit_relabel	#3BD0B1	0.913869	0xc49c73c23bc59522
206	206	15	scip_catcolab_object	fuzz_soundness_object	colored_bisimulation_candidate	has_aspect	has_counterfactual;from_aspect	has_counterfactual;to_aspect	has_counterfactual;shared_in	witness_arena	1	positive_shift	#BACE06	0.799736	0x872fcba768f3ecfe
207	207	15	scip_catcolab_object	ternary_regression_object	colored_bisimulation_candidate	has_aspect	has_counterfactual;from_aspect	has_counterfactual;to_aspect	has_counterfactual;shared_in	witness_arena	-1	negative_shift	#65020E	0.808264	0xd768203261892f4b
208	208	15	scip_catcolab_object	nonriemannian_gate_object	colored_bisimulation_candidate	has_aspect	has_counterfactual;from_aspect	has_counterfactual;to_aspect	has_counterfactual;shared_in	witness_arena	0	same_trit_relabel	#2C415B	0.568803	0xd60dcbf408a976d7
209	209	15	scip_catcolab_object	exa_loop_object	colored_bisimulation_candidate	has_aspect	has_counterfactual;from_aspect	has_counterfactual;to_aspect	has_counterfactual;shared_in	witness_arena	1	positive_shift	#1C745C	0.91103	0xf9534bba604f8b34
210	210	15	scip_catcolab_object	aqua_hygiene_object	colored_bisimulation_candidate	has_aspect	has_counterfactual;from_aspect	has_counterfactual;to_aspect	has_counterfactual;shared_in	witness_arena	-1	negative_shift	#C3558E	0.970754	0x477673a93e3897ad
211	211	16	color_space_object	trit_tick_object	colored_bisimulation_candidate	has_aspect	has_counterfactual;from_aspect	has_counterfactual;to_aspect	has_counterfactual;shared_in	witness_arena	1	positive_shift	#F92C19	0.98666	0xc7d298764cdd8436
212	212	16	color_space_object	rng_determinism_object	colored_bisimulation_candidate	has_aspect	has_counterfactual;from_aspect	has_counterfactual;to_aspect	has_counterfactual;shared_in	witness_arena	-1	negative_shift	#36CC55	0.969136	0x772ace641d598b32
213	213	16	color_space_object	parallel_invariance_object	colored_bisimulation_candidate	has_aspect	has_counterfactual;from_aspect	has_counterfactual;to_aspect	has_counterfactual;shared_in	witness_arena	0	same_trit_relabel	#DD038A	0.337938	0xb94b7187cccd29c4
214	214	16	color_space_object	palette_interface_object	colored_bisimulation_candidate	has_aspect	has_counterfactual;from_aspect	has_counterfactual;to_aspect	has_counterfactual;shared_in	witness_arena	1	positive_shift	#31EDFF	1.052008	0x67ee8e98245dd0f1
215	215	16	color_space_object	lisp_semantics_object	colored_bisimulation_candidate	has_aspect	has_counterfactual;from_aspect	has_counterfactual;to_aspect	has_counterfactual;shared_in	witness_arena	-1	negative_shift	#CDBBE9	0.829966	0x07e587db0c17e61b
216	216	16	color_space_object	entropy_source_object	colored_bisimulation_candidate	has_aspect	has_counterfactual;from_aspect	has_counterfactual;to_aspect	has_counterfactual;shared_in	witness_arena	0	same_trit_relabel	#5F1320	0.233226	0xe57b4fb2d3168b2b
217	217	16	color_space_object	propagator_cell_object	colored_bisimulation_candidate	has_aspect	has_counterfactual;from_aspect	has_counterfactual;to_aspect	has_counterfactual;shared_in	witness_arena	1	positive_shift	#EDFC82	0.809251	0x163121c654cec859
218	218	16	color_space_object	abductive_world_object	colored_bisimulation_candidate	has_aspect	has_counterfactual;from_aspect	has_counterfactual;to_aspect	has_counterfactual;shared_in	witness_arena	-1	negative_shift	#1D11AE	0.991807	0x07094a70ee206592
219	219	16	color_space_object	fuzz_soundness_object	colored_bisimulation_candidate	has_aspect	has_counterfactual;from_aspect	has_counterfactual;to_aspect	has_counterfactual;shared_in	witness_arena	0	same_trit_relabel	#9941E6	0.528627	0x94665d0791b52ea3
220	220	16	color_space_object	ternary_regression_object	colored_bisimulation_candidate	has_aspect	has_counterfactual;from_aspect	has_counterfactual;to_aspect	has_counterfactual;shared_in	witness_arena	1	positive_shift	#CEFDA6	1.211633	0x84c9f5206a83b855
221	221	16	color_space_object	nonriemannian_gate_object	colored_bisimulation_candidate	has_aspect	has_counterfactual;from_aspect	has_counterfactual;to_aspect	has_counterfactual;shared_in	witness_arena	-1	negative_shift	#5E3244	0.788303	0xf264fe2c93e11ba8
222	222	16	color_space_object	exa_loop_object	colored_bisimulation_candidate	has_aspect	has_counterfactual;from_aspect	has_counterfactual;to_aspect	has_counterfactual;shared_in	witness_arena	0	same_trit_relabel	#36CB49	0.522776	0xa2dd17920c47f543
223	223	16	color_space_object	aqua_hygiene_object	colored_bisimulation_candidate	has_aspect	has_counterfactual;from_aspect	has_counterfactual;to_aspect	has_counterfactual;shared_in	witness_arena	1	positive_shift	#12A439	1.000115	0xfcb3632eeeb8c606
224	224	16	color_space_object	scip_catcolab_object	colored_bisimulation_candidate	has_aspect	has_counterfactual;from_aspect	has_counterfactual;to_aspect	has_counterfactual;shared_in	witness_arena	-1	negative_shift	#EB5EDE	1.065838	0x9a5bdd1543e2ad34
225	225	17	trit_tick_object	color_space_object	colored_bisimulation_candidate	has_aspect	has_counterfactual;from_aspect	has_counterfactual;to_aspect	has_counterfactual;shared_in	witness_arena	-1	negative_shift	#5DB5C5	0.847657	0xabfd2ad39287db5b
226	226	17	trit_tick_object	rng_determinism_object	colored_bisimulation_candidate	has_aspect	has_counterfactual;from_aspect	has_counterfactual;to_aspect	has_counterfactual;shared_in	witness_arena	1	positive_shift	#AFFE00	1.05188	0x29388ae9e95a247a
227	227	17	trit_tick_object	parallel_invariance_object	colored_bisimulation_candidate	has_aspect	has_counterfactual;from_aspect	has_counterfactual;to_aspect	has_counterfactual;shared_in	witness_arena	-1	negative_shift	#BA0159	0.994592	0xbfdb1b27f07e51d3
228	228	17	trit_tick_object	palette_interface_object	colored_bisimulation_candidate	has_aspect	has_counterfactual;from_aspect	has_counterfactual;to_aspect	has_counterfactual;shared_in	witness_arena	0	same_trit_relabel	#ACC0A0	0.889894	0x20717ce971b6facb
229	229	17	trit_tick_object	lisp_semantics_object	colored_bisimulation_candidate	has_aspect	has_counterfactual;from_aspect	has_counterfactual;to_aspect	has_counterfactual;shared_in	witness_arena	1	positive_shift	#5716E7	1.164715	0xeedde88ef4e19c8b
230	230	17	trit_tick_object	entropy_source_object	colored_bisimulation_candidate	has_aspect	has_counterfactual;from_aspect	has_counterfactual;to_aspect	has_counterfactual;shared_in	witness_arena	-1	negative_shift	#57A6E6	1.000069	0x13b57339f916b9fb
231	231	17	trit_tick_object	propagator_cell_object	colored_bisimulation_candidate	has_aspect	has_counterfactual;from_aspect	has_counterfactual;to_aspect	has_counterfactual;shared_in	witness_arena	0	same_trit_relabel	#7BBFC8	0.796349	0x80c6f4201dc34608
232	232	17	trit_tick_object	abductive_world_object	colored_bisimulation_candidate	has_aspect	has_counterfactual;from_aspect	has_counterfactual;to_aspect	has_counterfactual;shared_in	witness_arena	1	positive_shift	#FFC698	0.75081	0xd0b9822d39026b53
233	233	17	trit_tick_object	fuzz_soundness_object	colored_bisimulation_candidate	has_aspect	has_counterfactual;from_aspect	has_counterfactual;to_aspect	has_counterfactual;shared_in	witness_arena	-1	negative_shift	#35AF19	1.270432	0x6707130294f21566
234	234	17	trit_tick_object	ternary_regression_object	colored_bisimulation_candidate	has_aspect	has_counterfactual;from_aspect	has_counterfactual;to_aspect	has_counterfactual;shared_in	witness_arena	0	same_trit_relabel	#E67B8A	0.975391	0x5e49d12eeb63cc91
235	235	17	trit_tick_object	nonriemannian_gate_object	colored_bisimulation_candidate	has_aspect	has_counterfactual;from_aspect	has_counterfactual;to_aspect	has_counterfactual;shared_in	witness_arena	1	positive_shift	#1CEBE6	0.831311	0x9abb1e58bc357636
236	236	17	trit_tick_object	exa_loop_object	colored_bisimulation_candidate	has_aspect	has_counterfactual;from_aspect	has_counterfactual;to_aspect	has_counterfactual;shared_in	witness_arena	-1	negative_shift	#1D2C2F	0.792576	0x3749fcb3095bd773
237	237	17	trit_tick_object	aqua_hygiene_object	colored_bisimulation_candidate	has_aspect	has_counterfactual;from_aspect	has_counterfactual;to_aspect	has_counterfactual;shared_in	witness_arena	0	same_trit_relabel	#5946F0	0.589893	0x6fd0899343c37404
238	238	17	trit_tick_object	scip_catcolab_object	colored_bisimulation_candidate	has_aspect	has_counterfactual;from_aspect	has_counterfactual;to_aspect	has_counterfactual;shared_in	witness_arena	1	positive_shift	#EEF0E6	1.11799	0xf215cd5590b14471
239	239	18	rng_determinism_object	color_space_object	colored_bisimulation_candidate	has_aspect	has_counterfactual;from_aspect	has_counterfactual;to_aspect	has_counterfactual;shared_in	witness_arena	1	positive_shift	#B63E77	1.224229	0x801de931dd7f6f83
240	240	18	rng_determinism_object	trit_tick_object	colored_bisimulation_candidate	has_aspect	has_counterfactual;from_aspect	has_counterfactual;to_aspect	has_counterfactual;shared_in	witness_arena	-1	negative_shift	#11C38D	1.011946	0xee3c1e64c85e0314
241	241	18	rng_determinism_object	parallel_invariance_object	colored_bisimulation_candidate	has_aspect	has_counterfactual;from_aspect	has_counterfactual;to_aspect	has_counterfactual;shared_in	witness_arena	1	positive_shift	#9AAC3A	1.25319	0x81984be2470fc940
242	242	18	rng_determinism_object	palette_interface_object	colored_bisimulation_candidate	has_aspect	has_counterfactual;from_aspect	has_counterfactual;to_aspect	has_counterfactual;shared_in	witness_arena	-1	negative_shift	#8246F7	0.802137	0x88fc127eab60f0c5
243	243	18	rng_determinism_object	lisp_semantics_object	colored_bisimulation_candidate	has_aspect	has_counterfactual;from_aspect	has_counterfactual;to_aspect	has_counterfactual;shared_in	witness_arena	0	same_trit_relabel	#838A69	0.322953	0xa8534cd1ebfbcbd8
244	244	18	rng_determinism_object	entropy_source_object	colored_bisimulation_candidate	has_aspect	has_counterfactual;from_aspect	has_counterfactual;to_aspect	has_counterfactual;shared_in	witness_arena	1	positive_shift	#9A229C	1.015675	0x55da6777d50edbe5
245	245	18	rng_determinism_object	propagator_cell_object	colored_bisimulation_candidate	has_aspect	has_counterfactual;from_aspect	has_counterfactual;to_aspect	has_counterfactual;shared_in	witness_arena	-1	negative_shift	#C25F9E	0.857153	0x08fd673c14a36fa2
246	246	18	rng_determinism_object	abductive_world_object	colored_bisimulation_candidate	has_aspect	has_counterfactual;from_aspect	has_counterfactual;to_aspect	has_counterfactual;shared_in	witness_arena	0	same_trit_relabel	#5B4EC6	0.992506	0x244f18c9b84fa818
247	247	18	rng_determinism_object	fuzz_soundness_object	colored_bisimulation_candidate	has_aspect	has_counterfactual;from_aspect	has_counterfactual;to_aspect	has_counterfactual;shared_in	witness_arena	1	positive_shift	#FAAB5C	0.883766	0xd2418c88bacbc07b
248	248	18	rng_determinism_object	ternary_regression_object	colored_bisimulation_candidate	has_aspect	has_counterfactual;from_aspect	has_counterfactual;to_aspect	has_counterfactual;shared_in	witness_arena	-1	negative_shift	#74609D	0.678721	0x3fc5a573805241f2
249	249	18	rng_determinism_object	nonriemannian_gate_object	colored_bisimulation_candidate	has_aspect	has_counterfactual;from_aspect	has_counterfactual;to_aspect	has_counterfactual;shared_in	witness_arena	0	same_trit_relabel	#6A173E	0.592222	0xeac0be7c446c0d0d
250	250	18	rng_determinism_object	exa_loop_object	colored_bisimulation_candidate	has_aspect	has_counterfactual;from_aspect	has_counterfactual;to_aspect	has_counterfactual;shared_in	witness_arena	1	positive_shift	#722621	0.937828	0x397b648edbb31010
251	251	18	rng_determinism_object	aqua_hygiene_object	colored_bisimulation_candidate	has_aspect	has_counterfactual;from_aspect	has_counterfactual;to_aspect	has_counterfactual;shared_in	witness_arena	-1	negative_shift	#C84C0F	0.999977	0x5dba4672dd41d62a
252	252	18	rng_determinism_object	scip_catcolab_object	colored_bisimulation_candidate	has_aspect	has_counterfactual;from_aspect	has_counterfactual;to_aspect	has_counterfactual;shared_in	witness_arena	0	same_trit_relabel	#10AED7	0.812645	0x37ae8a303bd698c6
253	253	19	parallel_invariance_object	color_space_object	colored_bisimulation_candidate	has_aspect	has_counterfactual;from_aspect	has_counterfactual;to_aspect	has_counterfactual;shared_in	witness_arena	0	same_trit_relabel	#3A6472	0.981278	0xd7e205698a7c1fd4
254	254	19	parallel_invariance_object	trit_tick_object	colored_bisimulation_candidate	has_aspect	has_counterfactual;from_aspect	has_counterfactual;to_aspect	has_counterfactual;shared_in	witness_arena	1	positive_shift	#0E46EC	1.22874	0x6a6974917fdd231c
255	255	19	parallel_invariance_object	rng_determinism_object	colored_bisimulation_candidate	has_aspect	has_counterfactual;from_aspect	has_counterfactual;to_aspect	has_counterfactual;shared_in	witness_arena	-1	negative_shift	#518BAF	1.264299	0x9183278bcfe63b89
256	256	19	parallel_invariance_object	palette_interface_object	colored_bisimulation_candidate	has_aspect	has_counterfactual;from_aspect	has_counterfactual;to_aspect	has_counterfactual;shared_in	witness_arena	1	positive_shift	#E49219	0.959287	0x8fe861fbd868b055
257	257	19	parallel_invariance_object	lisp_semantics_object	colored_bisimulation_candidate	has_aspect	has_counterfactual;from_aspect	has_counterfactual;to_aspect	has_counterfactual;shared_in	witness_arena	-1	negative_shift	#6CE44A	0.764724	0x94b0beda8316aef0
258	258	19	parallel_invariance_object	entropy_source_object	colored_bisimulation_candidate	has_aspect	has_counterfactual;from_aspect	has_counterfactual;to_aspect	has_counterfactual;shared_in	witness_arena	0	same_trit_relabel	#FF9BA3	0.142586	0xc30d3e089c4b5067
259	259	19	parallel_invariance_object	propagator_cell_object	colored_bisimulation_candidate	has_aspect	has_counterfactual;from_aspect	has_counterfactual;to_aspect	has_counterfactual;shared_in	witness_arena	1	positive_shift	#AAB342	1.008128	0xd4c938712cb861ce
260	260	19	parallel_invariance_object	abductive_world_object	colored_bisimulation_candidate	has_aspect	has_counterfactual;from_aspect	has_counterfactual;to_aspect	has_counterfactual;shared_in	witness_arena	-1	negative_shift	#52AD37	1.091739	0x8691a3485dd40c34
261	261	19	parallel_invariance_object	fuzz_soundness_object	colored_bisimulation_candidate	has_aspect	has_counterfactual;from_aspect	has_counterfactual;to_aspect	has_counterfactual;shared_in	witness_arena	0	same_trit_relabel	#92E5EB	0.616398	0x87187ad5e5b73249
262	262	19	parallel_invariance_object	ternary_regression_object	colored_bisimulation_candidate	has_aspect	has_counterfactual;from_aspect	has_counterfactual;to_aspect	has_counterfactual;shared_in	witness_arena	1	positive_shift	#0167BA	1.31137	0xdd756c72e83b7883
263	263	19	parallel_invariance_object	nonriemannian_gate_object	colored_bisimulation_candidate	has_aspect	has_counterfactual;from_aspect	has_counterfactual;to_aspect	has_counterfactual;shared_in	witness_arena	-1	negative_shift	#7DDBE9	1.072598	0x595c6be1a97b8f89
264	264	19	parallel_invariance_object	exa_loop_object	colored_bisimulation_candidate	has_aspect	has_counterfactual;from_aspect	has_counterfactual;to_aspect	has_counterfactual;shared_in	witness_arena	0	same_trit_relabel	#56D2E0	0.723676	0xa050e681f2601b67
265	265	19	parallel_invariance_object	aqua_hygiene_object	colored_bisimulation_candidate	has_aspect	has_counterfactual;from_aspect	has_counterfactual;to_aspect	has_counterfactual;shared_in	witness_arena	1	positive_shift	#CDF729	1.091191	0xcf02f69da111517a
266	266	19	parallel_invariance_object	scip_catcolab_object	colored_bisimulation_candidate	has_aspect	has_counterfactual;from_aspect	has_counterfactual;to_aspect	has_counterfactual;shared_in	witness_arena	-1	negative_shift	#4B8BA9	0.953425	0x8fa1a7e36ded393d
267	267	20	palette_interface_object	color_space_object	colored_bisimulation_candidate	has_aspect	has_counterfactual;from_aspect	has_counterfactual;to_aspect	has_counterfactual;shared_in	witness_arena	-1	negative_shift	#1352DA	1.061458	0xa8159a00a1b7e98f
268	268	20	palette_interface_object	trit_tick_object	colored_bisimulation_candidate	has_aspect	has_counterfactual;from_aspect	has_counterfactual;to_aspect	has_counterfactual;shared_in	witness_arena	0	same_trit_relabel	#F5EA57	0.453497	0xc50817c79be7447a
269	269	20	palette_interface_object	rng_determinism_object	colored_bisimulation_candidate	has_aspect	has_counterfactual;from_aspect	has_counterfactual;to_aspect	has_counterfactual;shared_in	witness_arena	1	positive_shift	#4A9B18	0.639165	0x0d0152a2eae9245a
270	270	20	palette_interface_object	parallel_invariance_object	colored_bisimulation_candidate	has_aspect	has_counterfactual;from_aspect	has_counterfactual;to_aspect	has_counterfactual;shared_in	witness_arena	-1	negative_shift	#C8650C	1.071443	0x13b342d1d5bc10fe
271	271	20	palette_interface_object	lisp_semantics_object	colored_bisimulation_candidate	has_aspect	has_counterfactual;from_aspect	has_counterfactual;to_aspect	has_counterfactual;shared_in	witness_arena	1	positive_shift	#443D8C	0.772654	0x45dd77302ea8d5a2
272	272	20	palette_interface_object	entropy_source_object	colored_bisimulation_candidate	has_aspect	has_counterfactual;from_aspect	has_counterfactual;to_aspect	has_counterfactual;shared_in	witness_arena	-1	negative_shift	#7FB462	0.861349	0x1c7ff51e77b0cd24
273	273	20	palette_interface_object	propagator_cell_object	colored_bisimulation_candidate	has_aspect	has_counterfactual;from_aspect	has_counterfactual;to_aspect	has_counterfactual;shared_in	witness_arena	0	same_trit_relabel	#F60662	0.224113	0x10102eea6438ae49
274	274	20	palette_interface_object	abductive_world_object	colored_bisimulation_candidate	has_aspect	has_counterfactual;from_aspect	has_counterfactual;to_aspect	has_counterfactual;shared_in	witness_arena	1	positive_shift	#ED4B58	1.159715	0x9d55f27001a80d44
275	275	20	palette_interface_object	fuzz_soundness_object	colored_bisimulation_candidate	has_aspect	has_counterfactual;from_aspect	has_counterfactual;to_aspect	has_counterfactual;shared_in	witness_arena	-1	negative_shift	#372006	0.739684	0x861f8bbd57811514
276	276	20	palette_interface_object	ternary_regression_object	colored_bisimulation_candidate	has_aspect	has_counterfactual;from_aspect	has_counterfactual;to_aspect	has_counterfactual;shared_in	witness_arena	0	same_trit_relabel	#F99667	0.540707	0x143ce33fe0215c8c
277	277	20	palette_interface_object	nonriemannian_gate_object	colored_bisimulation_candidate	has_aspect	has_counterfactual;from_aspect	has_counterfactual;to_aspect	has_counterfactual;shared_in	witness_arena	1	positive_shift	#2CEA95	0.544298	0x01af35ea93971875
278	278	20	palette_interface_object	exa_loop_object	colored_bisimulation_candidate	has_aspect	has_counterfactual;from_aspect	has_counterfactual;to_aspect	has_counterfactual;shared_in	witness_arena	-1	negative_shift	#B39F39	0.743226	0x8bc4c969bc012bea
279	279	20	palette_interface_object	aqua_hygiene_object	colored_bisimulation_candidate	has_aspect	has_counterfactual;from_aspect	has_counterfactual;to_aspect	has_counterfactual;shared_in	witness_arena	0	same_trit_relabel	#BC14F6	0.624848	0x6a3f7f5c36e89b63
280	280	20	palette_interface_object	scip_catcolab_object	colored_bisimulation_candidate	has_aspect	has_counterfactual;from_aspect	has_counterfactual;to_aspect	has_counterfactual;shared_in	witness_arena	1	positive_shift	#E20376	1.196684	0x6c9cf6250746d1ac
281	281	21	lisp_semantics_object	color_space_object	colored_bisimulation_candidate	has_aspect	has_counterfactual;from_aspect	has_counterfactual;to_aspect	has_counterfactual;shared_in	witness_arena	1	positive_shift	#C73859	1.171568	0xb69da4d4c0437199
282	282	21	lisp_semantics_object	trit_tick_object	colored_bisimulation_candidate	has_aspect	has_counterfactual;from_aspect	has_counterfactual;to_aspect	has_counterfactual;shared_in	witness_arena	-1	negative_shift	#3DC241	1.029409	0x0fd2c6fa0149f5dc
283	283	21	lisp_semantics_object	rng_determinism_object	colored_bisimulation_candidate	has_aspect	has_counterfactual;from_aspect	has_counterfactual;to_aspect	has_counterfactual;shared_in	witness_arena	0	same_trit_relabel	#4EA9C5	0.747211	0x15831316b7289504
284	284	21	lisp_semantics_object	parallel_invariance_object	colored_bisimulation_candidate	has_aspect	has_counterfactual;from_aspect	has_counterfactual;to_aspect	has_counterfactual;shared_in	witness_arena	1	positive_shift	#AC6E5B	0.852123	0xcea6e53dbc1ecf0b
285	285	21	lisp_semantics_object	palette_interface_object	colored_bisimulation_candidate	has_aspect	has_counterfactual;from_aspect	has_counterfactual;to_aspect	has_counterfactual;shared_in	witness_arena	-1	negative_shift	#3D3B15	0.719364	0x6e7fad15028e3378
286	286	21	lisp_semantics_object	entropy_source_object	colored_bisimulation_candidate	has_aspect	has_counterfactual;from_aspect	has_counterfactual;to_aspect	has_counterfactual;shared_in	witness_arena	1	positive_shift	#0FBF6C	0.629665	0x4887d4b2383337fc
287	287	21	lisp_semantics_object	propagator_cell_object	colored_bisimulation_candidate	has_aspect	has_counterfactual;from_aspect	has_counterfactual;to_aspect	has_counterfactual;shared_in	witness_arena	-1	negative_shift	#7378C9	0.839216	0x8db0a696a1a7a538
288	288	21	lisp_semantics_object	abductive_world_object	colored_bisimulation_candidate	has_aspect	has_counterfactual;from_aspect	has_counterfactual;to_aspect	has_counterfactual;shared_in	witness_arena	0	same_trit_relabel	#68A08F	0.760127	0xe751386647df6310
289	289	21	lisp_semantics_object	fuzz_soundness_object	colored_bisimulation_candidate	has_aspect	has_counterfactual;from_aspect	has_counterfactual;to_aspect	has_counterfactual;shared_in	witness_arena	1	positive_shift	#528FF4	0.81926	0x7882cb807d6ac314
290	290	21	lisp_semantics_object	ternary_regression_object	colored_bisimulation_candidate	has_aspect	has_counterfactual;from_aspect	has_counterfactual;to_aspect	has_counterfactual;shared_in	witness_arena	-1	negative_shift	#9FEE77	0.982729	0xcb574d4077ec3161
291	291	21	lisp_semantics_object	nonriemannian_gate_object	colored_bisimulation_candidate	has_aspect	has_counterfactual;from_aspect	has_counterfactual;to_aspect	has_counterfactual;shared_in	witness_arena	0	same_trit_relabel	#622CF1	0.560345	0x5e521a992423f153
292	292	21	lisp_semantics_object	exa_loop_object	colored_bisimulation_candidate	has_aspect	has_counterfactual;from_aspect	has_counterfactual;to_aspect	has_counterfactual;shared_in	witness_arena	1	positive_shift	#7E8695	0.871632	0x1b0c382420f85367
293	293	21	lisp_semantics_object	aqua_hygiene_object	colored_bisimulation_candidate	has_aspect	has_counterfactual;from_aspect	has_counterfactual;to_aspect	has_counterfactual;shared_in	witness_arena	-1	negative_shift	#8D20DE	0.915221	0xfdb1a01b6922d87b
294	294	21	lisp_semantics_object	scip_catcolab_object	colored_bisimulation_candidate	has_aspect	has_counterfactual;from_aspect	has_counterfactual;to_aspect	has_counterfactual;shared_in	witness_arena	0	same_trit_relabel	#7D9053	0.574225	0xff06c9bba5fa4cd2
295	295	22	entropy_source_object	color_space_object	colored_bisimulation_candidate	has_aspect	has_counterfactual;from_aspect	has_counterfactual;to_aspect	has_counterfactual;shared_in	witness_arena	0	same_trit_relabel	#4D3551	0.950525	0xa463d06ddf7ff844
296	296	22	entropy_source_object	trit_tick_object	colored_bisimulation_candidate	has_aspect	has_counterfactual;from_aspect	has_counterfactual;to_aspect	has_counterfactual;shared_in	witness_arena	1	positive_shift	#47376F	1.090805	0xd8cbf01c43822d21
297	297	22	entropy_source_object	rng_determinism_object	colored_bisimulation_candidate	has_aspect	has_counterfactual;from_aspect	has_counterfactual;to_aspect	has_counterfactual;shared_in	witness_arena	-1	negative_shift	#9638A6	1.046563	0x40a761aa944c95c6
298	298	22	entropy_source_object	parallel_invariance_object	colored_bisimulation_candidate	has_aspect	has_counterfactual;from_aspect	has_counterfactual;to_aspect	has_counterfactual;shared_in	witness_arena	0	same_trit_relabel	#DBE8DA	0.660292	0x93f4b40f5c9c155b
299	299	22	entropy_source_object	palette_interface_object	colored_bisimulation_candidate	has_aspect	has_counterfactual;from_aspect	has_counterfactual;to_aspect	has_counterfactual;shared_in	witness_arena	1	positive_shift	#55955F	0.816833	0xfb00c3dfe9f4db35
300	300	22	entropy_source_object	lisp_semantics_object	colored_bisimulation_candidate	has_aspect	has_counterfactual;from_aspect	has_counterfactual;to_aspect	has_counterfactual;shared_in	witness_arena	-1	negative_shift	#CE2DFC	0.469745	0xed323028497619c9
301	301	22	entropy_source_object	propagator_cell_object	colored_bisimulation_candidate	has_aspect	has_counterfactual;from_aspect	has_counterfactual;to_aspect	has_counterfactual;shared_in	witness_arena	1	positive_shift	#868A1A	0.761737	0x3a8ed1949e624d01
302	302	22	entropy_source_object	abductive_world_object	colored_bisimulation_candidate	has_aspect	has_counterfactual;from_aspect	has_counterfactual;to_aspect	has_counterfactual;shared_in	witness_arena	-1	negative_shift	#36056D	1.264274	0xd5e939775f58873e
303	303	22	entropy_source_object	fuzz_soundness_object	colored_bisimulation_candidate	has_aspect	has_counterfactual;from_aspect	has_counterfactual;to_aspect	has_counterfactual;shared_in	witness_arena	0	same_trit_relabel	#00CA9E	0.371557	0xd7bac9bc843e7fc2
304	304	22	entropy_source_object	ternary_regression_object	colored_bisimulation_candidate	has_aspect	has_counterfactual;from_aspect	has_counterfactual;to_aspect	has_counterfactual;shared_in	witness_arena	1	positive_shift	#EB8757	0.944532	0x3ec3c6d189ea0fd1
305	305	22	entropy_source_object	nonriemannian_gate_object	colored_bisimulation_candidate	has_aspect	has_counterfactual;from_aspect	has_counterfactual;to_aspect	has_counterfactual;shared_in	witness_arena	-1	negative_shift	#D5A58E	0.92737	0xd91b27e06ce38f9b
306	306	22	entropy_source_object	exa_loop_object	colored_bisimulation_candidate	has_aspect	has_counterfactual;from_aspect	has_counterfactual;to_aspect	has_counterfactual;shared_in	witness_arena	0	same_trit_relabel	#96D7B4	0.632686	0xfd7cdc47404a208a
307	307	22	entropy_source_object	aqua_hygiene_object	colored_bisimulation_candidate	has_aspect	has_counterfactual;from_aspect	has_counterfactual;to_aspect	has_counterfactual;shared_in	witness_arena	1	positive_shift	#95F703	1.041478	0xd0f87db73d7de577
308	308	22	entropy_source_object	scip_catcolab_object	colored_bisimulation_candidate	has_aspect	has_counterfactual;from_aspect	has_counterfactual;to_aspect	has_counterfactual;shared_in	witness_arena	-1	negative_shift	#CE0CD6	1.077812	0x0812dc7ca6e7fd21
309	309	23	propagator_cell_object	color_space_object	colored_bisimulation_candidate	has_aspect	has_counterfactual;from_aspect	has_counterfactual;to_aspect	has_counterfactual;shared_in	witness_arena	-1	negative_shift	#CE82D3	0.95345	0x5ee2be565f6a96b5
310	310	23	propagator_cell_object	trit_tick_object	colored_bisimulation_candidate	has_aspect	has_counterfactual;from_aspect	has_counterfactual;to_aspect	has_counterfactual;shared_in	witness_arena	0	same_trit_relabel	#74DD04	0.569182	0xee5bc874cb4bddef
311	311	23	propagator_cell_object	rng_determinism_object	colored_bisimulation_candidate	has_aspect	has_counterfactual;from_aspect	has_counterfactual;to_aspect	has_counterfactual;shared_in	witness_arena	1	positive_shift	#6D64E7	1.219547	0x218fbe597ed7ab88
312	312	23	propagator_cell_object	parallel_invariance_object	colored_bisimulation_candidate	has_aspect	has_counterfactual;from_aspect	has_counterfactual;to_aspect	has_counterfactual;shared_in	witness_arena	-1	negative_shift	#80197A	1.42057	0x3d8d5271eaf8ed1e
313	313	23	propagator_cell_object	palette_interface_object	colored_bisimulation_candidate	has_aspect	has_counterfactual;from_aspect	has_counterfactual;to_aspect	has_counterfactual;shared_in	witness_arena	0	same_trit_relabel	#CC8666	0.400269	0x3f3780cd7b302183
314	314	23	propagator_cell_object	lisp_semantics_object	colored_bisimulation_candidate	has_aspect	has_counterfactual;from_aspect	has_counterfactual;to_aspect	has_counterfactual;shared_in	witness_arena	1	positive_shift	#648E9B	0.945839	0x1174e755772936ae
315	315	23	propagator_cell_object	entropy_source_object	colored_bisimulation_candidate	has_aspect	has_counterfactual;from_aspect	has_counterfactual;to_aspect	has_counterfactual;shared_in	witness_arena	-1	negative_shift	#8C7FCD	1.247841	0x6576ba3757133d74
316	316	23	propagator_cell_object	abductive_world_object	colored_bisimulation_candidate	has_aspect	has_counterfactual;from_aspect	has_counterfactual;to_aspect	has_counterfactual;shared_in	witness_arena	1	positive_shift	#894B00	1.139108	0x714b11570dd71e01
317	317	23	propagator_cell_object	fuzz_soundness_object	colored_bisimulation_candidate	has_aspect	has_counterfactual;from_aspect	has_counterfactual;to_aspect	has_counterfactual;shared_in	witness_arena	-1	negative_shift	#C8D425	1.31803	0x182f24183e276f38
318	318	23	propagator_cell_object	ternary_regression_object	colored_bisimulation_candidate	has_aspect	has_counterfactual;from_aspect	has_counterfactual;to_aspect	has_counterfactual;shared_in	witness_arena	0	same_trit_relabel	#8D2564	0.308635	0x88e7a155caa9c324
319	319	23	propagator_cell_object	nonriemannian_gate_object	colored_bisimulation_candidate	has_aspect	has_counterfactual;from_aspect	has_counterfactual;to_aspect	has_counterfactual;shared_in	witness_arena	1	positive_shift	#EE3859	1.030414	0x314fede6117043fe
320	320	23	propagator_cell_object	exa_loop_object	colored_bisimulation_candidate	has_aspect	has_counterfactual;from_aspect	has_counterfactual;to_aspect	has_counterfactual;shared_in	witness_arena	-1	negative_shift	#5B2E57	0.850772	0xc7f95f278b630139
321	321	23	propagator_cell_object	aqua_hygiene_object	colored_bisimulation_candidate	has_aspect	has_counterfactual;from_aspect	has_counterfactual;to_aspect	has_counterfactual;shared_in	witness_arena	0	same_trit_relabel	#4B3C67	0.413554	0x05c2e6a4f4b2717a
322	322	23	propagator_cell_object	scip_catcolab_object	colored_bisimulation_candidate	has_aspect	has_counterfactual;from_aspect	has_counterfactual;to_aspect	has_counterfactual;shared_in	witness_arena	1	positive_shift	#D0FA4D	0.983333	0x073c0d1925f1327f
323	323	24	abductive_world_object	color_space_object	colored_bisimulation_candidate	has_aspect	has_counterfactual;from_aspect	has_counterfactual;to_aspect	has_counterfactual;shared_in	witness_arena	1	positive_shift	#593478	0.83664	0x9a6522f8da797e34
324	324	24	abductive_world_object	trit_tick_object	colored_bisimulation_candidate	has_aspect	has_counterfactual;from_aspect	has_counterfactual;to_aspect	has_counterfactual;shared_in	witness_arena	-1	negative_shift	#32FE2A	0.762544	0x9ef69b2ca0ef6a14
325	325	24	abductive_world_object	rng_determinism_object	colored_bisimulation_candidate	has_aspect	has_counterfactual;from_aspect	has_counterfactual;to_aspect	has_counterfactual;shared_in	witness_arena	0	same_trit_relabel	#0B985F	0.708427	0x1b6f2378f633d5ce
326	326	24	abductive_world_object	parallel_invariance_object	colored_bisimulation_candidate	has_aspect	has_counterfactual;from_aspect	has_counterfactual;to_aspect	has_counterfactual;shared_in	witness_arena	1	positive_shift	#065A18	1.013542	0x0d43fdb69a00eadf
327	327	24	abductive_world_object	palette_interface_object	colored_bisimulation_candidate	has_aspect	has_counterfactual;from_aspect	has_counterfactual;to_aspect	has_counterfactual;shared_in	witness_arena	-1	negative_shift	#9D3F37	0.634274	0x53bad905fc8cdd8b
328	328	24	abductive_world_object	lisp_semantics_object	colored_bisimulation_candidate	has_aspect	has_counterfactual;from_aspect	has_counterfactual;to_aspect	has_counterfactual;shared_in	witness_arena	0	same_trit_relabel	#77CB11	0.363544	0xcb6951a431079959
329	329	24	abductive_world_object	entropy_source_object	colored_bisimulation_candidate	has_aspect	has_counterfactual;from_aspect	has_counterfactual;to_aspect	has_counterfactual;shared_in	witness_arena	1	positive_shift	#1B7252	0.860999	0xc545623013bed163
330	330	24	abductive_world_object	propagator_cell_object	colored_bisimulation_candidate	has_aspect	has_counterfactual;from_aspect	has_counterfactual;to_aspect	has_counterfactual;shared_in	witness_arena	-1	negative_shift	#436A49	0.981093	0xb2dff956e8e77153
331	331	24	abductive_world_object	fuzz_soundness_object	colored_bisimulation_candidate	has_aspect	has_counterfactual;from_aspect	has_counterfactual;to_aspect	has_counterfactual;shared_in	witness_arena	1	positive_shift	#1BD8AB	1.069534	0x37ea62adf899ed9e
332	332	24	abductive_world_object	ternary_regression_object	colored_bisimulation_candidate	has_aspect	has_counterfactual;from_aspect	has_counterfactual;to_aspect	has_counterfactual;shared_in	witness_arena	-1	negative_shift	#922267	0.830878	0x723d77c1b674d4ae
333	333	24	abductive_world_object	nonriemannian_gate_object	colored_bisimulation_candidate	has_aspect	has_counterfactual;from_aspect	has_counterfactual;to_aspect	has_counterfactual;shared_in	witness_arena	0	same_trit_relabel	#CF0C2E	0.44575	0x25515889f5734a4b
334	334	24	abductive_world_object	exa_loop_object	colored_bisimulation_candidate	has_aspect	has_counterfactual;from_aspect	has_counterfactual;to_aspect	has_counterfactual;shared_in	witness_arena	1	positive_shift	#3AF7DD	0.590458	0x6d70cc74cf6b5901
335	335	24	abductive_world_object	aqua_hygiene_object	colored_bisimulation_candidate	has_aspect	has_counterfactual;from_aspect	has_counterfactual;to_aspect	has_counterfactual;shared_in	witness_arena	-1	negative_shift	#908320	0.564473	0x09882353d2907a11
336	336	24	abductive_world_object	scip_catcolab_object	colored_bisimulation_candidate	has_aspect	has_counterfactual;from_aspect	has_counterfactual;to_aspect	has_counterfactual;shared_in	witness_arena	0	same_trit_relabel	#493077	0.430695	0x6f8ac702a925ea94
337	337	25	fuzz_soundness_object	color_space_object	colored_bisimulation_candidate	has_aspect	has_counterfactual;from_aspect	has_counterfactual;to_aspect	has_counterfactual;shared_in	witness_arena	0	same_trit_relabel	#26AA66	0.846632	0xcd94693885238998
338	338	25	fuzz_soundness_object	trit_tick_object	colored_bisimulation_candidate	has_aspect	has_counterfactual;from_aspect	has_counterfactual;to_aspect	has_counterfactual;shared_in	witness_arena	1	positive_shift	#BE289E	0.916237	0xaaffcffd9273ab07
339	339	25	fuzz_soundness_object	rng_determinism_object	colored_bisimulation_candidate	has_aspect	has_counterfactual;from_aspect	has_counterfactual;to_aspect	has_counterfactual;shared_in	witness_arena	-1	negative_shift	#4978A7	0.815463	0xe6db0f64257d7cf7
340	340	25	fuzz_soundness_object	parallel_invariance_object	colored_bisimulation_candidate	has_aspect	has_counterfactual;from_aspect	has_counterfactual;to_aspect	has_counterfactual;shared_in	witness_arena	0	same_trit_relabel	#2A1872	0.881045	0xcf9f7169de29efc3
341	341	25	fuzz_soundness_object	palette_interface_object	colored_bisimulation_candidate	has_aspect	has_counterfactual;from_aspect	has_counterfactual;to_aspect	has_counterfactual;shared_in	witness_arena	1	positive_shift	#1CEDFB	0.930237	0x73d97b6de4655340
342	342	25	fuzz_soundness_object	lisp_semantics_object	colored_bisimulation_candidate	has_aspect	has_counterfactual;from_aspect	has_counterfactual;to_aspect	has_counterfactual;shared_in	witness_arena	-1	negative_shift	#180FD6	0.709007	0xcc2a5d28e38fca1d
343	343	25	fuzz_soundness_object	entropy_source_object	colored_bisimulation_candidate	has_aspect	has_counterfactual;from_aspect	has_counterfactual;to_aspect	has_counterfactual;shared_in	witness_arena	0	same_trit_relabel	#50A9E3	0.64079	0x8e7e17a5dc020cb6
344	344	25	fuzz_soundness_object	propagator_cell_object	colored_bisimulation_candidate	has_aspect	has_counterfactual;from_aspect	has_counterfactual;to_aspect	has_counterfactual;shared_in	witness_arena	1	positive_shift	#8B07EC	0.673878	0x2743da254fe016f1
345	345	25	fuzz_soundness_object	abductive_world_object	colored_bisimulation_candidate	has_aspect	has_counterfactual;from_aspect	has_counterfactual;to_aspect	has_counterfactual;shared_in	witness_arena	-1	negative_shift	#38A8C6	1.305036	0x9d17f368503624de
346	346	25	fuzz_soundness_object	ternary_regression_object	colored_bisimulation_candidate	has_aspect	has_counterfactual;from_aspect	has_counterfactual;to_aspect	has_counterfactual;shared_in	witness_arena	1	positive_shift	#2E3EB3	0.717607	0x1b5e88a40380aa84
347	347	25	fuzz_soundness_object	nonriemannian_gate_object	colored_bisimulation_candidate	has_aspect	has_counterfactual;from_aspect	has_counterfactual;to_aspect	has_counterfactual;shared_in	witness_arena	-1	negative_shift	#442CF4	0.770109	0x3758604bcb534e49
348	348	25	fuzz_soundness_object	exa_loop_object	colored_bisimulation_candidate	has_aspect	has_counterfactual;from_aspect	has_counterfactual;to_aspect	has_counterfactual;shared_in	witness_arena	0	same_trit_relabel	#97C0D4	0.538013	0x548c2a487482d06e
349	349	25	fuzz_soundness_object	aqua_hygiene_object	colored_bisimulation_candidate	has_aspect	has_counterfactual;from_aspect	has_counterfactual;to_aspect	has_counterfactual;shared_in	witness_arena	1	positive_shift	#04CB84	1.013576	0xc4e2031e9b2a0ca8
350	350	25	fuzz_soundness_object	scip_catcolab_object	colored_bisimulation_candidate	has_aspect	has_counterfactual;from_aspect	has_counterfactual;to_aspect	has_counterfactual;shared_in	witness_arena	-1	negative_shift	#EC09C3	1.221766	0x6175b46c62705e20
351	351	26	ternary_regression_object	color_space_object	colored_bisimulation_candidate	has_aspect	has_counterfactual;from_aspect	has_counterfactual;to_aspect	has_counterfactual;shared_in	witness_arena	-1	negative_shift	#10E62C	1.005262	0xac10f8e5f54f9dad
352	352	26	ternary_regression_object	trit_tick_object	colored_bisimulation_candidate	has_aspect	has_counterfactual;from_aspect	has_counterfactual;to_aspect	has_counterfactual;shared_in	witness_arena	0	same_trit_relabel	#89B82E	0.634337	0x56bbb98f9df2d18b
353	353	26	ternary_regression_object	rng_determinism_object	colored_bisimulation_candidate	has_aspect	has_counterfactual;from_aspect	has_counterfactual;to_aspect	has_counterfactual;shared_in	witness_arena	1	positive_shift	#43A71D	1.069607	0x3467088bdc0af054
354	354	26	ternary_regression_object	parallel_invariance_object	colored_bisimulation_candidate	has_aspect	has_counterfactual;from_aspect	has_counterfactual;to_aspect	has_counterfactual;shared_in	witness_arena	-1	negative_shift	#D1E2A2	0.831141	0x1ef041f8ea42075f
355	355	26	ternary_regression_object	palette_interface_object	colored_bisimulation_candidate	has_aspect	has_counterfactual;from_aspect	has_counterfactual;to_aspect	has_counterfactual;shared_in	witness_arena	0	same_trit_relabel	#85AC40	0.887254	0xc509d53c8ee4b007
356	356	26	ternary_regression_object	lisp_semantics_object	colored_bisimulation_candidate	has_aspect	has_counterfactual;from_aspect	has_counterfactual;to_aspect	has_counterfactual;shared_in	witness_arena	1	positive_shift	#588DAD	1.106648	0xd66068ca3a5dceed
357	357	26	ternary_regression_object	entropy_source_object	colored_bisimulation_candidate	has_aspect	has_counterfactual;from_aspect	has_counterfactual;to_aspect	has_counterfactual;shared_in	witness_arena	-1	negative_shift	#97EA4B	0.865353	0xaf346f83736b4011
358	358	26	ternary_regression_object	propagator_cell_object	colored_bisimulation_candidate	has_aspect	has_counterfactual;from_aspect	has_counterfactual;to_aspect	has_counterfactual;shared_in	witness_arena	0	same_trit_relabel	#D97FD9	0.732798	0x2b36d7e655be3133
359	359	26	ternary_regression_object	abductive_world_object	colored_bisimulation_candidate	has_aspect	has_counterfactual;from_aspect	has_counterfactual;to_aspect	has_counterfactual;shared_in	witness_arena	1	positive_shift	#33BABE	0.834405	0x1a9c602636f47b76
360	360	26	ternary_regression_object	fuzz_soundness_object	colored_bisimulation_candidate	has_aspect	has_counterfactual;from_aspect	has_counterfactual;to_aspect	has_counterfactual;shared_in	witness_arena	-1	negative_shift	#396773	1.172815	0xa79d5652fa34fced
361	361	26	ternary_regression_object	nonriemannian_gate_object	colored_bisimulation_candidate	has_aspect	has_counterfactual;from_aspect	has_counterfactual;to_aspect	has_counterfactual;shared_in	witness_arena	1	positive_shift	#490005	0.865425	0x2f78863da4464b0c
362	362	26	ternary_regression_object	exa_loop_object	colored_bisimulation_candidate	has_aspect	has_counterfactual;from_aspect	has_counterfactual;to_aspect	has_counterfactual;shared_in	witness_arena	-1	negative_shift	#2D3C50	0.872702	0x7e5cac747cb1a930
363	363	26	ternary_regression_object	aqua_hygiene_object	colored_bisimulation_candidate	has_aspect	has_counterfactual;from_aspect	has_counterfactual;to_aspect	has_counterfactual;shared_in	witness_arena	0	same_trit_relabel	#529C88	0.671677	0x64dbdc6c73759eaa
364	364	26	ternary_regression_object	scip_catcolab_object	colored_bisimulation_candidate	has_aspect	has_counterfactual;from_aspect	has_counterfactual;to_aspect	has_counterfactual;shared_in	witness_arena	1	positive_shift	#CDA32A	1.119136	0xd832903cfbdf2d76
365	365	27	nonriemannian_gate_object	color_space_object	colored_bisimulation_candidate	has_aspect	has_counterfactual;from_aspect	has_counterfactual;to_aspect	has_counterfactual;shared_in	witness_arena	1	positive_shift	#FE6683	1.044771	0x6e97c4175c2a8ba6
366	366	27	nonriemannian_gate_object	trit_tick_object	colored_bisimulation_candidate	has_aspect	has_counterfactual;from_aspect	has_counterfactual;to_aspect	has_counterfactual;shared_in	witness_arena	-1	negative_shift	#3DE18F	1.024542	0x6462c6d31993987e
367	367	27	nonriemannian_gate_object	rng_determinism_object	colored_bisimulation_candidate	has_aspect	has_counterfactual;from_aspect	has_counterfactual;to_aspect	has_counterfactual;shared_in	witness_arena	0	same_trit_relabel	#689842	0.808889	0xb2c0fc1cc63688a0
368	368	27	nonriemannian_gate_object	parallel_invariance_object	colored_bisimulation_candidate	has_aspect	has_counterfactual;from_aspect	has_counterfactual;to_aspect	has_counterfactual;shared_in	witness_arena	1	positive_shift	#3C77D1	0.725765	0x4ee5fcf26e87f806
369	369	27	nonriemannian_gate_object	palette_interface_object	colored_bisimulation_candidate	has_aspect	has_counterfactual;from_aspect	has_counterfactual;to_aspect	has_counterfactual;shared_in	witness_arena	-1	negative_shift	#5E6188	1.168996	0xbedce24194eb5c82
370	370	27	nonriemannian_gate_object	lisp_semantics_object	colored_bisimulation_candidate	has_aspect	has_counterfactual;from_aspect	has_counterfactual;to_aspect	has_counterfactual;shared_in	witness_arena	0	same_trit_relabel	#2B539E	0.729517	0xa7f86c1fd910b3b3
371	371	27	nonriemannian_gate_object	entropy_source_object	colored_bisimulation_candidate	has_aspect	has_counterfactual;from_aspect	has_counterfactual;to_aspect	has_counterfactual;shared_in	witness_arena	1	positive_shift	#C2FB71	0.793496	0x3762626144fd19c1
372	372	27	nonriemannian_gate_object	propagator_cell_object	colored_bisimulation_candidate	has_aspect	has_counterfactual;from_aspect	has_counterfactual;to_aspect	has_counterfactual;shared_in	witness_arena	-1	negative_shift	#84F793	1.088925	0xe0705d9b12cfde6b
373	373	27	nonriemannian_gate_object	abductive_world_object	colored_bisimulation_candidate	has_aspect	has_counterfactual;from_aspect	has_counterfactual;to_aspect	has_counterfactual;shared_in	witness_arena	0	same_trit_relabel	#82839E	0.475691	0xa554450a33c906a8
374	374	27	nonriemannian_gate_object	fuzz_soundness_object	colored_bisimulation_candidate	has_aspect	has_counterfactual;from_aspect	has_counterfactual;to_aspect	has_counterfactual;shared_in	witness_arena	1	positive_shift	#2FD3F5	1.167983	0xede068fa6717ddf8
375	375	27	nonriemannian_gate_object	ternary_regression_object	colored_bisimulation_candidate	has_aspect	has_counterfactual;from_aspect	has_counterfactual;to_aspect	has_counterfactual;shared_in	witness_arena	-1	negative_shift	#51B089	1.37577	0xffc02cddb9438884
376	376	27	nonriemannian_gate_object	exa_loop_object	colored_bisimulation_candidate	has_aspect	has_counterfactual;from_aspect	has_counterfactual;to_aspect	has_counterfactual;shared_in	witness_arena	1	positive_shift	#11A4E8	0.900363	0x6de9f736e159d352
377	377	27	nonriemannian_gate_object	aqua_hygiene_object	colored_bisimulation_candidate	has_aspect	has_counterfactual;from_aspect	has_counterfactual;to_aspect	has_counterfactual;shared_in	witness_arena	-1	negative_shift	#D6382F	0.996229	0xc31758089b829dee
378	378	27	nonriemannian_gate_object	scip_catcolab_object	colored_bisimulation_candidate	has_aspect	has_counterfactual;from_aspect	has_counterfactual;to_aspect	has_counterfactual;shared_in	witness_arena	0	same_trit_relabel	#E11917	0.709815	0x5707d4c95eb3923b
379	379	28	exa_loop_object	color_space_object	colored_bisimulation_candidate	has_aspect	has_counterfactual;from_aspect	has_counterfactual;to_aspect	has_counterfactual;shared_in	witness_arena	0	same_trit_relabel	#13EB2B	0.368899	0xf1e9f3ff3d9e4d52
380	380	28	exa_loop_object	trit_tick_object	colored_bisimulation_candidate	has_aspect	has_counterfactual;from_aspect	has_counterfactual;to_aspect	has_counterfactual;shared_in	witness_arena	1	positive_shift	#5940A8	0.687623	0x28e909d77ff64094
381	381	28	exa_loop_object	rng_determinism_object	colored_bisimulation_candidate	has_aspect	has_counterfactual;from_aspect	has_counterfactual;to_aspect	has_counterfactual;shared_in	witness_arena	-1	negative_shift	#B77FD8	0.999527	0x2f7a554994fb84ee
382	382	28	exa_loop_object	parallel_invariance_object	colored_bisimulation_candidate	has_aspect	has_counterfactual;from_aspect	has_counterfactual;to_aspect	has_counterfactual;shared_in	witness_arena	0	same_trit_relabel	#B3F17E	0.627684	0x17fbf0640aa6d01d
383	383	28	exa_loop_object	palette_interface_object	colored_bisimulation_candidate	has_aspect	has_counterfactual;from_aspect	has_counterfactual;to_aspect	has_counterfactual;shared_in	witness_arena	1	positive_shift	#EDE53B	0.920836	0x264a6616e647a97a
384	384	28	exa_loop_object	lisp_semantics_object	colored_bisimulation_candidate	has_aspect	has_counterfactual;from_aspect	has_counterfactual;to_aspect	has_counterfactual;shared_in	witness_arena	-1	negative_shift	#C9E878	0.919329	0xd8305d1b11e5ba52
385	385	28	exa_loop_object	entropy_source_object	colored_bisimulation_candidate	has_aspect	has_counterfactual;from_aspect	has_counterfactual;to_aspect	has_counterfactual;shared_in	witness_arena	0	same_trit_relabel	#E3B3C2	0.552816	0x19eafa7d96a152e6
386	386	28	exa_loop_object	propagator_cell_object	colored_bisimulation_candidate	has_aspect	has_counterfactual;from_aspect	has_counterfactual;to_aspect	has_counterfactual;shared_in	witness_arena	1	positive_shift	#1808B9	1.025454	0xbb59222d982c05fa
387	387	28	exa_loop_object	abductive_world_object	colored_bisimulation_candidate	has_aspect	has_counterfactual;from_aspect	has_counterfactual;to_aspect	has_counterfactual;shared_in	witness_arena	-1	negative_shift	#EF74B4	0.660802	0x67db1efbd281a04e
388	388	28	exa_loop_object	fuzz_soundness_object	colored_bisimulation_candidate	has_aspect	has_counterfactual;from_aspect	has_counterfactual;to_aspect	has_counterfactual;shared_in	witness_arena	0	same_trit_relabel	#B30B90	0.821304	0x2469c8b3bf502f38
389	389	28	exa_loop_object	ternary_regression_object	colored_bisimulation_candidate	has_aspect	has_counterfactual;from_aspect	has_counterfactual;to_aspect	has_counterfactual;shared_in	witness_arena	1	positive_shift	#9111DD	1.04189	0x9c3784db14c49fdc
390	390	28	exa_loop_object	nonriemannian_gate_object	colored_bisimulation_candidate	has_aspect	has_counterfactual;from_aspect	has_counterfactual;to_aspect	has_counterfactual;shared_in	witness_arena	-1	negative_shift	#ACC21C	0.713483	0x13caf229bf924aad
391	391	28	exa_loop_object	aqua_hygiene_object	colored_bisimulation_candidate	has_aspect	has_counterfactual;from_aspect	has_counterfactual;to_aspect	has_counterfactual;shared_in	witness_arena	1	positive_shift	#8E2FEA	0.630779	0xa5195e76754852b5
392	392	28	exa_loop_object	scip_catcolab_object	colored_bisimulation_candidate	has_aspect	has_counterfactual;from_aspect	has_counterfactual;to_aspect	has_counterfactual;shared_in	witness_arena	-1	negative_shift	#66EC67	0.875092	0x74de0cf1c78d55b1
393	393	29	aqua_hygiene_object	color_space_object	colored_bisimulation_candidate	has_aspect	has_counterfactual;from_aspect	has_counterfactual;to_aspect	has_counterfactual;shared_in	witness_arena	-1	negative_shift	#547BB9	0.967913	0x20835b5d8aaf6bb8
394	394	29	aqua_hygiene_object	trit_tick_object	colored_bisimulation_candidate	has_aspect	has_counterfactual;from_aspect	has_counterfactual;to_aspect	has_counterfactual;shared_in	witness_arena	0	same_trit_relabel	#123212	0.503399	0x3eac295b898a9c2f
395	395	29	aqua_hygiene_object	rng_determinism_object	colored_bisimulation_candidate	has_aspect	has_counterfactual;from_aspect	has_counterfactual;to_aspect	has_counterfactual;shared_in	witness_arena	1	positive_shift	#F63132	1.099747	0xa0be8cdccd378258
396	396	29	aqua_hygiene_object	parallel_invariance_object	colored_bisimulation_candidate	has_aspect	has_counterfactual;from_aspect	has_counterfactual;to_aspect	has_counterfactual;shared_in	witness_arena	-1	negative_shift	#190F55	1.621155	0x69ab095db3f45017
397	397	29	aqua_hygiene_object	palette_interface_object	colored_bisimulation_candidate	has_aspect	has_counterfactual;from_aspect	has_counterfactual;to_aspect	has_counterfactual;shared_in	witness_arena	0	same_trit_relabel	#EA0A31	0.730886	0xd3487bcc0f97288c
398	398	29	aqua_hygiene_object	lisp_semantics_object	colored_bisimulation_candidate	has_aspect	has_counterfactual;from_aspect	has_counterfactual;to_aspect	has_counterfactual;shared_in	witness_arena	1	positive_shift	#0431E6	1.158626	0xff3d75198cd11f16
399	399	29	aqua_hygiene_object	entropy_source_object	colored_bisimulation_candidate	has_aspect	has_counterfactual;from_aspect	has_counterfactual;to_aspect	has_counterfactual;shared_in	witness_arena	-1	negative_shift	#0CE924	1.433919	0xb61f41ee80bcb9cb
400	400	29	aqua_hygiene_object	propagator_cell_object	colored_bisimulation_candidate	has_aspect	has_counterfactual;from_aspect	has_counterfactual;to_aspect	has_counterfactual;shared_in	witness_arena	0	same_trit_relabel	#7A1F5D	0.902447	0x715994560937ed12
401	401	29	aqua_hygiene_object	abductive_world_object	colored_bisimulation_candidate	has_aspect	has_counterfactual;from_aspect	has_counterfactual;to_aspect	has_counterfactual;shared_in	witness_arena	1	positive_shift	#A6F20F	1.301421	0x77735e7a9887bf2a
402	402	29	aqua_hygiene_object	fuzz_soundness_object	colored_bisimulation_candidate	has_aspect	has_counterfactual;from_aspect	has_counterfactual;to_aspect	has_counterfactual;shared_in	witness_arena	-1	negative_shift	#728B42	1.38386	0x3f0a8096acd8c757
403	403	29	aqua_hygiene_object	ternary_regression_object	colored_bisimulation_candidate	has_aspect	has_counterfactual;from_aspect	has_counterfactual;to_aspect	has_counterfactual;shared_in	witness_arena	0	same_trit_relabel	#8ACD7C	0.280221	0x2726aa1c123768da
404	404	29	aqua_hygiene_object	nonriemannian_gate_object	colored_bisimulation_candidate	has_aspect	has_counterfactual;from_aspect	has_counterfactual;to_aspect	has_counterfactual;shared_in	witness_arena	1	positive_shift	#716B76	1.001946	0xfcf61bc5d4936b13
405	405	29	aqua_hygiene_object	exa_loop_object	colored_bisimulation_candidate	has_aspect	has_counterfactual;from_aspect	has_counterfactual;to_aspect	has_counterfactual;shared_in	witness_arena	-1	negative_shift	#0E96B4	0.910404	0xddfe50fb0aa73873
406	406	29	aqua_hygiene_object	scip_catcolab_object	colored_bisimulation_candidate	has_aspect	has_counterfactual;from_aspect	has_counterfactual;to_aspect	has_counterfactual;shared_in	witness_arena	1	positive_shift	#11F58F	1.293573	0x4994d7fa94f38535
407	407	30	scip_catcolab_object	color_space_object	colored_bisimulation_candidate	has_aspect	has_counterfactual;from_aspect	has_counterfactual;to_aspect	has_counterfactual;shared_in	witness_arena	1	positive_shift	#CAA089	1.002015	0x3cae6ef1f396f64f
408	408	30	scip_catcolab_object	trit_tick_object	colored_bisimulation_candidate	has_aspect	has_counterfactual;from_aspect	has_counterfactual;to_aspect	has_counterfactual;shared_in	witness_arena	-1	negative_shift	#C0EE42	1.032429	0xd1012d001b49107b
409	409	30	scip_catcolab_object	rng_determinism_object	colored_bisimulation_candidate	has_aspect	has_counterfactual;from_aspect	has_counterfactual;to_aspect	has_counterfactual;shared_in	witness_arena	0	same_trit_relabel	#EC98F3	0.897457	0xa61064b706205d9d
410	410	30	scip_catcolab_object	parallel_invariance_object	colored_bisimulation_candidate	has_aspect	has_counterfactual;from_aspect	has_counterfactual;to_aspect	has_counterfactual;shared_in	witness_arena	1	positive_shift	#294038	0.709906	0x2bb6cdc106329ff9
411	411	30	scip_catcolab_object	palette_interface_object	colored_bisimulation_candidate	has_aspect	has_counterfactual;from_aspect	has_counterfactual;to_aspect	has_counterfactual;shared_in	witness_arena	-1	negative_shift	#EBC1CF	1.055136	0x8777625be7fff199
412	412	30	scip_catcolab_object	lisp_semantics_object	colored_bisimulation_candidate	has_aspect	has_counterfactual;from_aspect	has_counterfactual;to_aspect	has_counterfactual;shared_in	witness_arena	0	same_trit_relabel	#0DCC14	0.681101	0xaad01684484b1215
413	413	30	scip_catcolab_object	entropy_source_object	colored_bisimulation_candidate	has_aspect	has_counterfactual;from_aspect	has_counterfactual;to_aspect	has_counterfactual;shared_in	witness_arena	1	positive_shift	#4D3FDD	0.785965	0xd57fff4adc5d4e9d
414	414	30	scip_catcolab_object	propagator_cell_object	colored_bisimulation_candidate	has_aspect	has_counterfactual;from_aspect	has_counterfactual;to_aspect	has_counterfactual;shared_in	witness_arena	-1	negative_shift	#1C1FB1	1.157899	0x6f717164311964b3
415	415	30	scip_catcolab_object	abductive_world_object	colored_bisimulation_candidate	has_aspect	has_counterfactual;from_aspect	has_counterfactual;to_aspect	has_counterfactual;shared_in	witness_arena	0	same_trit_relabel	#255A47	0.35884	0x4e6fc8f92c580562
416	416	30	scip_catcolab_object	fuzz_soundness_object	colored_bisimulation_candidate	has_aspect	has_counterfactual;from_aspect	has_counterfactual;to_aspect	has_counterfactual;shared_in	witness_arena	1	positive_shift	#E0E7EA	1.222103	0x69ade67f9e90da7e
417	417	30	scip_catcolab_object	ternary_regression_object	colored_bisimulation_candidate	has_aspect	has_counterfactual;from_aspect	has_counterfactual;to_aspect	has_counterfactual;shared_in	witness_arena	-1	negative_shift	#454977	1.341794	0xe96d971ef0fc468e
418	418	30	scip_catcolab_object	nonriemannian_gate_object	colored_bisimulation_candidate	has_aspect	has_counterfactual;from_aspect	has_counterfactual;to_aspect	has_counterfactual;shared_in	witness_arena	0	same_trit_relabel	#43DE5D	0.642982	0x43e633befa640bb1
419	419	30	scip_catcolab_object	exa_loop_object	colored_bisimulation_candidate	has_aspect	has_counterfactual;from_aspect	has_counterfactual;to_aspect	has_counterfactual;shared_in	witness_arena	1	positive_shift	#8A9E4F	0.878587	0x99131f956832cd3c
420	420	30	scip_catcolab_object	aqua_hygiene_object	colored_bisimulation_candidate	has_aspect	has_counterfactual;from_aspect	has_counterfactual;to_aspect	has_counterfactual;shared_in	witness_arena	-1	negative_shift	#CCF160	0.902447	0x96b6c4a96e678870
421	421	31	color_space_object	trit_tick_object	colored_bisimulation_candidate	has_aspect	has_counterfactual;from_aspect	has_counterfactual;to_aspect	has_counterfactual;shared_in	witness_arena	1	positive_shift	#1FBC09	1.206611	0x263a4daf1bf94003
422	422	31	color_space_object	rng_determinism_object	colored_bisimulation_candidate	has_aspect	has_counterfactual;from_aspect	has_counterfactual;to_aspect	has_counterfactual;shared_in	witness_arena	-1	negative_shift	#798DBB	1.152369	0x23be5c63c5684ec5
423	423	31	color_space_object	parallel_invariance_object	colored_bisimulation_candidate	has_aspect	has_counterfactual;from_aspect	has_counterfactual;to_aspect	has_counterfactual;shared_in	witness_arena	0	same_trit_relabel	#F6D9C3	0.49018	0xa6198f8389f380ce
424	424	31	color_space_object	palette_interface_object	colored_bisimulation_candidate	has_aspect	has_counterfactual;from_aspect	has_counterfactual;to_aspect	has_counterfactual;shared_in	witness_arena	1	positive_shift	#7C8FE0	0.911854	0x66380fc190442ac5
425	425	31	color_space_object	lisp_semantics_object	colored_bisimulation_candidate	has_aspect	has_counterfactual;from_aspect	has_counterfactual;to_aspect	has_counterfactual;shared_in	witness_arena	-1	negative_shift	#5EF453	0.588507	0x2a59b3a5443b22c7
426	426	31	color_space_object	entropy_source_object	colored_bisimulation_candidate	has_aspect	has_counterfactual;from_aspect	has_counterfactual;to_aspect	has_counterfactual;shared_in	witness_arena	0	same_trit_relabel	#4642D1	0.269278	0x9f11f769f5a38a56
427	427	31	color_space_object	propagator_cell_object	colored_bisimulation_candidate	has_aspect	has_counterfactual;from_aspect	has_counterfactual;to_aspect	has_counterfactual;shared_in	witness_arena	1	positive_shift	#77C428	0.833606	0x86022c6ef58c13a5
428	428	31	color_space_object	abductive_world_object	colored_bisimulation_candidate	has_aspect	has_counterfactual;from_aspect	has_counterfactual;to_aspect	has_counterfactual;shared_in	witness_arena	-1	negative_shift	#7B3B69	1.261097	0x23b23e038b65784c
429	429	31	color_space_object	fuzz_soundness_object	colored_bisimulation_candidate	has_aspect	has_counterfactual;from_aspect	has_counterfactual;to_aspect	has_counterfactual;shared_in	witness_arena	0	same_trit_relabel	#0791B9	0.390762	0x50d0a2207e8d3a7f
430	430	31	color_space_object	ternary_regression_object	colored_bisimulation_candidate	has_aspect	has_counterfactual;from_aspect	has_counterfactual;to_aspect	has_counterfactual;shared_in	witness_arena	1	positive_shift	#B248E7	1.151288	0x3d22e805738b1213
431	431	31	color_space_object	nonriemannian_gate_object	colored_bisimulation_candidate	has_aspect	has_counterfactual;from_aspect	has_counterfactual;to_aspect	has_counterfactual;shared_in	witness_arena	-1	negative_shift	#46C90F	1.020291	0x59369f7a26d85acb
432	432	31	color_space_object	exa_loop_object	colored_bisimulation_candidate	has_aspect	has_counterfactual;from_aspect	has_counterfactual;to_aspect	has_counterfactual;shared_in	witness_arena	0	same_trit_relabel	#8C8072	0.726465	0x6078fbfbf7daefbe
433	433	31	color_space_object	aqua_hygiene_object	colored_bisimulation_candidate	has_aspect	has_counterfactual;from_aspect	has_counterfactual;to_aspect	has_counterfactual;shared_in	witness_arena	1	positive_shift	#1F9659	1.128029	0x9e88262908a0055e
434	434	31	color_space_object	scip_catcolab_object	colored_bisimulation_candidate	has_aspect	has_counterfactual;from_aspect	has_counterfactual;to_aspect	has_counterfactual;shared_in	witness_arena	-1	negative_shift	#DB6FD4	1.077047	0xc95084869fb3cb71
435	435	32	trit_tick_object	color_space_object	colored_bisimulation_candidate	has_aspect	has_counterfactual;from_aspect	has_counterfactual;to_aspect	has_counterfactual;shared_in	witness_arena	-1	negative_shift	#0BC133	0.501596	0xae4886feff7c446d
436	436	32	trit_tick_object	rng_determinism_object	colored_bisimulation_candidate	has_aspect	has_counterfactual;from_aspect	has_counterfactual;to_aspect	has_counterfactual;shared_in	witness_arena	1	positive_shift	#EA01C8	0.976028	0x3038054dd765571d
437	437	32	trit_tick_object	parallel_invariance_object	colored_bisimulation_candidate	has_aspect	has_counterfactual;from_aspect	has_counterfactual;to_aspect	has_counterfactual;shared_in	witness_arena	-1	negative_shift	#AAF993	1.318787	0x6ea62c4dd0f81f0f
438	438	32	trit_tick_object	palette_interface_object	colored_bisimulation_candidate	has_aspect	has_counterfactual;from_aspect	has_counterfactual;to_aspect	has_counterfactual;shared_in	witness_arena	0	same_trit_relabel	#470360	0.773892	0x35c242acd3175654
439	439	32	trit_tick_object	lisp_semantics_object	colored_bisimulation_candidate	has_aspect	has_counterfactual;from_aspect	has_counterfactual;to_aspect	has_counterfactual;shared_in	witness_arena	1	positive_shift	#17B2D8	1.155639	0x3177e762409b5272
440	440	32	trit_tick_object	entropy_source_object	colored_bisimulation_candidate	has_aspect	has_counterfactual;from_aspect	has_counterfactual;to_aspect	has_counterfactual;shared_in	witness_arena	-1	negative_shift	#9F0A9C	1.218288	0xc8ab9af5fcd020ce
441	441	32	trit_tick_object	propagator_cell_object	colored_bisimulation_candidate	has_aspect	has_counterfactual;from_aspect	has_counterfactual;to_aspect	has_counterfactual;shared_in	witness_arena	0	same_trit_relabel	#27B1CD	0.832158	0x195f96a675e4c3b8
442	442	32	trit_tick_object	abductive_world_object	colored_bisimulation_candidate	has_aspect	has_counterfactual;from_aspect	has_counterfactual;to_aspect	has_counterfactual;shared_in	witness_arena	1	positive_shift	#D137A3	0.859891	0xc53573dcd2874f47
443	443	32	trit_tick_object	fuzz_soundness_object	colored_bisimulation_candidate	has_aspect	has_counterfactual;from_aspect	has_counterfactual;to_aspect	has_counterfactual;shared_in	witness_arena	-1	negative_shift	#E0E882	1.347391	0xc3f3a2ec7be16566
444	444	32	trit_tick_object	ternary_regression_object	colored_bisimulation_candidate	has_aspect	has_counterfactual;from_aspect	has_counterfactual;to_aspect	has_counterfactual;shared_in	witness_arena	0	same_trit_relabel	#F24F1D	0.650673	0x18b77c1ff16f5bf0
445	445	32	trit_tick_object	nonriemannian_gate_object	colored_bisimulation_candidate	has_aspect	has_counterfactual;from_aspect	has_counterfactual;to_aspect	has_counterfactual;shared_in	witness_arena	1	positive_shift	#0CC6C5	0.761288	0xe4d159fa34124eea
446	446	32	trit_tick_object	exa_loop_object	colored_bisimulation_candidate	has_aspect	has_counterfactual;from_aspect	has_counterfactual;to_aspect	has_counterfactual;shared_in	witness_arena	-1	negative_shift	#228971	0.605197	0x340d9d8c52f70c20
447	447	32	trit_tick_object	aqua_hygiene_object	colored_bisimulation_candidate	has_aspect	has_counterfactual;from_aspect	has_counterfactual;to_aspect	has_counterfactual;shared_in	witness_arena	0	same_trit_relabel	#B1D992	0.384574	0xdcfe187e7120f89d
448	448	32	trit_tick_object	scip_catcolab_object	colored_bisimulation_candidate	has_aspect	has_counterfactual;from_aspect	has_counterfactual;to_aspect	has_counterfactual;shared_in	witness_arena	1	positive_shift	#E508CA	1.123634	0xc3b0a0317791a56c
449	449	33	rng_determinism_object	color_space_object	colored_bisimulation_candidate	has_aspect	has_counterfactual;from_aspect	has_counterfactual;to_aspect	has_counterfactual;shared_in	witness_arena	1	positive_shift	#312BA8	1.233511	0x5e9c5b428fca6ebd
450	450	33	rng_determinism_object	trit_tick_object	colored_bisimulation_candidate	has_aspect	has_counterfactual;from_aspect	has_counterfactual;to_aspect	has_counterfactual;shared_in	witness_arena	-1	negative_shift	#084D98	1.10913	0x4c3dd73857a74c59
451	451	33	rng_determinism_object	parallel_invariance_object	colored_bisimulation_candidate	has_aspect	has_counterfactual;from_aspect	has_counterfactual;to_aspect	has_counterfactual;shared_in	witness_arena	1	positive_shift	#796381	0.663887	0x7612f3b691c64f52
452	452	33	rng_determinism_object	palette_interface_object	colored_bisimulation_candidate	has_aspect	has_counterfactual;from_aspect	has_counterfactual;to_aspect	has_counterfactual;shared_in	witness_arena	-1	negative_shift	#9F9CCE	0.873856	0xbb37969e292d32f8
453	453	33	rng_determinism_object	lisp_semantics_object	colored_bisimulation_candidate	has_aspect	has_counterfactual;from_aspect	has_counterfactual;to_aspect	has_counterfactual;shared_in	witness_arena	0	same_trit_relabel	#A8DDFA	0.288415	0x3fc4c9a11beabe36
454	454	33	rng_determinism_object	entropy_source_object	colored_bisimulation_candidate	has_aspect	has_counterfactual;from_aspect	has_counterfactual;to_aspect	has_counterfactual;shared_in	witness_arena	1	positive_shift	#21D490	0.437532	0xbd25155fe58e028a
455	455	33	rng_determinism_object	propagator_cell_object	colored_bisimulation_candidate	has_aspect	has_counterfactual;from_aspect	has_counterfactual;to_aspect	has_counterfactual;shared_in	witness_arena	-1	negative_shift	#66AB5B	0.866248	0x5cb9429469ff6390
456	456	33	rng_determinism_object	abductive_world_object	colored_bisimulation_candidate	has_aspect	has_counterfactual;from_aspect	has_counterfactual;to_aspect	has_counterfactual;shared_in	witness_arena	0	same_trit_relabel	#E90DA0	0.747375	0x41b1e724b8fe2c7c
457	457	33	rng_determinism_object	fuzz_soundness_object	colored_bisimulation_candidate	has_aspect	has_counterfactual;from_aspect	has_counterfactual;to_aspect	has_counterfactual;shared_in	witness_arena	1	positive_shift	#2214AD	0.824767	0x6ddf7a2f434aed17
458	458	33	rng_determinism_object	ternary_regression_object	colored_bisimulation_candidate	has_aspect	has_counterfactual;from_aspect	has_counterfactual;to_aspect	has_counterfactual;shared_in	witness_arena	-1	negative_shift	#BEE742	1.160905	0xfada3d14d9f2e6af
459	459	33	rng_determinism_object	nonriemannian_gate_object	colored_bisimulation_candidate	has_aspect	has_counterfactual;from_aspect	has_counterfactual;to_aspect	has_counterfactual;shared_in	witness_arena	0	same_trit_relabel	#F53164	0.608273	0xf124e9fb952fd5ea
460	460	33	rng_determinism_object	exa_loop_object	colored_bisimulation_candidate	has_aspect	has_counterfactual;from_aspect	has_counterfactual;to_aspect	has_counterfactual;shared_in	witness_arena	1	positive_shift	#E6DF17	0.945701	0xf5d8ba82b5a65c94
461	461	33	rng_determinism_object	aqua_hygiene_object	colored_bisimulation_candidate	has_aspect	has_counterfactual;from_aspect	has_counterfactual;to_aspect	has_counterfactual;shared_in	witness_arena	-1	negative_shift	#5A75C6	1.007261	0x7e20544f53503a5f
462	462	33	rng_determinism_object	scip_catcolab_object	colored_bisimulation_candidate	has_aspect	has_counterfactual;from_aspect	has_counterfactual;to_aspect	has_counterfactual;shared_in	witness_arena	0	same_trit_relabel	#F9C9C5	0.616784	0xefae4ae2f05a539c
463	463	34	parallel_invariance_object	color_space_object	colored_bisimulation_candidate	has_aspect	has_counterfactual;from_aspect	has_counterfactual;to_aspect	has_counterfactual;shared_in	witness_arena	0	same_trit_relabel	#953E43	0.887714	0xc7bbc977dc2d03cb
464	464	34	parallel_invariance_object	trit_tick_object	colored_bisimulation_candidate	has_aspect	has_counterfactual;from_aspect	has_counterfactual;to_aspect	has_counterfactual;shared_in	witness_arena	1	positive_shift	#1A66BE	1.139509	0x0053188e000e2d5c
465	465	34	parallel_invariance_object	rng_determinism_object	colored_bisimulation_candidate	has_aspect	has_counterfactual;from_aspect	has_counterfactual;to_aspect	has_counterfactual;shared_in	witness_arena	-1	negative_shift	#B38EB8	1.254376	0xac556e9bba2e3ba8
466	466	34	parallel_invariance_object	palette_interface_object	colored_bisimulation_candidate	has_aspect	has_counterfactual;from_aspect	has_counterfactual;to_aspect	has_counterfactual;shared_in	witness_arena	1	positive_shift	#79DD84	0.670702	0xc55b79f7c69396c0
467	467	34	parallel_invariance_object	lisp_semantics_object	colored_bisimulation_candidate	has_aspect	has_counterfactual;from_aspect	has_counterfactual;to_aspect	has_counterfactual;shared_in	witness_arena	-1	negative_shift	#D80E0D	0.56434	0x946dff4f9993b5bf
468	468	34	parallel_invariance_object	entropy_source_object	colored_bisimulation_candidate	has_aspect	has_counterfactual;from_aspect	has_counterfactual;to_aspect	has_counterfactual;shared_in	witness_arena	0	same_trit_relabel	#26B89E	0.340816	0x655ac4bf1f5d8e50
469	469	34	parallel_invariance_object	propagator_cell_object	colored_bisimulation_candidate	has_aspect	has_counterfactual;from_aspect	has_counterfactual;to_aspect	has_counterfactual;shared_in	witness_arena	1	positive_shift	#E55BDD	1.019977	0x327ffcdd046ffe1a
470	470	34	parallel_invariance_object	abductive_world_object	colored_bisimulation_candidate	has_aspect	has_counterfactual;from_aspect	has_counterfactual;to_aspect	has_counterfactual;shared_in	witness_arena	-1	negative_shift	#FDC8D7	1.073399	0x831f489c1b069ed6
471	471	34	parallel_invariance_object	fuzz_soundness_object	colored_bisimulation_candidate	has_aspect	has_counterfactual;from_aspect	has_counterfactual;to_aspect	has_counterfactual;shared_in	witness_arena	0	same_trit_relabel	#0DC72C	0.647059	0x68c39b4ca7c5c14f
472	472	34	parallel_invariance_object	ternary_regression_object	colored_bisimulation_candidate	has_aspect	has_counterfactual;from_aspect	has_counterfactual;to_aspect	has_counterfactual;shared_in	witness_arena	1	positive_shift	#4AABCF	1.091435	0xc0d1f25c6f656179
473	473	34	parallel_invariance_object	nonriemannian_gate_object	colored_bisimulation_candidate	has_aspect	has_counterfactual;from_aspect	has_counterfactual;to_aspect	has_counterfactual;shared_in	witness_arena	-1	negative_shift	#F3D6E2	1.042845	0xce968ce12ec3102f
474	474	34	parallel_invariance_object	exa_loop_object	colored_bisimulation_candidate	has_aspect	has_counterfactual;from_aspect	has_counterfactual;to_aspect	has_counterfactual;shared_in	witness_arena	0	same_trit_relabel	#91F832	0.629861	0x16cd70129883424b
475	475	34	parallel_invariance_object	aqua_hygiene_object	colored_bisimulation_candidate	has_aspect	has_counterfactual;from_aspect	has_counterfactual;to_aspect	has_counterfactual;shared_in	witness_arena	1	positive_shift	#2D9357	0.934908	0xb5bacac9979be8a2
476	476	34	parallel_invariance_object	scip_catcolab_object	colored_bisimulation_candidate	has_aspect	has_counterfactual;from_aspect	has_counterfactual;to_aspect	has_counterfactual;shared_in	witness_arena	-1	negative_shift	#1D3A55	0.793412	0xff989650f9a83dc0
477	477	35	palette_interface_object	color_space_object	colored_bisimulation_candidate	has_aspect	has_counterfactual;from_aspect	has_counterfactual;to_aspect	has_counterfactual;shared_in	witness_arena	-1	negative_shift	#EDE489	1.183636	0x01046552981b2139
478	478	35	palette_interface_object	trit_tick_object	colored_bisimulation_candidate	has_aspect	has_counterfactual;from_aspect	has_counterfactual;to_aspect	has_counterfactual;shared_in	witness_arena	0	same_trit_relabel	#F7E101	0.571272	0x7d709f46b99a3bbe
479	479	35	palette_interface_object	rng_determinism_object	colored_bisimulation_candidate	has_aspect	has_counterfactual;from_aspect	has_counterfactual;to_aspect	has_counterfactual;shared_in	witness_arena	1	positive_shift	#C04E7D	0.509062	0xff701b27ee2158ab
480	480	35	palette_interface_object	parallel_invariance_object	colored_bisimulation_candidate	has_aspect	has_counterfactual;from_aspect	has_counterfactual;to_aspect	has_counterfactual;shared_in	witness_arena	-1	negative_shift	#5A7B3E	1.198819	0xbd778b4e47916b0b
481	481	35	palette_interface_object	lisp_semantics_object	colored_bisimulation_candidate	has_aspect	has_counterfactual;from_aspect	has_counterfactual;to_aspect	has_counterfactual;shared_in	witness_arena	1	positive_shift	#1114A8	1.076965	0x3f33d33dd8ffa6b1
482	482	35	palette_interface_object	entropy_source_object	colored_bisimulation_candidate	has_aspect	has_counterfactual;from_aspect	has_counterfactual;to_aspect	has_counterfactual;shared_in	witness_arena	-1	negative_shift	#22BD36	1.041858	0x65753ec8c1ae0b38
483	483	35	palette_interface_object	propagator_cell_object	colored_bisimulation_candidate	has_aspect	has_counterfactual;from_aspect	has_counterfactual;to_aspect	has_counterfactual;shared_in	witness_arena	0	same_trit_relabel	#3745C1	0.326928	0xc8d6b39313b91812
484	484	35	palette_interface_object	abductive_world_object	colored_bisimulation_candidate	has_aspect	has_counterfactual;from_aspect	has_counterfactual;to_aspect	has_counterfactual;shared_in	witness_arena	1	positive_shift	#F841CE	1.30073	0x8ff681f3ae2af008
485	485	35	palette_interface_object	fuzz_soundness_object	colored_bisimulation_candidate	has_aspect	has_counterfactual;from_aspect	has_counterfactual;to_aspect	has_counterfactual;shared_in	witness_arena	-1	negative_shift	#D5516D	0.863326	0x6f5733a4682f1803
486	486	35	palette_interface_object	ternary_regression_object	colored_bisimulation_candidate	has_aspect	has_counterfactual;from_aspect	has_counterfactual;to_aspect	has_counterfactual;shared_in	witness_arena	0	same_trit_relabel	#98F9C0	0.79716	0x2878c4b9f2bd90ce
487	487	35	palette_interface_object	nonriemannian_gate_object	colored_bisimulation_candidate	has_aspect	has_counterfactual;from_aspect	has_counterfactual;to_aspect	has_counterfactual;shared_in	witness_arena	1	positive_shift	#F25BDD	0.654663	0x4e30e606516d76c5
488	488	35	palette_interface_object	exa_loop_object	colored_bisimulation_candidate	has_aspect	has_counterfactual;from_aspect	has_counterfactual;to_aspect	has_counterfactual;shared_in	witness_arena	-1	negative_shift	#C6FFAA	0.932256	0x599ed800a15550cf
489	489	35	palette_interface_object	aqua_hygiene_object	colored_bisimulation_candidate	has_aspect	has_counterfactual;from_aspect	has_counterfactual;to_aspect	has_counterfactual;shared_in	witness_arena	0	same_trit_relabel	#73FE20	0.853263	0x4e895d857f60953d
490	490	35	palette_interface_object	scip_catcolab_object	colored_bisimulation_candidate	has_aspect	has_counterfactual;from_aspect	has_counterfactual;to_aspect	has_counterfactual;shared_in	witness_arena	1	positive_shift	#E0B168	1.45412	0xfd68dccfb73b7a42
491	491	36	lisp_semantics_object	color_space_object	colored_bisimulation_candidate	has_aspect	has_counterfactual;from_aspect	has_counterfactual;to_aspect	has_counterfactual;shared_in	witness_arena	1	positive_shift	#842551	1.323729	0x9ee302fbdcf1d41e
492	492	36	lisp_semantics_object	trit_tick_object	colored_bisimulation_candidate	has_aspect	has_counterfactual;from_aspect	has_counterfactual;to_aspect	has_counterfactual;shared_in	witness_arena	-1	negative_shift	#D7C60C	1.117814	0x374732ee028ea656
493	493	36	lisp_semantics_object	rng_determinism_object	colored_bisimulation_candidate	has_aspect	has_counterfactual;from_aspect	has_counterfactual;to_aspect	has_counterfactual;shared_in	witness_arena	0	same_trit_relabel	#511048	0.679892	0xd0777a29f75abaa8
494	494	36	lisp_semantics_object	parallel_invariance_object	colored_bisimulation_candidate	has_aspect	has_counterfactual;from_aspect	has_counterfactual;to_aspect	has_counterfactual;shared_in	witness_arena	1	positive_shift	#9D1A28	0.9422	0x87020e0b31eda3e1
495	495	36	lisp_semantics_object	palette_interface_object	colored_bisimulation_candidate	has_aspect	has_counterfactual;from_aspect	has_counterfactual;to_aspect	has_counterfactual;shared_in	witness_arena	-1	negative_shift	#BC9EFF	0.919959	0xe1c08ef31f570dc1
496	496	36	lisp_semantics_object	entropy_source_object	colored_bisimulation_candidate	has_aspect	has_counterfactual;from_aspect	has_counterfactual;to_aspect	has_counterfactual;shared_in	witness_arena	1	positive_shift	#84495D	0.697195	0xf899fec66ba825c6
497	497	36	lisp_semantics_object	propagator_cell_object	colored_bisimulation_candidate	has_aspect	has_counterfactual;from_aspect	has_counterfactual;to_aspect	has_counterfactual;shared_in	witness_arena	-1	negative_shift	#0E7762	0.689873	0x273e6bf4963dda12
498	498	36	lisp_semantics_object	abductive_world_object	colored_bisimulation_candidate	has_aspect	has_counterfactual;from_aspect	has_counterfactual;to_aspect	has_counterfactual;shared_in	witness_arena	0	same_trit_relabel	#E5CD6C	0.955222	0xb998847aabf013aa
499	499	36	lisp_semantics_object	fuzz_soundness_object	colored_bisimulation_candidate	has_aspect	has_counterfactual;from_aspect	has_counterfactual;to_aspect	has_counterfactual;shared_in	witness_arena	1	positive_shift	#2F5909	0.60118	0xe1a615bdd36550f4
500	500	36	lisp_semantics_object	ternary_regression_object	colored_bisimulation_candidate	has_aspect	has_counterfactual;from_aspect	has_counterfactual;to_aspect	has_counterfactual;shared_in	witness_arena	-1	negative_shift	#DA3629	1.028779	0x87ca2647fe489702
501	501	36	lisp_semantics_object	nonriemannian_gate_object	colored_bisimulation_candidate	has_aspect	has_counterfactual;from_aspect	has_counterfactual;to_aspect	has_counterfactual;shared_in	witness_arena	0	same_trit_relabel	#80A013	0.583958	0x551e5dbd58a1b5ef
502	502	36	lisp_semantics_object	exa_loop_object	colored_bisimulation_candidate	has_aspect	has_counterfactual;from_aspect	has_counterfactual;to_aspect	has_counterfactual;shared_in	witness_arena	1	positive_shift	#67D052	0.99784	0xeacd273eb9d62ab9
503	503	36	lisp_semantics_object	aqua_hygiene_object	colored_bisimulation_candidate	has_aspect	has_counterfactual;from_aspect	has_counterfactual;to_aspect	has_counterfactual;shared_in	witness_arena	-1	negative_shift	#CDF729	1.10366	0x174ced243624cc7e
504	504	36	lisp_semantics_object	scip_catcolab_object	colored_bisimulation_candidate	has_aspect	has_counterfactual;from_aspect	has_counterfactual;to_aspect	has_counterfactual;shared_in	witness_arena	0	same_trit_relabel	#918213	0.809346	0x42072b4c1038076f
505	505	37	entropy_source_object	color_space_object	colored_bisimulation_candidate	has_aspect	has_counterfactual;from_aspect	has_counterfactual;to_aspect	has_counterfactual;shared_in	witness_arena	0	same_trit_relabel	#7FDCE0	0.429336	0xcafe9f4c10e263f5
506	506	37	entropy_source_object	trit_tick_object	colored_bisimulation_candidate	has_aspect	has_counterfactual;from_aspect	has_counterfactual;to_aspect	has_counterfactual;shared_in	witness_arena	1	positive_shift	#DFBB10	0.876283	0x7c3a385d5e0ebcc3
507	507	37	entropy_source_object	rng_determinism_object	colored_bisimulation_candidate	has_aspect	has_counterfactual;from_aspect	has_counterfactual;to_aspect	has_counterfactual;shared_in	witness_arena	-1	negative_shift	#1CA3EA	1.21714	0x932dc56ac939b50e
508	508	37	entropy_source_object	parallel_invariance_object	colored_bisimulation_candidate	has_aspect	has_counterfactual;from_aspect	has_counterfactual;to_aspect	has_counterfactual;shared_in	witness_arena	0	same_trit_relabel	#A4F545	0.61292	0x8dd32053fe7323b3
509	509	37	entropy_source_object	palette_interface_object	colored_bisimulation_candidate	has_aspect	has_counterfactual;from_aspect	has_counterfactual;to_aspect	has_counterfactual;shared_in	witness_arena	1	positive_shift	#684484	0.940696	0x6ba40637c57390ab
510	510	37	entropy_source_object	lisp_semantics_object	colored_bisimulation_candidate	has_aspect	has_counterfactual;from_aspect	has_counterfactual;to_aspect	has_counterfactual;shared_in	witness_arena	-1	negative_shift	#B9C0D2	1.016159	0x33a5b88ef83b80b0
511	511	37	entropy_source_object	propagator_cell_object	colored_bisimulation_candidate	has_aspect	has_counterfactual;from_aspect	has_counterfactual;to_aspect	has_counterfactual;shared_in	witness_arena	1	positive_shift	#7ACFEE	1.212552	0xff947b1c4bea7076
512	512	37	entropy_source_object	abductive_world_object	colored_bisimulation_candidate	has_aspect	has_counterfactual;from_aspect	has_counterfactual;to_aspect	has_counterfactual;shared_in	witness_arena	-1	negative_shift	#CFE700	0.471315	0x9953cd62f81af1dc
513	513	37	entropy_source_object	fuzz_soundness_object	colored_bisimulation_candidate	has_aspect	has_counterfactual;from_aspect	has_counterfactual;to_aspect	has_counterfactual;shared_in	witness_arena	0	same_trit_relabel	#B8611A	0.978704	0x2ec414e4ee1925e6
514	514	37	entropy_source_object	ternary_regression_object	colored_bisimulation_candidate	has_aspect	has_counterfactual;from_aspect	has_counterfactual;to_aspect	has_counterfactual;shared_in	witness_arena	1	positive_shift	#7414F6	1.193981	0x27a10583e0ceffbf
515	515	37	entropy_source_object	nonriemannian_gate_object	colored_bisimulation_candidate	has_aspect	has_counterfactual;from_aspect	has_counterfactual;to_aspect	has_counterfactual;shared_in	witness_arena	-1	negative_shift	#1A1D7E	0.931858	0xdb29e7bf6773e4a1
516	516	37	entropy_source_object	exa_loop_object	colored_bisimulation_candidate	has_aspect	has_counterfactual;from_aspect	has_counterfactual;to_aspect	has_counterfactual;shared_in	witness_arena	0	same_trit_relabel	#D9D0E0	0.39296	0xf1d56f924fc1c553
517	517	37	entropy_source_object	aqua_hygiene_object	colored_bisimulation_candidate	has_aspect	has_counterfactual;from_aspect	has_counterfactual;to_aspect	has_counterfactual;shared_in	witness_arena	1	positive_shift	#B9564E	0.667795	0xbbc66104d6190217
518	518	37	entropy_source_object	scip_catcolab_object	colored_bisimulation_candidate	has_aspect	has_counterfactual;from_aspect	has_counterfactual;to_aspect	has_counterfactual;shared_in	witness_arena	-1	negative_shift	#20B591	0.754058	0x712ce9b689619e13
519	519	38	propagator_cell_object	color_space_object	colored_bisimulation_candidate	has_aspect	has_counterfactual;from_aspect	has_counterfactual;to_aspect	has_counterfactual;shared_in	witness_arena	-1	negative_shift	#7D0F31	0.785625	0xcbb2bcc8de744b95
520	520	38	propagator_cell_object	trit_tick_object	colored_bisimulation_candidate	has_aspect	has_counterfactual;from_aspect	has_counterfactual;to_aspect	has_counterfactual;shared_in	witness_arena	0	same_trit_relabel	#66F9AD	0.386727	0x3c1db8ba84e84179
521	521	38	propagator_cell_object	rng_determinism_object	colored_bisimulation_candidate	has_aspect	has_counterfactual;from_aspect	has_counterfactual;to_aspect	has_counterfactual;shared_in	witness_arena	1	positive_shift	#2F242D	1.091729	0xa7a047cb654e8663
522	522	38	propagator_cell_object	parallel_invariance_object	colored_bisimulation_candidate	has_aspect	has_counterfactual;from_aspect	has_counterfactual;to_aspect	has_counterfactual;shared_in	witness_arena	-1	negative_shift	#C45078	1.58384	0xbcc1e4136112a7e3
523	523	38	propagator_cell_object	palette_interface_object	colored_bisimulation_candidate	has_aspect	has_counterfactual;from_aspect	has_counterfactual;to_aspect	has_counterfactual;shared_in	witness_arena	0	same_trit_relabel	#7EC024	0.771134	0x423a9741c4d8d75b
524	524	38	propagator_cell_object	lisp_semantics_object	colored_bisimulation_candidate	has_aspect	has_counterfactual;from_aspect	has_counterfactual;to_aspect	has_counterfactual;shared_in	witness_arena	1	positive_shift	#C74E69	1.214823	0x6de3022fa2b351b4
525	525	38	propagator_cell_object	entropy_source_object	colored_bisimulation_candidate	has_aspect	has_counterfactual;from_aspect	has_counterfactual;to_aspect	has_counterfactual;shared_in	witness_arena	-1	negative_shift	#69B5A1	1.427184	0xc9b03fcc5097edc8
526	526	38	propagator_cell_object	abductive_world_object	colored_bisimulation_candidate	has_aspect	has_counterfactual;from_aspect	has_counterfactual;to_aspect	has_counterfactual;shared_in	witness_arena	1	positive_shift	#33FFE2	1.165723	0x07d5c48ba8577bbe
527	527	38	propagator_cell_object	fuzz_soundness_object	colored_bisimulation_candidate	has_aspect	has_counterfactual;from_aspect	has_counterfactual;to_aspect	has_counterfactual;shared_in	witness_arena	-1	negative_shift	#6A25EF	1.444744	0xaf8739ee868f1acc
528	528	38	propagator_cell_object	ternary_regression_object	colored_bisimulation_candidate	has_aspect	has_counterfactual;from_aspect	has_counterfactual;to_aspect	has_counterfactual;shared_in	witness_arena	0	same_trit_relabel	#D970DC	0.436564	0x4ebe67e61b4c5c42
529	529	38	propagator_cell_object	nonriemannian_gate_object	colored_bisimulation_candidate	has_aspect	has_counterfactual;from_aspect	has_counterfactual;to_aspect	has_counterfactual;shared_in	witness_arena	1	positive_shift	#CD541E	0.956382	0xd4e4dd79ff7547ff
530	530	38	propagator_cell_object	exa_loop_object	colored_bisimulation_candidate	has_aspect	has_counterfactual;from_aspect	has_counterfactual;to_aspect	has_counterfactual;shared_in	witness_arena	-1	negative_shift	#5E9187	0.82472	0x570501389df45d09
531	531	38	propagator_cell_object	aqua_hygiene_object	colored_bisimulation_candidate	has_aspect	has_counterfactual;from_aspect	has_counterfactual;to_aspect	has_counterfactual;shared_in	witness_arena	0	same_trit_relabel	#8C8460	0.513201	0x564965d38510823f
532	532	38	propagator_cell_object	scip_catcolab_object	colored_bisimulation_candidate	has_aspect	has_counterfactual;from_aspect	has_counterfactual;to_aspect	has_counterfactual;shared_in	witness_arena	1	positive_shift	#0698E9	1.251299	0x3c8f226490100e0f
533	533	39	abductive_world_object	color_space_object	colored_bisimulation_candidate	has_aspect	has_counterfactual;from_aspect	has_counterfactual;to_aspect	has_counterfactual;shared_in	witness_arena	1	positive_shift	#850654	0.698713	0xef6e43db589deeae
534	534	39	abductive_world_object	trit_tick_object	colored_bisimulation_candidate	has_aspect	has_counterfactual;from_aspect	has_counterfactual;to_aspect	has_counterfactual;shared_in	witness_arena	-1	negative_shift	#7FB9F5	0.459435	0x22571c67f3d10bc4
535	535	39	abductive_world_object	rng_determinism_object	colored_bisimulation_candidate	has_aspect	has_counterfactual;from_aspect	has_counterfactual;to_aspect	has_counterfactual;shared_in	witness_arena	0	same_trit_relabel	#F5BDE5	0.522305	0xb3b6389e7ad0d749
536	536	39	abductive_world_object	parallel_invariance_object	colored_bisimulation_candidate	has_aspect	has_counterfactual;from_aspect	has_counterfactual;to_aspect	has_counterfactual;shared_in	witness_arena	1	positive_shift	#C9FE97	1.348368	0xe59f5bfb30c75c4c
537	537	39	abductive_world_object	palette_interface_object	colored_bisimulation_candidate	has_aspect	has_counterfactual;from_aspect	has_counterfactual;to_aspect	has_counterfactual;shared_in	witness_arena	-1	negative_shift	#6EC65E	1.020448	0x3dd31eef2602427f
538	538	39	abductive_world_object	lisp_semantics_object	colored_bisimulation_candidate	has_aspect	has_counterfactual;from_aspect	has_counterfactual;to_aspect	has_counterfactual;shared_in	witness_arena	0	same_trit_relabel	#CCEB9F	0.705021	0x3659cde72cd51899
539	539	39	abductive_world_object	entropy_source_object	colored_bisimulation_candidate	has_aspect	has_counterfactual;from_aspect	has_counterfactual;to_aspect	has_counterfactual;shared_in	witness_arena	1	positive_shift	#F9A485	1.191933	0x11c1954975a3e799
540	540	39	abductive_world_object	propagator_cell_object	colored_bisimulation_candidate	has_aspect	has_counterfactual;from_aspect	has_counterfactual;to_aspect	has_counterfactual;shared_in	witness_arena	-1	negative_shift	#F3D184	1.034549	0xcaa5ad63b246a5f6
541	541	39	abductive_world_object	fuzz_soundness_object	colored_bisimulation_candidate	has_aspect	has_counterfactual;from_aspect	has_counterfactual;to_aspect	has_counterfactual;shared_in	witness_arena	1	positive_shift	#FD9C1A	1.216218	0x4290505b49aca240
542	542	39	abductive_world_object	ternary_regression_object	colored_bisimulation_candidate	has_aspect	has_counterfactual;from_aspect	has_counterfactual;to_aspect	has_counterfactual;shared_in	witness_arena	-1	negative_shift	#DDCB5D	0.753472	0x12d6f991ea65877f
543	543	39	abductive_world_object	nonriemannian_gate_object	colored_bisimulation_candidate	has_aspect	has_counterfactual;from_aspect	has_counterfactual;to_aspect	has_counterfactual;shared_in	witness_arena	0	same_trit_relabel	#7F9FA2	0.348226	0x8536a38bbd582427
544	544	39	abductive_world_object	exa_loop_object	colored_bisimulation_candidate	has_aspect	has_counterfactual;from_aspect	has_counterfactual;to_aspect	has_counterfactual;shared_in	witness_arena	1	positive_shift	#B21BD1	0.591145	0x83d37f1219e31c1b
545	545	39	abductive_world_object	aqua_hygiene_object	colored_bisimulation_candidate	has_aspect	has_counterfactual;from_aspect	has_counterfactual;to_aspect	has_counterfactual;shared_in	witness_arena	-1	negative_shift	#D38A37	0.741648	0x8f345abfcb0c7faf
546	546	39	abductive_world_object	scip_catcolab_object	colored_bisimulation_candidate	has_aspect	has_counterfactual;from_aspect	has_counterfactual;to_aspect	has_counterfactual;shared_in	witness_arena	0	same_trit_relabel	#23EC0A	0.82107	0x8377cedfaf9ebac2
547	547	40	fuzz_soundness_object	color_space_object	colored_bisimulation_candidate	has_aspect	has_counterfactual;from_aspect	has_counterfactual;to_aspect	has_counterfactual;shared_in	witness_arena	0	same_trit_relabel	#5EBF13	0.768327	0xd41a98f691a131f1
548	548	40	fuzz_soundness_object	trit_tick_object	colored_bisimulation_candidate	has_aspect	has_counterfactual;from_aspect	has_counterfactual;to_aspect	has_counterfactual;shared_in	witness_arena	1	positive_shift	#84B667	0.984751	0x45d5a53f76476562
549	549	40	fuzz_soundness_object	rng_determinism_object	colored_bisimulation_candidate	has_aspect	has_counterfactual;from_aspect	has_counterfactual;to_aspect	has_counterfactual;shared_in	witness_arena	-1	negative_shift	#6693F5	0.998684	0x3f14f34be012ea70
550	550	40	fuzz_soundness_object	parallel_invariance_object	colored_bisimulation_candidate	has_aspect	has_counterfactual;from_aspect	has_counterfactual;to_aspect	has_counterfactual;shared_in	witness_arena	0	same_trit_relabel	#64C878	0.318058	0x6a771d9815cf9818
551	551	40	fuzz_soundness_object	palette_interface_object	colored_bisimulation_candidate	has_aspect	has_counterfactual;from_aspect	has_counterfactual;to_aspect	has_counterfactual;shared_in	witness_arena	1	positive_shift	#DD5640	1.049651	0x026f2684d5c12701
552	552	40	fuzz_soundness_object	lisp_semantics_object	colored_bisimulation_candidate	has_aspect	has_counterfactual;from_aspect	has_counterfactual;to_aspect	has_counterfactual;shared_in	witness_arena	-1	negative_shift	#EB5D00	0.850326	0xb61761d5457494c9
553	553	40	fuzz_soundness_object	entropy_source_object	colored_bisimulation_candidate	has_aspect	has_counterfactual;from_aspect	has_counterfactual;to_aspect	has_counterfactual;shared_in	witness_arena	0	same_trit_relabel	#238977	0.245184	0xdb4b62644664d36a
554	554	40	fuzz_soundness_object	propagator_cell_object	colored_bisimulation_candidate	has_aspect	has_counterfactual;from_aspect	has_counterfactual;to_aspect	has_counterfactual;shared_in	witness_arena	1	positive_shift	#5AD353	0.855447	0xe1191f8508c8fe0e
555	555	40	fuzz_soundness_object	abductive_world_object	colored_bisimulation_candidate	has_aspect	has_counterfactual;from_aspect	has_counterfactual;to_aspect	has_counterfactual;shared_in	witness_arena	-1	negative_shift	#4E1B0A	0.950504	0x565a8293dcfc71a7
556	556	40	fuzz_soundness_object	ternary_regression_object	colored_bisimulation_candidate	has_aspect	has_counterfactual;from_aspect	has_counterfactual;to_aspect	has_counterfactual;shared_in	witness_arena	1	positive_shift	#3B7D0F	1.228044	0xb2a474227d986ed1
557	557	40	fuzz_soundness_object	nonriemannian_gate_object	colored_bisimulation_candidate	has_aspect	has_counterfactual;from_aspect	has_counterfactual;to_aspect	has_counterfactual;shared_in	witness_arena	-1	negative_shift	#567584	0.803562	0x23613f5ba139eb6d
558	558	40	fuzz_soundness_object	exa_loop_object	colored_bisimulation_candidate	has_aspect	has_counterfactual;from_aspect	has_counterfactual;to_aspect	has_counterfactual;shared_in	witness_arena	0	same_trit_relabel	#7713EA	0.515757	0xaf20be5a143047c8
559	559	40	fuzz_soundness_object	aqua_hygiene_object	colored_bisimulation_candidate	has_aspect	has_counterfactual;from_aspect	has_counterfactual;to_aspect	has_counterfactual;shared_in	witness_arena	1	positive_shift	#131943	0.982303	0x56e3c534eee2c531
560	560	40	fuzz_soundness_object	scip_catcolab_object	colored_bisimulation_candidate	has_aspect	has_counterfactual;from_aspect	has_counterfactual;to_aspect	has_counterfactual;shared_in	witness_arena	-1	negative_shift	#AFBAF7	1.03915	0xe6b76d79b76e1a28
561	561	41	ternary_regression_object	color_space_object	colored_bisimulation_candidate	has_aspect	has_counterfactual;from_aspect	has_counterfactual;to_aspect	has_counterfactual;shared_in	witness_arena	-1	negative_shift	#DAE8CF	1.138927	0x929db2e08c2777da
562	562	41	ternary_regression_object	trit_tick_object	colored_bisimulation_candidate	has_aspect	has_counterfactual;from_aspect	has_counterfactual;to_aspect	has_counterfactual;shared_in	witness_arena	0	same_trit_relabel	#256D50	0.504086	0x82b8f0d4069afd60
563	563	41	ternary_regression_object	rng_determinism_object	colored_bisimulation_candidate	has_aspect	has_counterfactual;from_aspect	has_counterfactual;to_aspect	has_counterfactual;shared_in	witness_arena	1	positive_shift	#7A0E0A	0.629457	0x8f46b67265c98c05
564	564	41	ternary_regression_object	parallel_invariance_object	colored_bisimulation_candidate	has_aspect	has_counterfactual;from_aspect	has_counterfactual;to_aspect	has_counterfactual;shared_in	witness_arena	-1	negative_shift	#F14A2E	1.262489	0x53b6da0e45dfd1c4
565	565	41	ternary_regression_object	palette_interface_object	colored_bisimulation_candidate	has_aspect	has_counterfactual;from_aspect	has_counterfactual;to_aspect	has_counterfactual;shared_in	witness_arena	0	same_trit_relabel	#679890	0.736222	0x9a838928af9a8f03
566	566	41	ternary_regression_object	lisp_semantics_object	colored_bisimulation_candidate	has_aspect	has_counterfactual;from_aspect	has_counterfactual;to_aspect	has_counterfactual;shared_in	witness_arena	1	positive_shift	#479C35	0.858677	0xaf7601fdfb5d2c67
567	567	41	ternary_regression_object	entropy_source_object	colored_bisimulation_candidate	has_aspect	has_counterfactual;from_aspect	has_counterfactual;to_aspect	has_counterfactual;shared_in	witness_arena	-1	negative_shift	#BE3E12	1.038398	0xaaac5ee82a411330
568	568	41	ternary_regression_object	propagator_cell_object	colored_bisimulation_candidate	has_aspect	has_counterfactual;from_aspect	has_counterfactual;to_aspect	has_counterfactual;shared_in	witness_arena	0	same_trit_relabel	#61FA86	0.292308	0x09b91702126d9c4e
569	569	41	ternary_regression_object	abductive_world_object	colored_bisimulation_candidate	has_aspect	has_counterfactual;from_aspect	has_counterfactual;to_aspect	has_counterfactual;shared_in	witness_arena	1	positive_shift	#DA91CE	1.309528	0x45fff408cd176eb1
570	570	41	ternary_regression_object	fuzz_soundness_object	colored_bisimulation_candidate	has_aspect	has_counterfactual;from_aspect	has_counterfactual;to_aspect	has_counterfactual;shared_in	witness_arena	-1	negative_shift	#193722	0.797787	0x7b2be86d569c5d34
571	571	41	ternary_regression_object	nonriemannian_gate_object	colored_bisimulation_candidate	has_aspect	has_counterfactual;from_aspect	has_counterfactual;to_aspect	has_counterfactual;shared_in	witness_arena	1	positive_shift	#FF2982	0.663677	0x16afa3b108d0c369
572	572	41	ternary_regression_object	exa_loop_object	colored_bisimulation_candidate	has_aspect	has_counterfactual;from_aspect	has_counterfactual;to_aspect	has_counterfactual;shared_in	witness_arena	-1	negative_shift	#B5C367	0.84589	0xf7b400168c218c39
573	573	41	ternary_regression_object	aqua_hygiene_object	colored_bisimulation_candidate	has_aspect	has_counterfactual;from_aspect	has_counterfactual;to_aspect	has_counterfactual;shared_in	witness_arena	0	same_trit_relabel	#8ABCBA	0.712539	0xe2ee2495a983379a
574	574	41	ternary_regression_object	scip_catcolab_object	colored_bisimulation_candidate	has_aspect	has_counterfactual;from_aspect	has_counterfactual;to_aspect	has_counterfactual;shared_in	witness_arena	1	positive_shift	#9DEDD3	1.31803	0x8a5210d128b81a8a
575	575	42	nonriemannian_gate_object	color_space_object	colored_bisimulation_candidate	has_aspect	has_counterfactual;from_aspect	has_counterfactual;to_aspect	has_counterfactual;shared_in	witness_arena	1	positive_shift	#97C3A3	1.173913	0x9928a1dda5858c9e
576	576	42	nonriemannian_gate_object	trit_tick_object	colored_bisimulation_candidate	has_aspect	has_counterfactual;from_aspect	has_counterfactual;to_aspect	has_counterfactual;shared_in	witness_arena	-1	negative_shift	#B6BE47	1.053344	0x67d73c4faa8c2a4d
577	577	42	nonriemannian_gate_object	rng_determinism_object	colored_bisimulation_candidate	has_aspect	has_counterfactual;from_aspect	has_counterfactual;to_aspect	has_counterfactual;shared_in	witness_arena	0	same_trit_relabel	#C935D9	0.703143	0xc2aee6304c78b19e
578	578	42	nonriemannian_gate_object	parallel_invariance_object	colored_bisimulation_candidate	has_aspect	has_counterfactual;from_aspect	has_counterfactual;to_aspect	has_counterfactual;shared_in	witness_arena	1	positive_shift	#F81D33	0.606411	0x5562538dab322479
579	579	42	nonriemannian_gate_object	palette_interface_object	colored_bisimulation_candidate	has_aspect	has_counterfactual;from_aspect	has_counterfactual;to_aspect	has_counterfactual;shared_in	witness_arena	-1	negative_shift	#426AF6	1.080554	0xb0dfc4f4ddca714d
580	580	42	nonriemannian_gate_object	lisp_semantics_object	colored_bisimulation_candidate	has_aspect	has_counterfactual;from_aspect	has_counterfactual;to_aspect	has_counterfactual;shared_in	witness_arena	0	same_trit_relabel	#8C1B9C	0.526645	0x79064b21e217994f
581	581	42	nonriemannian_gate_object	entropy_source_object	colored_bisimulation_candidate	has_aspect	has_counterfactual;from_aspect	has_counterfactual;to_aspect	has_counterfactual;shared_in	witness_arena	1	positive_shift	#E12B22	0.542541	0xacd57c3068ad64b5
582	582	42	nonriemannian_gate_object	propagator_cell_object	colored_bisimulation_candidate	has_aspect	has_counterfactual;from_aspect	has_counterfactual;to_aspect	has_counterfactual;shared_in	witness_arena	-1	negative_shift	#66D63D	0.860999	0x32b27c20c54d9acd
583	583	42	nonriemannian_gate_object	abductive_world_object	colored_bisimulation_candidate	has_aspect	has_counterfactual;from_aspect	has_counterfactual;to_aspect	has_counterfactual;shared_in	witness_arena	0	same_trit_relabel	#3ADCCD	0.675546	0x159d0aea9e0ffe94
584	584	42	nonriemannian_gate_object	fuzz_soundness_object	colored_bisimulation_candidate	has_aspect	has_counterfactual;from_aspect	has_counterfactual;to_aspect	has_counterfactual;shared_in	witness_arena	1	positive_shift	#5BD497	0.890665	0x4649b63c8d2d301a
585	585	42	nonriemannian_gate_object	ternary_regression_object	colored_bisimulation_candidate	has_aspect	has_counterfactual;from_aspect	has_counterfactual;to_aspect	has_counterfactual;shared_in	witness_arena	-1	negative_shift	#1B36BA	1.274101	0xa8d654b6c100b69b
586	586	42	nonriemannian_gate_object	exa_loop_object	colored_bisimulation_candidate	has_aspect	has_counterfactual;from_aspect	has_counterfactual;to_aspect	has_counterfactual;shared_in	witness_arena	1	positive_shift	#8BA7DE	0.917397	0x2c49b5546041e6a6
587	587	42	nonriemannian_gate_object	aqua_hygiene_object	colored_bisimulation_candidate	has_aspect	has_counterfactual;from_aspect	has_counterfactual;to_aspect	has_counterfactual;shared_in	witness_arena	-1	negative_shift	#0DC9AB	1.044998	0x5057cb72a9d74cd4
588	588	42	nonriemannian_gate_object	scip_catcolab_object	colored_bisimulation_candidate	has_aspect	has_counterfactual;from_aspect	has_counterfactual;to_aspect	has_counterfactual;shared_in	witness_arena	0	same_trit_relabel	#474ABA	0.73939	0xf7288824c930e327
589	589	43	exa_loop_object	color_space_object	colored_bisimulation_candidate	has_aspect	has_counterfactual;from_aspect	has_counterfactual;to_aspect	has_counterfactual;shared_in	witness_arena	0	same_trit_relabel	#4E61B2	0.62385	0xb5d8a2b3198eae9b
590	590	43	exa_loop_object	trit_tick_object	colored_bisimulation_candidate	has_aspect	has_counterfactual;from_aspect	has_counterfactual;to_aspect	has_counterfactual;shared_in	witness_arena	1	positive_shift	#59499E	1.01519	0x4c8e7375e9514347
591	591	43	exa_loop_object	rng_determinism_object	colored_bisimulation_candidate	has_aspect	has_counterfactual;from_aspect	has_counterfactual;to_aspect	has_counterfactual;shared_in	witness_arena	-1	negative_shift	#B8BAE8	1.351228	0x2a700919a669863d
592	592	43	exa_loop_object	parallel_invariance_object	colored_bisimulation_candidate	has_aspect	has_counterfactual;from_aspect	has_counterfactual;to_aspect	has_counterfactual;shared_in	witness_arena	0	same_trit_relabel	#E6AB1F	0.773623	0x86d79ccddb787889
593	593	43	exa_loop_object	palette_interface_object	colored_bisimulation_candidate	has_aspect	has_counterfactual;from_aspect	has_counterfactual;to_aspect	has_counterfactual;shared_in	witness_arena	1	positive_shift	#F85D51	0.559088	0x22b81400fd6df6c7
594	594	43	exa_loop_object	lisp_semantics_object	colored_bisimulation_candidate	has_aspect	has_counterfactual;from_aspect	has_counterfactual;to_aspect	has_counterfactual;shared_in	witness_arena	-1	negative_shift	#FA0D91	0.856492	0x510c94c945cdba56
595	595	43	exa_loop_object	entropy_source_object	colored_bisimulation_candidate	has_aspect	has_counterfactual;from_aspect	has_counterfactual;to_aspect	has_counterfactual;shared_in	witness_arena	0	same_trit_relabel	#195C33	0.681564	0x31b63fa04e0285f8
596	596	43	exa_loop_object	propagator_cell_object	colored_bisimulation_candidate	has_aspect	has_counterfactual;from_aspect	has_counterfactual;to_aspect	has_counterfactual;shared_in	witness_arena	1	positive_shift	#C4095C	1.266263	0x805dd808962eddc1
597	597	43	exa_loop_object	abductive_world_object	colored_bisimulation_candidate	has_aspect	has_counterfactual;from_aspect	has_counterfactual;to_aspect	has_counterfactual;shared_in	witness_arena	-1	negative_shift	#AFAD63	0.860358	0x6d6ff8776143e947
598	598	43	exa_loop_object	fuzz_soundness_object	colored_bisimulation_candidate	has_aspect	has_counterfactual;from_aspect	has_counterfactual;to_aspect	has_counterfactual;shared_in	witness_arena	0	same_trit_relabel	#A107E8	0.980925	0x3992a6f0ea2c887b
599	599	43	exa_loop_object	ternary_regression_object	colored_bisimulation_candidate	has_aspect	has_counterfactual;from_aspect	has_counterfactual;to_aspect	has_counterfactual;shared_in	witness_arena	1	positive_shift	#AAB2ED	1.010551	0xf0af23756c03509e
600	600	43	exa_loop_object	nonriemannian_gate_object	colored_bisimulation_candidate	has_aspect	has_counterfactual;from_aspect	has_counterfactual;to_aspect	has_counterfactual;shared_in	witness_arena	-1	negative_shift	#8672C0	1.084915	0xf574cf01ba9e584e
601	601	43	exa_loop_object	aqua_hygiene_object	colored_bisimulation_candidate	has_aspect	has_counterfactual;from_aspect	has_counterfactual;to_aspect	has_counterfactual;shared_in	witness_arena	1	positive_shift	#A60E56	0.648745	0xf49500fb4a5e9fc1
602	602	43	exa_loop_object	scip_catcolab_object	colored_bisimulation_candidate	has_aspect	has_counterfactual;from_aspect	has_counterfactual;to_aspect	has_counterfactual;shared_in	witness_arena	-1	negative_shift	#E2F516	0.528665	0xdc43210c0a2b1873
603	603	44	aqua_hygiene_object	color_space_object	colored_bisimulation_candidate	has_aspect	has_counterfactual;from_aspect	has_counterfactual;to_aspect	has_counterfactual;shared_in	witness_arena	-1	negative_shift	#55EEDD	0.766378	0x4357cac0963e0039
604	604	44	aqua_hygiene_object	trit_tick_object	colored_bisimulation_candidate	has_aspect	has_counterfactual;from_aspect	has_counterfactual;to_aspect	has_counterfactual;shared_in	witness_arena	0	same_trit_relabel	#0AD52C	0.191516	0x00a0e3e735822b92
605	605	44	aqua_hygiene_object	rng_determinism_object	colored_bisimulation_candidate	has_aspect	has_counterfactual;from_aspect	has_counterfactual;to_aspect	has_counterfactual;shared_in	witness_arena	1	positive_shift	#C8D00D	0.826672	0x30512b9db2c5ce8b
606	606	44	aqua_hygiene_object	parallel_invariance_object	colored_bisimulation_candidate	has_aspect	has_counterfactual;from_aspect	has_counterfactual;to_aspect	has_counterfactual;shared_in	witness_arena	-1	negative_shift	#94D0DF	1.226986	0xfbbd88ff27b9a7f1
607	607	44	aqua_hygiene_object	palette_interface_object	colored_bisimulation_candidate	has_aspect	has_counterfactual;from_aspect	has_counterfactual;to_aspect	has_counterfactual;shared_in	witness_arena	0	same_trit_relabel	#67021F	0.557429	0x3e535068f0aa30bc
608	608	44	aqua_hygiene_object	lisp_semantics_object	colored_bisimulation_candidate	has_aspect	has_counterfactual;from_aspect	has_counterfactual;to_aspect	has_counterfactual;shared_in	witness_arena	1	positive_shift	#E0B8B0	0.877994	0x55d434caa9872d29
609	609	44	aqua_hygiene_object	entropy_source_object	colored_bisimulation_candidate	has_aspect	has_counterfactual;from_aspect	has_counterfactual;to_aspect	has_counterfactual;shared_in	witness_arena	-1	negative_shift	#FFB10B	1.052992	0x615a20b7d58e447c
610	610	44	aqua_hygiene_object	propagator_cell_object	colored_bisimulation_candidate	has_aspect	has_counterfactual;from_aspect	has_counterfactual;to_aspect	has_counterfactual;shared_in	witness_arena	0	same_trit_relabel	#D22BCE	0.587267	0xdb8a2e860a6b60ff
611	611	44	aqua_hygiene_object	abductive_world_object	colored_bisimulation_candidate	has_aspect	has_counterfactual;from_aspect	has_counterfactual;to_aspect	has_counterfactual;shared_in	witness_arena	1	positive_shift	#A6DA68	0.997481	0x04a476f343e07a92
612	612	44	aqua_hygiene_object	fuzz_soundness_object	colored_bisimulation_candidate	has_aspect	has_counterfactual;from_aspect	has_counterfactual;to_aspect	has_counterfactual;shared_in	witness_arena	-1	negative_shift	#739CB2	1.083133	0xcc95edb15fe2f6ef
613	613	44	aqua_hygiene_object	ternary_regression_object	colored_bisimulation_candidate	has_aspect	has_counterfactual;from_aspect	has_counterfactual;to_aspect	has_counterfactual;shared_in	witness_arena	0	same_trit_relabel	#26AA66	0.352047	0x5443f2590a6a0c06
614	614	44	aqua_hygiene_object	nonriemannian_gate_object	colored_bisimulation_candidate	has_aspect	has_counterfactual;from_aspect	has_counterfactual;to_aspect	has_counterfactual;shared_in	witness_arena	1	positive_shift	#0A34AE	0.615196	0x2bffbb9935140f26
615	615	44	aqua_hygiene_object	exa_loop_object	colored_bisimulation_candidate	has_aspect	has_counterfactual;from_aspect	has_counterfactual;to_aspect	has_counterfactual;shared_in	witness_arena	-1	negative_shift	#E6FC64	0.522262	0x6d9180d69f92317f
616	616	44	aqua_hygiene_object	scip_catcolab_object	colored_bisimulation_candidate	has_aspect	has_counterfactual;from_aspect	has_counterfactual;to_aspect	has_counterfactual;shared_in	witness_arena	1	positive_shift	#5FADE9	1.059152	0x891562cb2dc26c73
617	617	45	scip_catcolab_object	color_space_object	colored_bisimulation_candidate	has_aspect	has_counterfactual;from_aspect	has_counterfactual;to_aspect	has_counterfactual;shared_in	witness_arena	1	positive_shift	#FD720D	0.850386	0x99a1b6395e6f3b8b
618	618	45	scip_catcolab_object	trit_tick_object	colored_bisimulation_candidate	has_aspect	has_counterfactual;from_aspect	has_counterfactual;to_aspect	has_counterfactual;shared_in	witness_arena	-1	negative_shift	#F2E38A	0.688858	0x19c18344a3dedaa7
619	619	45	scip_catcolab_object	rng_determinism_object	colored_bisimulation_candidate	has_aspect	has_counterfactual;from_aspect	has_counterfactual;to_aspect	has_counterfactual;shared_in	witness_arena	0	same_trit_relabel	#C2DA63	0.645453	0xb757082de30e0b8f
620	620	45	scip_catcolab_object	parallel_invariance_object	colored_bisimulation_candidate	has_aspect	has_counterfactual;from_aspect	has_counterfactual;to_aspect	has_counterfactual;shared_in	witness_arena	1	positive_shift	#06DE39	1.558157	0x40ca55eacb5af088
621	621	45	scip_catcolab_object	palette_interface_object	colored_bisimulation_candidate	has_aspect	has_counterfactual;from_aspect	has_counterfactual;to_aspect	has_counterfactual;shared_in	witness_arena	-1	negative_shift	#313BB5	1.109695	0x6345697e4275dd5c
622	622	45	scip_catcolab_object	lisp_semantics_object	colored_bisimulation_candidate	has_aspect	has_counterfactual;from_aspect	has_counterfactual;to_aspect	has_counterfactual;shared_in	witness_arena	0	same_trit_relabel	#2EDC24	0.831909	0xcf16eecc0d16c0c3
623	623	45	scip_catcolab_object	entropy_source_object	colored_bisimulation_candidate	has_aspect	has_counterfactual;from_aspect	has_counterfactual;to_aspect	has_counterfactual;shared_in	witness_arena	1	positive_shift	#F57D2F	1.384321	0x19fa62204210e2ff
624	624	45	scip_catcolab_object	propagator_cell_object	colored_bisimulation_candidate	has_aspect	has_counterfactual;from_aspect	has_counterfactual;to_aspect	has_counterfactual;shared_in	witness_arena	-1	negative_shift	#E8DFCE	1.171816	0x3422b98eaf6187e0
625	625	45	scip_catcolab_object	abductive_world_object	colored_bisimulation_candidate	has_aspect	has_counterfactual;from_aspect	has_counterfactual;to_aspect	has_counterfactual;shared_in	witness_arena	0	same_trit_relabel	#EE0D24	0.882327	0xb8245f9dadb783e4
626	626	45	scip_catcolab_object	fuzz_soundness_object	colored_bisimulation_candidate	has_aspect	has_counterfactual;from_aspect	has_counterfactual;to_aspect	has_counterfactual;shared_in	witness_arena	1	positive_shift	#92E739	1.346609	0x8d4b7377fed03584
627	627	45	scip_catcolab_object	ternary_regression_object	colored_bisimulation_candidate	has_aspect	has_counterfactual;from_aspect	has_counterfactual;to_aspect	has_counterfactual;shared_in	witness_arena	-1	negative_shift	#E811DD	0.696518	0xbbffa2808965fc41
628	628	45	scip_catcolab_object	nonriemannian_gate_object	colored_bisimulation_candidate	has_aspect	has_counterfactual;from_aspect	has_counterfactual;to_aspect	has_counterfactual;shared_in	witness_arena	0	same_trit_relabel	#6FE19C	0.547336	0xc4080605dbb3efb6
629	629	45	scip_catcolab_object	exa_loop_object	colored_bisimulation_candidate	has_aspect	has_counterfactual;from_aspect	has_counterfactual;to_aspect	has_counterfactual;shared_in	witness_arena	1	positive_shift	#7DFA55	0.809558	0x9d17a92f9a67756b
630	630	45	scip_catcolab_object	aqua_hygiene_object	colored_bisimulation_candidate	has_aspect	has_counterfactual;from_aspect	has_counterfactual;to_aspect	has_counterfactual;shared_in	witness_arena	-1	negative_shift	#FF057B	0.889505	0xfe6a116d5aecacab
631	631	46	color_space_object	trit_tick_object	colored_bisimulation_candidate	has_aspect	has_counterfactual;from_aspect	has_counterfactual;to_aspect	has_counterfactual;shared_in	witness_arena	1	positive_shift	#9CF010	1.096701	0xb7c5cbbceda7acbe
632	632	46	color_space_object	rng_determinism_object	colored_bisimulation_candidate	has_aspect	has_counterfactual;from_aspect	has_counterfactual;to_aspect	has_counterfactual;shared_in	witness_arena	-1	negative_shift	#DB3D9A	1.561411	0xd773e3aa0659ec33
633	633	46	color_space_object	parallel_invariance_object	colored_bisimulation_candidate	has_aspect	has_counterfactual;from_aspect	has_counterfactual;to_aspect	has_counterfactual;shared_in	witness_arena	0	same_trit_relabel	#0C1D2B	1.064278	0xca83440ff69f33f6
634	634	46	color_space_object	palette_interface_object	colored_bisimulation_candidate	has_aspect	has_counterfactual;from_aspect	has_counterfactual;to_aspect	has_counterfactual;shared_in	witness_arena	1	positive_shift	#ADE4B7	1.14885	0x30b8e8aa341446da
635	635	46	color_space_object	lisp_semantics_object	colored_bisimulation_candidate	has_aspect	has_counterfactual;from_aspect	has_counterfactual;to_aspect	has_counterfactual;shared_in	witness_arena	-1	negative_shift	#A7DFEB	1.378864	0xfb978da45ca3f9cd
636	636	46	color_space_object	entropy_source_object	colored_bisimulation_candidate	has_aspect	has_counterfactual;from_aspect	has_counterfactual;to_aspect	has_counterfactual;shared_in	witness_arena	0	same_trit_relabel	#4EE237	1.067027	0xabef80b769fa1512
637	637	46	color_space_object	propagator_cell_object	colored_bisimulation_candidate	has_aspect	has_counterfactual;from_aspect	has_counterfactual;to_aspect	has_counterfactual;shared_in	witness_arena	1	positive_shift	#F107E8	1.62697	0x71d622c7977d74bf
638	638	46	color_space_object	abductive_world_object	colored_bisimulation_candidate	has_aspect	has_counterfactual;from_aspect	has_counterfactual;to_aspect	has_counterfactual;shared_in	witness_arena	-1	negative_shift	#27A1C1	0.708515	0xca27eb80a0232aaa
639	639	46	color_space_object	fuzz_soundness_object	colored_bisimulation_candidate	has_aspect	has_counterfactual;from_aspect	has_counterfactual;to_aspect	has_counterfactual;shared_in	witness_arena	0	same_trit_relabel	#04B697	1.409213	0x70bd1b68c39a3d42
640	640	46	color_space_object	ternary_regression_object	colored_bisimulation_candidate	has_aspect	has_counterfactual;from_aspect	has_counterfactual;to_aspect	has_counterfactual;shared_in	witness_arena	1	positive_shift	#4222BF	1.366054	0x6c126f054f590c7f
641	641	46	color_space_object	nonriemannian_gate_object	colored_bisimulation_candidate	has_aspect	has_counterfactual;from_aspect	has_counterfactual;to_aspect	has_counterfactual;shared_in	witness_arena	-1	negative_shift	#B74A21	1.287258	0x43302b956d491a9b
642	642	46	color_space_object	exa_loop_object	colored_bisimulation_candidate	has_aspect	has_counterfactual;from_aspect	has_counterfactual;to_aspect	has_counterfactual;shared_in	witness_arena	0	same_trit_relabel	#E58AA1	0.688635	0xcb406080e23aea8b
643	643	46	color_space_object	aqua_hygiene_object	colored_bisimulation_candidate	has_aspect	has_counterfactual;from_aspect	has_counterfactual;to_aspect	has_counterfactual;shared_in	witness_arena	1	positive_shift	#BF872D	0.83162	0x50b0d490261b9bec
644	644	46	color_space_object	scip_catcolab_object	colored_bisimulation_candidate	has_aspect	has_counterfactual;from_aspect	has_counterfactual;to_aspect	has_counterfactual;shared_in	witness_arena	-1	negative_shift	#F14B46	0.9122	0xfea3594bb16889c9
645	645	47	trit_tick_object	color_space_object	colored_bisimulation_candidate	has_aspect	has_counterfactual;from_aspect	has_counterfactual;to_aspect	has_counterfactual;shared_in	witness_arena	-1	negative_shift	#45C30C	1.176835	0xb7424b636b486d90
646	646	47	trit_tick_object	rng_determinism_object	colored_bisimulation_candidate	has_aspect	has_counterfactual;from_aspect	has_counterfactual;to_aspect	has_counterfactual;shared_in	witness_arena	1	positive_shift	#5E60A4	1.420429	0xc4cae94e0c60b7e1
647	647	47	trit_tick_object	parallel_invariance_object	colored_bisimulation_candidate	has_aspect	has_counterfactual;from_aspect	has_counterfactual;to_aspect	has_counterfactual;shared_in	witness_arena	-1	negative_shift	#D1FCC5	1.055254	0xed16ba680600e336
648	648	47	trit_tick_object	palette_interface_object	colored_bisimulation_candidate	has_aspect	has_counterfactual;from_aspect	has_counterfactual;to_aspect	has_counterfactual;shared_in	witness_arena	0	same_trit_relabel	#67A609	0.188806	0x0bcdbae930318bfc
649	649	47	trit_tick_object	lisp_semantics_object	colored_bisimulation_candidate	has_aspect	has_counterfactual;from_aspect	has_counterfactual;to_aspect	has_counterfactual;shared_in	witness_arena	1	positive_shift	#12C21E	0.768097	0xe07fec4ad8b09a5f
650	650	47	trit_tick_object	entropy_source_object	colored_bisimulation_candidate	has_aspect	has_counterfactual;from_aspect	has_counterfactual;to_aspect	has_counterfactual;shared_in	witness_arena	-1	negative_shift	#088F46	0.95033	0x2f033db06c6aea30
651	651	47	trit_tick_object	propagator_cell_object	colored_bisimulation_candidate	has_aspect	has_counterfactual;from_aspect	has_counterfactual;to_aspect	has_counterfactual;shared_in	witness_arena	0	same_trit_relabel	#FBD8FA	0.919497	0x1b75fc966f44dfb7
652	652	47	trit_tick_object	abductive_world_object	colored_bisimulation_candidate	has_aspect	has_counterfactual;from_aspect	has_counterfactual;to_aspect	has_counterfactual;shared_in	witness_arena	1	positive_shift	#3CCD7E	1.041337	0x3bb0e47c335c37e4
653	653	47	trit_tick_object	fuzz_soundness_object	colored_bisimulation_candidate	has_aspect	has_counterfactual;from_aspect	has_counterfactual;to_aspect	has_counterfactual;shared_in	witness_arena	-1	negative_shift	#12DB87	1.24545	0xa0d8741f3f14333b
654	654	47	trit_tick_object	ternary_regression_object	colored_bisimulation_candidate	has_aspect	has_counterfactual;from_aspect	has_counterfactual;to_aspect	has_counterfactual;shared_in	witness_arena	0	same_trit_relabel	#FAAD9C	0.748044	0x3a33ed88a4f3afe6
655	655	47	trit_tick_object	nonriemannian_gate_object	colored_bisimulation_candidate	has_aspect	has_counterfactual;from_aspect	has_counterfactual;to_aspect	has_counterfactual;shared_in	witness_arena	1	positive_shift	#93289E	1.178802	0xbdb97ffed7ee86e7
656	656	47	trit_tick_object	exa_loop_object	colored_bisimulation_candidate	has_aspect	has_counterfactual;from_aspect	has_counterfactual;to_aspect	has_counterfactual;shared_in	witness_arena	-1	negative_shift	#18AEAC	1.005674	0x0fd74b7e3db09924
657	657	47	trit_tick_object	aqua_hygiene_object	colored_bisimulation_candidate	has_aspect	has_counterfactual;from_aspect	has_counterfactual;to_aspect	has_counterfactual;shared_in	witness_arena	0	same_trit_relabel	#23CF36	0.527024	0x1a225f31542ce4bc
658	658	47	trit_tick_object	scip_catcolab_object	colored_bisimulation_candidate	has_aspect	has_counterfactual;from_aspect	has_counterfactual;to_aspect	has_counterfactual;shared_in	witness_arena	1	positive_shift	#62AEF8	0.619715	0xd2571b8e55ae8f11
659	659	48	rng_determinism_object	color_space_object	colored_bisimulation_candidate	has_aspect	has_counterfactual;from_aspect	has_counterfactual;to_aspect	has_counterfactual;shared_in	witness_arena	1	positive_shift	#6E3239	1.352949	0x98f96db7bb8d118d
660	660	48	rng_determinism_object	trit_tick_object	colored_bisimulation_candidate	has_aspect	has_counterfactual;from_aspect	has_counterfactual;to_aspect	has_counterfactual;shared_in	witness_arena	-1	negative_shift	#28502C	1.29933	0x294481e0e8864f10
661	661	48	rng_determinism_object	parallel_invariance_object	colored_bisimulation_candidate	has_aspect	has_counterfactual;from_aspect	has_counterfactual;to_aspect	has_counterfactual;shared_in	witness_arena	1	positive_shift	#A1D1A3	0.369061	0x7d91dc51f1c0643f
662	662	48	rng_determinism_object	palette_interface_object	colored_bisimulation_candidate	has_aspect	has_counterfactual;from_aspect	has_counterfactual;to_aspect	has_counterfactual;shared_in	witness_arena	-1	negative_shift	#C95C92	1.142508	0x82c68df0f90434de
663	663	48	rng_determinism_object	lisp_semantics_object	colored_bisimulation_candidate	has_aspect	has_counterfactual;from_aspect	has_counterfactual;to_aspect	has_counterfactual;shared_in	witness_arena	0	same_trit_relabel	#1B488A	0.64334	0xa32121a1ea9966eb
664	664	48	rng_determinism_object	entropy_source_object	colored_bisimulation_candidate	has_aspect	has_counterfactual;from_aspect	has_counterfactual;to_aspect	has_counterfactual;shared_in	witness_arena	1	positive_shift	#93EF2A	0.612509	0x9752485c100a2fb7
665	665	48	rng_determinism_object	propagator_cell_object	colored_bisimulation_candidate	has_aspect	has_counterfactual;from_aspect	has_counterfactual;to_aspect	has_counterfactual;shared_in	witness_arena	-1	negative_shift	#DFE041	1.12192	0xa169e9a9eab5c55b
666	666	48	rng_determinism_object	abductive_world_object	colored_bisimulation_candidate	has_aspect	has_counterfactual;from_aspect	has_counterfactual;to_aspect	has_counterfactual;shared_in	witness_arena	0	same_trit_relabel	#ACDF92	0.738391	0xe1ef8751953c2905
667	667	48	rng_determinism_object	fuzz_soundness_object	colored_bisimulation_candidate	has_aspect	has_counterfactual;from_aspect	has_counterfactual;to_aspect	has_counterfactual;shared_in	witness_arena	1	positive_shift	#008EF4	1.086703	0xe8a4003a4fcce50a
668	668	48	rng_determinism_object	ternary_regression_object	colored_bisimulation_candidate	has_aspect	has_counterfactual;from_aspect	has_counterfactual;to_aspect	has_counterfactual;shared_in	witness_arena	-1	negative_shift	#3D7AC1	1.481396	0x80d4ceab15c35a85
669	669	48	rng_determinism_object	nonriemannian_gate_object	colored_bisimulation_candidate	has_aspect	has_counterfactual;from_aspect	has_counterfactual;to_aspect	has_counterfactual;shared_in	witness_arena	0	same_trit_relabel	#BDBBB9	0.811499	0xdee47b2fb3e54d40
670	670	48	rng_determinism_object	exa_loop_object	colored_bisimulation_candidate	has_aspect	has_counterfactual;from_aspect	has_counterfactual;to_aspect	has_counterfactual;shared_in	witness_arena	1	positive_shift	#22F4BE	1.136231	0xa3fd3f83aa5ad650
671	671	48	rng_determinism_object	aqua_hygiene_object	colored_bisimulation_candidate	has_aspect	has_counterfactual;from_aspect	has_counterfactual;to_aspect	has_counterfactual;shared_in	witness_arena	-1	negative_shift	#0F18C6	1.182649	0x04d74599bde51710
672	672	48	rng_determinism_object	scip_catcolab_object	colored_bisimulation_candidate	has_aspect	has_counterfactual;from_aspect	has_counterfactual;to_aspect	has_counterfactual;shared_in	witness_arena	0	same_trit_relabel	#7E2840	0.712615	0xde1db3c64503687f
673	673	49	parallel_invariance_object	color_space_object	colored_bisimulation_candidate	has_aspect	has_counterfactual;from_aspect	has_counterfactual;to_aspect	has_counterfactual;shared_in	witness_arena	0	same_trit_relabel	#183485	0.804543	0xf028c8a08f06740e
674	674	49	parallel_invariance_object	trit_tick_object	colored_bisimulation_candidate	has_aspect	has_counterfactual;from_aspect	has_counterfactual;to_aspect	has_counterfactual;shared_in	witness_arena	1	positive_shift	#3585FF	1.087958	0xc2bff5a34b6bc085
675	675	49	parallel_invariance_object	rng_determinism_object	colored_bisimulation_candidate	has_aspect	has_counterfactual;from_aspect	has_counterfactual;to_aspect	has_counterfactual;shared_in	witness_arena	-1	negative_shift	#F943B1	1.304537	0x095df1e6d385f4d2
676	676	49	parallel_invariance_object	palette_interface_object	colored_bisimulation_candidate	has_aspect	has_counterfactual;from_aspect	has_counterfactual;to_aspect	has_counterfactual;shared_in	witness_arena	1	positive_shift	#438C06	0.40046	0x2c7c25ba0fdaabc1
677	677	49	parallel_invariance_object	lisp_semantics_object	colored_bisimulation_candidate	has_aspect	has_counterfactual;from_aspect	has_counterfactual;to_aspect	has_counterfactual;shared_in	witness_arena	-1	negative_shift	#6F17F5	0.667381	0x7f49a505b40610aa
678	678	49	parallel_invariance_object	entropy_source_object	colored_bisimulation_candidate	has_aspect	has_counterfactual;from_aspect	has_counterfactual;to_aspect	has_counterfactual;shared_in	witness_arena	0	same_trit_relabel	#3ABE88	0.613935	0x7ce25665294da5c5
679	679	49	parallel_invariance_object	propagator_cell_object	colored_bisimulation_candidate	has_aspect	has_counterfactual;from_aspect	has_counterfactual;to_aspect	has_counterfactual;shared_in	witness_arena	1	positive_shift	#5589A7	1.144691	0xc21425741645cafe
680	680	49	parallel_invariance_object	abductive_world_object	colored_bisimulation_candidate	has_aspect	has_counterfactual;from_aspect	has_counterfactual;to_aspect	has_counterfactual;shared_in	witness_arena	-1	negative_shift	#E1D87B	1.085662	0x2b5d53ca202574ce
681	681	49	parallel_invariance_object	fuzz_soundness_object	colored_bisimulation_candidate	has_aspect	has_counterfactual;from_aspect	has_counterfactual;to_aspect	has_counterfactual;shared_in	witness_arena	0	same_trit_relabel	#48C536	0.815432	0xb8ed76b4d52b802d
682	682	49	parallel_invariance_object	ternary_regression_object	colored_bisimulation_candidate	has_aspect	has_counterfactual;from_aspect	has_counterfactual;to_aspect	has_counterfactual;shared_in	witness_arena	1	positive_shift	#EC6698	0.922052	0xcebb891da0735f28
683	683	49	parallel_invariance_object	nonriemannian_gate_object	colored_bisimulation_candidate	has_aspect	has_counterfactual;from_aspect	has_counterfactual;to_aspect	has_counterfactual;shared_in	witness_arena	-1	negative_shift	#117532	1.083594	0x1acb17bf551a0bb3
684	684	49	parallel_invariance_object	exa_loop_object	colored_bisimulation_candidate	has_aspect	has_counterfactual;from_aspect	has_counterfactual;to_aspect	has_counterfactual;shared_in	witness_arena	0	same_trit_relabel	#23B7E4	0.599128	0x3a571902a3a9992f
685	685	49	parallel_invariance_object	aqua_hygiene_object	colored_bisimulation_candidate	has_aspect	has_counterfactual;from_aspect	has_counterfactual;to_aspect	has_counterfactual;shared_in	witness_arena	1	positive_shift	#AD333D	0.822289	0x09116f0090acc3f0
686	686	49	parallel_invariance_object	scip_catcolab_object	colored_bisimulation_candidate	has_aspect	has_counterfactual;from_aspect	has_counterfactual;to_aspect	has_counterfactual;shared_in	witness_arena	-1	negative_shift	#A8B724	0.736969	0xdd158c7a680a8f68
687	687	50	palette_interface_object	color_space_object	colored_bisimulation_candidate	has_aspect	has_counterfactual;from_aspect	has_counterfactual;to_aspect	has_counterfactual;shared_in	witness_arena	-1	negative_shift	#D3936A	1.212377	0x6938da71145a6faa
688	688	50	palette_interface_object	trit_tick_object	colored_bisimulation_candidate	has_aspect	has_counterfactual;from_aspect	has_counterfactual;to_aspect	has_counterfactual;shared_in	witness_arena	0	same_trit_relabel	#2648D4	0.642144	0x498ffa023f07a8eb
689	689	50	palette_interface_object	rng_determinism_object	colored_bisimulation_candidate	has_aspect	has_counterfactual;from_aspect	has_counterfactual;to_aspect	has_counterfactual;shared_in	witness_arena	1	positive_shift	#B3C177	0.716886	0x189b40c897265a96
690	690	50	palette_interface_object	parallel_invariance_object	colored_bisimulation_candidate	has_aspect	has_counterfactual;from_aspect	has_counterfactual;to_aspect	has_counterfactual;shared_in	witness_arena	-1	negative_shift	#D83341	0.975777	0xe16f8e004a38bfd4
691	691	50	palette_interface_object	lisp_semantics_object	colored_bisimulation_candidate	has_aspect	has_counterfactual;from_aspect	has_counterfactual;to_aspect	has_counterfactual;shared_in	witness_arena	1	positive_shift	#AD225A	0.954998	0x442399da89908c45
692	692	50	palette_interface_object	entropy_source_object	colored_bisimulation_candidate	has_aspect	has_counterfactual;from_aspect	has_counterfactual;to_aspect	has_counterfactual;shared_in	witness_arena	-1	negative_shift	#6C7673	0.828896	0x4c1cc736768b15e2
693	693	50	palette_interface_object	propagator_cell_object	colored_bisimulation_candidate	has_aspect	has_counterfactual;from_aspect	has_counterfactual;to_aspect	has_counterfactual;shared_in	witness_arena	0	same_trit_relabel	#C843C2	0.271864	0xedbcfb80ac985251
694	694	50	palette_interface_object	abductive_world_object	colored_bisimulation_candidate	has_aspect	has_counterfactual;from_aspect	has_counterfactual;to_aspect	has_counterfactual;shared_in	witness_arena	1	positive_shift	#4E9A07	1.222224	0x2cc51228d20190b8
695	695	50	palette_interface_object	fuzz_soundness_object	colored_bisimulation_candidate	has_aspect	has_counterfactual;from_aspect	has_counterfactual;to_aspect	has_counterfactual;shared_in	witness_arena	-1	negative_shift	#549B2D	0.7424	0xbb7e9f7b8e09cbd7
696	696	50	palette_interface_object	ternary_regression_object	colored_bisimulation_candidate	has_aspect	has_counterfactual;from_aspect	has_counterfactual;to_aspect	has_counterfactual;shared_in	witness_arena	0	same_trit_relabel	#B7BC48	0.852371	0xb7e7346fa268f600
697	697	50	palette_interface_object	nonriemannian_gate_object	colored_bisimulation_candidate	has_aspect	has_counterfactual;from_aspect	has_counterfactual;to_aspect	has_counterfactual;shared_in	witness_arena	1	positive_shift	#1905E3	0.702419	0x10164370c976d31b
698	698	50	palette_interface_object	exa_loop_object	colored_bisimulation_candidate	has_aspect	has_counterfactual;from_aspect	has_counterfactual;to_aspect	has_counterfactual;shared_in	witness_arena	-1	negative_shift	#CD9674	0.929579	0xd372cb4a25c637d0
699	699	50	palette_interface_object	aqua_hygiene_object	colored_bisimulation_candidate	has_aspect	has_counterfactual;from_aspect	has_counterfactual;to_aspect	has_counterfactual;shared_in	witness_arena	0	same_trit_relabel	#D99BB7	0.821248	0x509907d7a35424a5
700	700	50	palette_interface_object	scip_catcolab_object	colored_bisimulation_candidate	has_aspect	has_counterfactual;from_aspect	has_counterfactual;to_aspect	has_counterfactual;shared_in	witness_arena	1	positive_shift	#55DBDB	1.335476	0x242bc7044bb7ce23
701	701	51	lisp_semantics_object	color_space_object	colored_bisimulation_candidate	has_aspect	has_counterfactual;from_aspect	has_counterfactual;to_aspect	has_counterfactual;shared_in	witness_arena	1	positive_shift	#53871B	1.088111	0x394915d852c6bd92
702	702	51	lisp_semantics_object	trit_tick_object	colored_bisimulation_candidate	has_aspect	has_counterfactual;from_aspect	has_counterfactual;to_aspect	has_counterfactual;shared_in	witness_arena	-1	negative_shift	#5994B6	1.072952	0x1f79c8625faaa488
703	703	51	lisp_semantics_object	rng_determinism_object	colored_bisimulation_candidate	has_aspect	has_counterfactual;from_aspect	has_counterfactual;to_aspect	has_counterfactual;shared_in	witness_arena	0	same_trit_relabel	#1D5BDC	0.880722	0x72c701c2c7c4812f
704	704	51	lisp_semantics_object	parallel_invariance_object	colored_bisimulation_candidate	has_aspect	has_counterfactual;from_aspect	has_counterfactual;to_aspect	has_counterfactual;shared_in	witness_arena	1	positive_shift	#9A9C7C	0.581169	0x4270130c502156db
705	705	51	lisp_semantics_object	palette_interface_object	colored_bisimulation_candidate	has_aspect	has_counterfactual;from_aspect	has_counterfactual;to_aspect	has_counterfactual;shared_in	witness_arena	-1	negative_shift	#A31D50	1.015472	0xb35caa474b0945e4
706	706	51	lisp_semantics_object	entropy_source_object	colored_bisimulation_candidate	has_aspect	has_counterfactual;from_aspect	has_counterfactual;to_aspect	has_counterfactual;shared_in	witness_arena	1	positive_shift	#72947A	0.656357	0x036d4c12852165d4
707	707	51	lisp_semantics_object	propagator_cell_object	colored_bisimulation_candidate	has_aspect	has_counterfactual;from_aspect	has_counterfactual;to_aspect	has_counterfactual;shared_in	witness_arena	-1	negative_shift	#13D88C	1.085866	0xadc4c3b602a82ca2
708	708	51	lisp_semantics_object	abductive_world_object	colored_bisimulation_candidate	has_aspect	has_counterfactual;from_aspect	has_counterfactual;to_aspect	has_counterfactual;shared_in	witness_arena	0	same_trit_relabel	#563E5B	0.474137	0x59f40b74470cafd2
709	709	51	lisp_semantics_object	fuzz_soundness_object	colored_bisimulation_candidate	has_aspect	has_counterfactual;from_aspect	has_counterfactual;to_aspect	has_counterfactual;shared_in	witness_arena	1	positive_shift	#12ADD9	1.121588	0xe02d978fca438b82
710	710	51	lisp_semantics_object	ternary_regression_object	colored_bisimulation_candidate	has_aspect	has_counterfactual;from_aspect	has_counterfactual;to_aspect	has_counterfactual;shared_in	witness_arena	-1	negative_shift	#F131CD	1.324249	0x746da72c9af26cce
711	711	51	lisp_semantics_object	nonriemannian_gate_object	colored_bisimulation_candidate	has_aspect	has_counterfactual;from_aspect	has_counterfactual;to_aspect	has_counterfactual;shared_in	witness_arena	0	same_trit_relabel	#CF4016	0.640502	0x2eb140185876c8a1
712	712	51	lisp_semantics_object	exa_loop_object	colored_bisimulation_candidate	has_aspect	has_counterfactual;from_aspect	has_counterfactual;to_aspect	has_counterfactual;shared_in	witness_arena	1	positive_shift	#DC7611	0.908228	0x971d48dace8616b1
713	713	51	lisp_semantics_object	aqua_hygiene_object	colored_bisimulation_candidate	has_aspect	has_counterfactual;from_aspect	has_counterfactual;to_aspect	has_counterfactual;shared_in	witness_arena	-1	negative_shift	#120E17	0.944268	0xe76b74685f216f51
714	714	51	lisp_semantics_object	scip_catcolab_object	colored_bisimulation_candidate	has_aspect	has_counterfactual;from_aspect	has_counterfactual;to_aspect	has_counterfactual;shared_in	witness_arena	0	same_trit_relabel	#0D4490	0.547814	0x13e4f7089d4841b7
715	715	52	entropy_source_object	color_space_object	colored_bisimulation_candidate	has_aspect	has_counterfactual;from_aspect	has_counterfactual;to_aspect	has_counterfactual;shared_in	witness_arena	0	same_trit_relabel	#94611E	0.528787	0x93d213cbc267dda2
716	716	52	entropy_source_object	trit_tick_object	colored_bisimulation_candidate	has_aspect	has_counterfactual;from_aspect	has_counterfactual;to_aspect	has_counterfactual;shared_in	witness_arena	1	positive_shift	#F578D7	0.967234	0x21f3dfde51aa5e77
717	717	52	entropy_source_object	rng_determinism_object	colored_bisimulation_candidate	has_aspect	has_counterfactual;from_aspect	has_counterfactual;to_aspect	has_counterfactual;shared_in	witness_arena	-1	negative_shift	#93CA49	1.267869	0xd137e573e001ee07
718	718	52	entropy_source_object	parallel_invariance_object	colored_bisimulation_candidate	has_aspect	has_counterfactual;from_aspect	has_counterfactual;to_aspect	has_counterfactual;shared_in	witness_arena	0	same_trit_relabel	#4BAC23	0.547982	0xb27c9800132fa3b3
719	719	52	entropy_source_object	palette_interface_object	colored_bisimulation_candidate	has_aspect	has_counterfactual;from_aspect	has_counterfactual;to_aspect	has_counterfactual;shared_in	witness_arena	1	positive_shift	#E269EC	1.009176	0xa00f98f7952c8f76
720	720	52	entropy_source_object	lisp_semantics_object	colored_bisimulation_candidate	has_aspect	has_counterfactual;from_aspect	has_counterfactual;to_aspect	has_counterfactual;shared_in	witness_arena	-1	negative_shift	#FBC32D	1.057179	0x3e69c5abc63bf2b8
721	721	52	entropy_source_object	propagator_cell_object	colored_bisimulation_candidate	has_aspect	has_counterfactual;from_aspect	has_counterfactual;to_aspect	has_counterfactual;shared_in	witness_arena	1	positive_shift	#40C7E0	1.243323	0x5755209a71cd0a50
722	722	52	entropy_source_object	abductive_world_object	colored_bisimulation_candidate	has_aspect	has_counterfactual;from_aspect	has_counterfactual;to_aspect	has_counterfactual;shared_in	witness_arena	-1	negative_shift	#1A8B4C	0.50436	0x01ecbbf2be720a88
723	723	52	entropy_source_object	fuzz_soundness_object	colored_bisimulation_candidate	has_aspect	has_counterfactual;from_aspect	has_counterfactual;to_aspect	has_counterfactual;shared_in	witness_arena	0	same_trit_relabel	#49E2F9	0.996518	0xd6293f60fce662b4
724	724	52	entropy_source_object	ternary_regression_object	colored_bisimulation_candidate	has_aspect	has_counterfactual;from_aspect	has_counterfactual;to_aspect	has_counterfactual;shared_in	witness_arena	1	positive_shift	#B7EFB4	1.292019	0xf2f2682ac7e96d89
725	725	52	entropy_source_object	nonriemannian_gate_object	colored_bisimulation_candidate	has_aspect	has_counterfactual;from_aspect	has_counterfactual;to_aspect	has_counterfactual;shared_in	witness_arena	-1	negative_shift	#FDC3B6	0.99031	0xf1fcd74c5c6c6dd1
726	726	52	entropy_source_object	exa_loop_object	colored_bisimulation_candidate	has_aspect	has_counterfactual;from_aspect	has_counterfactual;to_aspect	has_counterfactual;shared_in	witness_arena	0	same_trit_relabel	#4D7766	0.48477	0x51135746f748127b
727	727	52	entropy_source_object	aqua_hygiene_object	colored_bisimulation_candidate	has_aspect	has_counterfactual;from_aspect	has_counterfactual;to_aspect	has_counterfactual;shared_in	witness_arena	1	positive_shift	#1B1492	0.77929	0x1e04cbd1a666b908
728	728	52	entropy_source_object	scip_catcolab_object	colored_bisimulation_candidate	has_aspect	has_counterfactual;from_aspect	has_counterfactual;to_aspect	has_counterfactual;shared_in	witness_arena	-1	negative_shift	#B84CCA	0.789248	0x9b85f9db82d682bf
729	729	53	propagator_cell_object	color_space_object	colored_bisimulation_candidate	has_aspect	has_counterfactual;from_aspect	has_counterfactual;to_aspect	has_counterfactual;shared_in	witness_arena	-1	negative_shift	#2CCC0E	0.765578	0xdf4ec36edc3dedbf
730	730	53	propagator_cell_object	trit_tick_object	colored_bisimulation_candidate	has_aspect	has_counterfactual;from_aspect	has_counterfactual;to_aspect	has_counterfactual;shared_in	witness_arena	0	same_trit_relabel	#4C71B2	0.115403	0xd1836acfca85bcac
731	731	53	propagator_cell_object	rng_determinism_object	colored_bisimulation_candidate	has_aspect	has_counterfactual;from_aspect	has_counterfactual;to_aspect	has_counterfactual;shared_in	witness_arena	1	positive_shift	#4CF1EC	0.723938	0x5025dccd5349953d
732	732	53	propagator_cell_object	parallel_invariance_object	colored_bisimulation_candidate	has_aspect	has_counterfactual;from_aspect	has_counterfactual;to_aspect	has_counterfactual;shared_in	witness_arena	-1	negative_shift	#1BD999	1.275726	0x6f8dc1179b01fe4a
733	733	53	propagator_cell_object	palette_interface_object	colored_bisimulation_candidate	has_aspect	has_counterfactual;from_aspect	has_counterfactual;to_aspect	has_counterfactual;shared_in	witness_arena	0	same_trit_relabel	#72E22B	0.720097	0xe37c47670e9d0e49
734	734	53	propagator_cell_object	lisp_semantics_object	colored_bisimulation_candidate	has_aspect	has_counterfactual;from_aspect	has_counterfactual;to_aspect	has_counterfactual;shared_in	witness_arena	1	positive_shift	#98587C	1.001256	0x6d786c69d6f37859
735	735	53	propagator_cell_object	entropy_source_object	colored_bisimulation_candidate	has_aspect	has_counterfactual;from_aspect	has_counterfactual;to_aspect	has_counterfactual;shared_in	witness_arena	-1	negative_shift	#8A9B5F	1.115625	0xa9c42abaa008f82a
736	736	53	propagator_cell_object	abductive_world_object	colored_bisimulation_candidate	has_aspect	has_counterfactual;from_aspect	has_counterfactual;to_aspect	has_counterfactual;shared_in	witness_arena	1	positive_shift	#4A2DFC	1.036301	0x50364f2f1816d713
737	737	53	propagator_cell_object	fuzz_soundness_object	colored_bisimulation_candidate	has_aspect	has_counterfactual;from_aspect	has_counterfactual;to_aspect	has_counterfactual;shared_in	witness_arena	-1	negative_shift	#A4C65D	1.112513	0x8e36d655ebc28e71
738	738	53	propagator_cell_object	ternary_regression_object	colored_bisimulation_candidate	has_aspect	has_counterfactual;from_aspect	has_counterfactual;to_aspect	has_counterfactual;shared_in	witness_arena	0	same_trit_relabel	#92C52D	0.470784	0x1599ada81037d226
739	739	53	propagator_cell_object	nonriemannian_gate_object	colored_bisimulation_candidate	has_aspect	has_counterfactual;from_aspect	has_counterfactual;to_aspect	has_counterfactual;shared_in	witness_arena	1	positive_shift	#F5DC5D	0.549874	0xa3fbcf65d58b3455
740	740	53	propagator_cell_object	exa_loop_object	colored_bisimulation_candidate	has_aspect	has_counterfactual;from_aspect	has_counterfactual;to_aspect	has_counterfactual;shared_in	witness_arena	-1	negative_shift	#25088D	0.576407	0x7652d043be843a8a
741	741	53	propagator_cell_object	aqua_hygiene_object	colored_bisimulation_candidate	has_aspect	has_counterfactual;from_aspect	has_counterfactual;to_aspect	has_counterfactual;shared_in	witness_arena	0	same_trit_relabel	#ABEE57	0.467621	0x117caa60452a83a6
742	742	53	propagator_cell_object	scip_catcolab_object	colored_bisimulation_candidate	has_aspect	has_counterfactual;from_aspect	has_counterfactual;to_aspect	has_counterfactual;shared_in	witness_arena	1	positive_shift	#35AF80	1.186858	0x0fcc17910a83670b
743	743	54	abductive_world_object	color_space_object	colored_bisimulation_candidate	has_aspect	has_counterfactual;from_aspect	has_counterfactual;to_aspect	has_counterfactual;shared_in	witness_arena	1	positive_shift	#E5556B	1.179429	0x7df79464c10c1f44
744	744	54	abductive_world_object	trit_tick_object	colored_bisimulation_candidate	has_aspect	has_counterfactual;from_aspect	has_counterfactual;to_aspect	has_counterfactual;shared_in	witness_arena	-1	negative_shift	#CB57CB	0.880684	0xdfbaf32e5a9232ac
745	745	54	abductive_world_object	rng_determinism_object	colored_bisimulation_candidate	has_aspect	has_counterfactual;from_aspect	has_counterfactual;to_aspect	has_counterfactual;shared_in	witness_arena	0	same_trit_relabel	#F01A08	0.303915	0xbc619463d260375d
746	746	54	abductive_world_object	parallel_invariance_object	colored_bisimulation_candidate	has_aspect	has_counterfactual;from_aspect	has_counterfactual;to_aspect	has_counterfactual;shared_in	witness_arena	1	positive_shift	#665D04	1.237967	0x48aae3a713626b61
747	747	54	abductive_world_object	palette_interface_object	colored_bisimulation_candidate	has_aspect	has_counterfactual;from_aspect	has_counterfactual;to_aspect	has_counterfactual;shared_in	witness_arena	-1	negative_shift	#0FAD39	1.081983	0x13c6ee2ba3ff9a03
748	748	54	abductive_world_object	lisp_semantics_object	colored_bisimulation_candidate	has_aspect	has_counterfactual;from_aspect	has_counterfactual;to_aspect	has_counterfactual;shared_in	witness_arena	0	same_trit_relabel	#747B12	0.511069	0x039192da1eca9d5a
749	749	54	abductive_world_object	entropy_source_object	colored_bisimulation_candidate	has_aspect	has_counterfactual;from_aspect	has_counterfactual;to_aspect	has_counterfactual;shared_in	witness_arena	1	positive_shift	#D966BB	1.010994	0x7ef3358a01797654
750	750	54	abductive_world_object	propagator_cell_object	colored_bisimulation_candidate	has_aspect	has_counterfactual;from_aspect	has_counterfactual;to_aspect	has_counterfactual;shared_in	witness_arena	-1	negative_shift	#351AF9	0.572581	0x5a5e03c33a22d8dc
751	751	54	abductive_world_object	fuzz_soundness_object	colored_bisimulation_candidate	has_aspect	has_counterfactual;from_aspect	has_counterfactual;to_aspect	has_counterfactual;shared_in	witness_arena	1	positive_shift	#7B7854	0.741195	0x0a76d56d459ec9a6
752	752	54	abductive_world_object	ternary_regression_object	colored_bisimulation_candidate	has_aspect	has_counterfactual;from_aspect	has_counterfactual;to_aspect	has_counterfactual;shared_in	witness_arena	-1	negative_shift	#9B82F4	0.820193	0xed87e8e4bd86b338
753	753	54	abductive_world_object	nonriemannian_gate_object	colored_bisimulation_candidate	has_aspect	has_counterfactual;from_aspect	has_counterfactual;to_aspect	has_counterfactual;shared_in	witness_arena	0	same_trit_relabel	#38EDB9	0.350361	0x9b6c56e0d15af257
754	754	54	abductive_world_object	exa_loop_object	colored_bisimulation_candidate	has_aspect	has_counterfactual;from_aspect	has_counterfactual;to_aspect	has_counterfactual;shared_in	witness_arena	1	positive_shift	#AC589E	0.877189	0x3b2c147fd04383a2
755	755	54	abductive_world_object	aqua_hygiene_object	colored_bisimulation_candidate	has_aspect	has_counterfactual;from_aspect	has_counterfactual;to_aspect	has_counterfactual;shared_in	witness_arena	-1	negative_shift	#4020C8	1.077543	0x1a6ade1ac8085300
756	756	54	abductive_world_object	scip_catcolab_object	colored_bisimulation_candidate	has_aspect	has_counterfactual;from_aspect	has_counterfactual;to_aspect	has_counterfactual;shared_in	witness_arena	0	same_trit_relabel	#1EFB43	0.996526	0x2b1784dd12c176d9
757	757	55	fuzz_soundness_object	color_space_object	colored_bisimulation_candidate	has_aspect	has_counterfactual;from_aspect	has_counterfactual;to_aspect	has_counterfactual;shared_in	witness_arena	0	same_trit_relabel	#CBA7FC	0.799413	0xd0d1daecb780078c
758	758	55	fuzz_soundness_object	trit_tick_object	colored_bisimulation_candidate	has_aspect	has_counterfactual;from_aspect	has_counterfactual;to_aspect	has_counterfactual;shared_in	witness_arena	1	positive_shift	#A565B3	1.081603	0xdfd5974e9966b410
759	759	55	fuzz_soundness_object	rng_determinism_object	colored_bisimulation_candidate	has_aspect	has_counterfactual;from_aspect	has_counterfactual;to_aspect	has_counterfactual;shared_in	witness_arena	-1	negative_shift	#BFBE91	1.324094	0x7c37773437f72df8
760	760	55	fuzz_soundness_object	parallel_invariance_object	colored_bisimulation_candidate	has_aspect	has_counterfactual;from_aspect	has_counterfactual;to_aspect	has_counterfactual;shared_in	witness_arena	0	same_trit_relabel	#9EA32D	0.936171	0x2130937a06f5a9d3
761	761	55	fuzz_soundness_object	palette_interface_object	colored_bisimulation_candidate	has_aspect	has_counterfactual;from_aspect	has_counterfactual;to_aspect	has_counterfactual;shared_in	witness_arena	1	positive_shift	#444F42	0.497197	0xb9438f0e60541cb1
762	762	55	fuzz_soundness_object	lisp_semantics_object	colored_bisimulation_candidate	has_aspect	has_counterfactual;from_aspect	has_counterfactual;to_aspect	has_counterfactual;shared_in	witness_arena	-1	negative_shift	#66B804	0.777372	0xaa81a56ce80afd29
763	763	55	fuzz_soundness_object	entropy_source_object	colored_bisimulation_candidate	has_aspect	has_counterfactual;from_aspect	has_counterfactual;to_aspect	has_counterfactual;shared_in	witness_arena	0	same_trit_relabel	#04F74B	0.767646	0x29d8599bc8736188
764	764	55	fuzz_soundness_object	propagator_cell_object	colored_bisimulation_candidate	has_aspect	has_counterfactual;from_aspect	has_counterfactual;to_aspect	has_counterfactual;shared_in	witness_arena	1	positive_shift	#2FD11D	1.206523	0xd9c62e2260d47946
765	765	55	fuzz_soundness_object	abductive_world_object	colored_bisimulation_candidate	has_aspect	has_counterfactual;from_aspect	has_counterfactual;to_aspect	has_counterfactual;shared_in	witness_arena	-1	negative_shift	#F18A0D	1.161565	0x5550e9321f71e29d
766	766	55	fuzz_soundness_object	ternary_regression_object	colored_bisimulation_candidate	has_aspect	has_counterfactual;from_aspect	has_counterfactual;to_aspect	has_counterfactual;shared_in	witness_arena	1	positive_shift	#DB6E5C	0.822477	0x7a54e622aaddd83c
767	767	55	fuzz_soundness_object	nonriemannian_gate_object	colored_bisimulation_candidate	has_aspect	has_counterfactual;from_aspect	has_counterfactual;to_aspect	has_counterfactual;shared_in	witness_arena	-1	negative_shift	#968B30	1.119556	0xd8dafe73011bee59
768	768	55	fuzz_soundness_object	exa_loop_object	colored_bisimulation_candidate	has_aspect	has_counterfactual;from_aspect	has_counterfactual;to_aspect	has_counterfactual;shared_in	witness_arena	0	same_trit_relabel	#14FA56	0.624601	0x69be03ab2502f84c
769	769	55	fuzz_soundness_object	aqua_hygiene_object	colored_bisimulation_candidate	has_aspect	has_counterfactual;from_aspect	has_counterfactual;to_aspect	has_counterfactual;shared_in	witness_arena	1	positive_shift	#C3C71C	0.833898	0xa73d4fb3cb7f3ae4
770	770	55	fuzz_soundness_object	scip_catcolab_object	colored_bisimulation_candidate	has_aspect	has_counterfactual;from_aspect	has_counterfactual;to_aspect	has_counterfactual;shared_in	witness_arena	-1	negative_shift	#C362AB	0.8414	0x952d238359ecdafd
771	771	56	ternary_regression_object	color_space_object	colored_bisimulation_candidate	has_aspect	has_counterfactual;from_aspect	has_counterfactual;to_aspect	has_counterfactual;shared_in	witness_arena	-1	negative_shift	#6F0CDE	1.158253	0x8d733fdb0857c576
772	772	56	ternary_regression_object	trit_tick_object	colored_bisimulation_candidate	has_aspect	has_counterfactual;from_aspect	has_counterfactual;to_aspect	has_counterfactual;shared_in	witness_arena	0	same_trit_relabel	#792455	0.644928	0x2fd0082e1d3b66bc
773	773	56	ternary_regression_object	rng_determinism_object	colored_bisimulation_candidate	has_aspect	has_counterfactual;from_aspect	has_counterfactual;to_aspect	has_counterfactual;shared_in	witness_arena	1	positive_shift	#1CDCB6	0.921869	0x0ce14bc292b9b6b2
774	774	56	ternary_regression_object	parallel_invariance_object	colored_bisimulation_candidate	has_aspect	has_counterfactual;from_aspect	has_counterfactual;to_aspect	has_counterfactual;shared_in	witness_arena	-1	negative_shift	#9C6E49	0.763689	0x034d82e16ade2a5b
775	775	56	ternary_regression_object	palette_interface_object	colored_bisimulation_candidate	has_aspect	has_counterfactual;from_aspect	has_counterfactual;to_aspect	has_counterfactual;shared_in	witness_arena	0	same_trit_relabel	#AF27D7	0.617569	0x370a82bcac98de5e
776	776	56	ternary_regression_object	lisp_semantics_object	colored_bisimulation_candidate	has_aspect	has_counterfactual;from_aspect	has_counterfactual;to_aspect	has_counterfactual;shared_in	witness_arena	1	positive_shift	#1D1B9A	0.665002	0x9d2ec5f332cd18c9
777	777	56	ternary_regression_object	entropy_source_object	colored_bisimulation_candidate	has_aspect	has_counterfactual;from_aspect	has_counterfactual;to_aspect	has_counterfactual;shared_in	witness_arena	-1	negative_shift	#1C3ED2	0.541878	0x4e1ba05098a3ff01
778	778	56	ternary_regression_object	propagator_cell_object	colored_bisimulation_candidate	has_aspect	has_counterfactual;from_aspect	has_counterfactual;to_aspect	has_counterfactual;shared_in	witness_arena	0	same_trit_relabel	#8E274A	0.349988	0xfe01bcc57b570c98
779	779	56	ternary_regression_object	abductive_world_object	colored_bisimulation_candidate	has_aspect	has_counterfactual;from_aspect	has_counterfactual;to_aspect	has_counterfactual;shared_in	witness_arena	1	positive_shift	#B3F579	1.083461	0xa7fdf64b928046cb
780	780	56	ternary_regression_object	fuzz_soundness_object	colored_bisimulation_candidate	has_aspect	has_counterfactual;from_aspect	has_counterfactual;to_aspect	has_counterfactual;shared_in	witness_arena	-1	negative_shift	#08ED15	0.709681	0x618e0ccf81c48dea
781	781	56	ternary_regression_object	nonriemannian_gate_object	colored_bisimulation_candidate	has_aspect	has_counterfactual;from_aspect	has_counterfactual;to_aspect	has_counterfactual;shared_in	witness_arena	1	positive_shift	#33A85A	0.763438	0x61c850dd965b573a
782	782	56	ternary_regression_object	exa_loop_object	colored_bisimulation_candidate	has_aspect	has_counterfactual;from_aspect	has_counterfactual;to_aspect	has_counterfactual;shared_in	witness_arena	-1	negative_shift	#CF48E5	0.846894	0x9d5679e200bba4d0
783	783	56	ternary_regression_object	aqua_hygiene_object	colored_bisimulation_candidate	has_aspect	has_counterfactual;from_aspect	has_counterfactual;to_aspect	has_counterfactual;shared_in	witness_arena	0	same_trit_relabel	#7EB213	0.654056	0xcdc289653f610367
784	784	56	ternary_regression_object	scip_catcolab_object	colored_bisimulation_candidate	has_aspect	has_counterfactual;from_aspect	has_counterfactual;to_aspect	has_counterfactual;shared_in	witness_arena	1	positive_shift	#68E605	1.059798	0x83d860a2668583e1
785	785	57	nonriemannian_gate_object	color_space_object	colored_bisimulation_candidate	has_aspect	has_counterfactual;from_aspect	has_counterfactual;to_aspect	has_counterfactual;shared_in	witness_arena	1	positive_shift	#AC0B96	0.788607	0xfde41c8ebdad0ca3
786	786	57	nonriemannian_gate_object	trit_tick_object	colored_bisimulation_candidate	has_aspect	has_counterfactual;from_aspect	has_counterfactual;to_aspect	has_counterfactual;shared_in	witness_arena	-1	negative_shift	#DB3F47	0.495071	0x3c2272ddc434d074
787	787	57	nonriemannian_gate_object	rng_determinism_object	colored_bisimulation_candidate	has_aspect	has_counterfactual;from_aspect	has_counterfactual;to_aspect	has_counterfactual;shared_in	witness_arena	0	same_trit_relabel	#DDB5B5	0.342773	0xe956e6c9c1092029
788	788	57	nonriemannian_gate_object	parallel_invariance_object	colored_bisimulation_candidate	has_aspect	has_counterfactual;from_aspect	has_counterfactual;to_aspect	has_counterfactual;shared_in	witness_arena	1	positive_shift	#0DA701	1.23992	0xec57ee88765fed6e
789	789	57	nonriemannian_gate_object	palette_interface_object	colored_bisimulation_candidate	has_aspect	has_counterfactual;from_aspect	has_counterfactual;to_aspect	has_counterfactual;shared_in	witness_arena	-1	negative_shift	#6EB3E5	1.1194	0xdefb98909e21c8cc
790	790	57	nonriemannian_gate_object	lisp_semantics_object	colored_bisimulation_candidate	has_aspect	has_counterfactual;from_aspect	has_counterfactual;to_aspect	has_counterfactual;shared_in	witness_arena	0	same_trit_relabel	#BAF464	0.702804	0x66ee9365dbd229f8
791	791	57	nonriemannian_gate_object	entropy_source_object	colored_bisimulation_candidate	has_aspect	has_counterfactual;from_aspect	has_counterfactual;to_aspect	has_counterfactual;shared_in	witness_arena	1	positive_shift	#1778FA	1.094754	0x83c2e2953ff2d228
792	792	57	nonriemannian_gate_object	propagator_cell_object	colored_bisimulation_candidate	has_aspect	has_counterfactual;from_aspect	has_counterfactual;to_aspect	has_counterfactual;shared_in	witness_arena	-1	negative_shift	#28AC44	0.896812	0x329b0701be8a010e
793	793	57	nonriemannian_gate_object	abductive_world_object	colored_bisimulation_candidate	has_aspect	has_counterfactual;from_aspect	has_counterfactual;to_aspect	has_counterfactual;shared_in	witness_arena	0	same_trit_relabel	#3B5332	0.693641	0x006805e90457b318
794	794	57	nonriemannian_gate_object	fuzz_soundness_object	colored_bisimulation_candidate	has_aspect	has_counterfactual;from_aspect	has_counterfactual;to_aspect	has_counterfactual;shared_in	witness_arena	1	positive_shift	#9424EF	1.099486	0xc9dbb783726fe922
795	795	57	nonriemannian_gate_object	ternary_regression_object	colored_bisimulation_candidate	has_aspect	has_counterfactual;from_aspect	has_counterfactual;to_aspect	has_counterfactual;shared_in	witness_arena	-1	negative_shift	#98587C	0.90895	0x706b9efedc614064
796	796	57	nonriemannian_gate_object	exa_loop_object	colored_bisimulation_candidate	has_aspect	has_counterfactual;from_aspect	has_counterfactual;to_aspect	has_counterfactual;shared_in	witness_arena	1	positive_shift	#F4A027	0.605847	0x07fac29ec56fc8aa
797	797	57	nonriemannian_gate_object	aqua_hygiene_object	colored_bisimulation_candidate	has_aspect	has_counterfactual;from_aspect	has_counterfactual;to_aspect	has_counterfactual;shared_in	witness_arena	-1	negative_shift	#D85FDD	0.854268	0x1b7de57b3fb6d4ca
798	798	57	nonriemannian_gate_object	scip_catcolab_object	colored_bisimulation_candidate	has_aspect	has_counterfactual;from_aspect	has_counterfactual;to_aspect	has_counterfactual;shared_in	witness_arena	0	same_trit_relabel	#2E4194	0.889721	0x991fe99e34b948a7
799	799	58	exa_loop_object	color_space_object	colored_bisimulation_candidate	has_aspect	has_counterfactual;from_aspect	has_counterfactual;to_aspect	has_counterfactual;shared_in	witness_arena	0	same_trit_relabel	#CE2D77	0.898998	0x90e8bcc1396cad73
800	800	58	exa_loop_object	trit_tick_object	colored_bisimulation_candidate	has_aspect	has_counterfactual;from_aspect	has_counterfactual;to_aspect	has_counterfactual;shared_in	witness_arena	1	positive_shift	#C08B58	1.253073	0x81b4b69d03ea107b
801	801	58	exa_loop_object	rng_determinism_object	colored_bisimulation_candidate	has_aspect	has_counterfactual;from_aspect	has_counterfactual;to_aspect	has_counterfactual;shared_in	witness_arena	-1	negative_shift	#210826	1.531121	0x66cb1fce58b133bb
802	802	58	exa_loop_object	parallel_invariance_object	colored_bisimulation_candidate	has_aspect	has_counterfactual;from_aspect	has_counterfactual;to_aspect	has_counterfactual;shared_in	witness_arena	0	same_trit_relabel	#6EADBE	0.93009	0xba0ea07a88403dc4
803	803	58	exa_loop_object	palette_interface_object	colored_bisimulation_candidate	has_aspect	has_counterfactual;from_aspect	has_counterfactual;to_aspect	has_counterfactual;shared_in	witness_arena	1	positive_shift	#DDD75D	0.582592	0xd61ba0fde4867c33
804	804	58	exa_loop_object	lisp_semantics_object	colored_bisimulation_candidate	has_aspect	has_counterfactual;from_aspect	has_counterfactual;to_aspect	has_counterfactual;shared_in	witness_arena	-1	negative_shift	#C357FA	0.908682	0xecdedba8cc082986
805	805	58	exa_loop_object	entropy_source_object	colored_bisimulation_candidate	has_aspect	has_counterfactual;from_aspect	has_counterfactual;to_aspect	has_counterfactual;shared_in	witness_arena	0	same_trit_relabel	#7637E0	0.81693	0x5b69c3f87d706f89
806	806	58	exa_loop_object	propagator_cell_object	colored_bisimulation_candidate	has_aspect	has_counterfactual;from_aspect	has_counterfactual;to_aspect	has_counterfactual;shared_in	witness_arena	1	positive_shift	#1B1DE9	1.389838	0xe50d6fcc115bf804
807	807	58	exa_loop_object	abductive_world_object	colored_bisimulation_candidate	has_aspect	has_counterfactual;from_aspect	has_counterfactual;to_aspect	has_counterfactual;shared_in	witness_arena	-1	negative_shift	#947F14	1.155265	0x846395ec34e6ae44
808	808	58	exa_loop_object	fuzz_soundness_object	colored_bisimulation_candidate	has_aspect	has_counterfactual;from_aspect	has_counterfactual;to_aspect	has_counterfactual;shared_in	witness_arena	0	same_trit_relabel	#6B1956	1.057006	0x7d0916c15a8c4c3c
809	809	58	exa_loop_object	ternary_regression_object	colored_bisimulation_candidate	has_aspect	has_counterfactual;from_aspect	has_counterfactual;to_aspect	has_counterfactual;shared_in	witness_arena	1	positive_shift	#11F818	1.075557	0x4a38b1d7d66654de
810	810	58	exa_loop_object	nonriemannian_gate_object	colored_bisimulation_candidate	has_aspect	has_counterfactual;from_aspect	has_counterfactual;to_aspect	has_counterfactual;shared_in	witness_arena	-1	negative_shift	#DAC38F	1.297792	0xaedf95974265098c
811	811	58	exa_loop_object	aqua_hygiene_object	colored_bisimulation_candidate	has_aspect	has_counterfactual;from_aspect	has_counterfactual;to_aspect	has_counterfactual;shared_in	witness_arena	1	positive_shift	#A837F3	0.921895	0x850440728d68fb73
812	812	58	exa_loop_object	scip_catcolab_object	colored_bisimulation_candidate	has_aspect	has_counterfactual;from_aspect	has_counterfactual;to_aspect	has_counterfactual;shared_in	witness_arena	-1	negative_shift	#3CBEC3	0.727388	0x2d6b106ad61334e2
813	813	59	aqua_hygiene_object	color_space_object	colored_bisimulation_candidate	has_aspect	has_counterfactual;from_aspect	has_counterfactual;to_aspect	has_counterfactual;shared_in	witness_arena	-1	negative_shift	#EABD7D	1.303587	0xdd8d6abc783783d0
814	814	59	aqua_hygiene_object	trit_tick_object	colored_bisimulation_candidate	has_aspect	has_counterfactual;from_aspect	has_counterfactual;to_aspect	has_counterfactual;shared_in	witness_arena	0	same_trit_relabel	#C626F3	0.973316	0x40a12939834f759e
815	815	59	aqua_hygiene_object	rng_determinism_object	colored_bisimulation_candidate	has_aspect	has_counterfactual;from_aspect	has_counterfactual;to_aspect	has_counterfactual;shared_in	witness_arena	1	positive_shift	#D53FF0	1.479049	0x2542bcf3bef31715
816	816	59	aqua_hygiene_object	parallel_invariance_object	colored_bisimulation_candidate	has_aspect	has_counterfactual;from_aspect	has_counterfactual;to_aspect	has_counterfactual;shared_in	witness_arena	-1	negative_shift	#831BE8	0.764777	0x99ad8dadf9ff3830
817	817	59	aqua_hygiene_object	palette_interface_object	colored_bisimulation_candidate	has_aspect	has_counterfactual;from_aspect	has_counterfactual;to_aspect	has_counterfactual;shared_in	witness_arena	0	same_trit_relabel	#838DC1	0.514354	0x6a137a004936e5be
818	818	59	aqua_hygiene_object	lisp_semantics_object	colored_bisimulation_candidate	has_aspect	has_counterfactual;from_aspect	has_counterfactual;to_aspect	has_counterfactual;shared_in	witness_arena	1	positive_shift	#A2D114	0.863166	0x5cf46b8045c52e17
819	819	59	aqua_hygiene_object	entropy_source_object	colored_bisimulation_candidate	has_aspect	has_counterfactual;from_aspect	has_counterfactual;to_aspect	has_counterfactual;shared_in	witness_arena	-1	negative_shift	#4EB5B8	0.776644	0x3827f3581e17ee54
820	820	59	aqua_hygiene_object	propagator_cell_object	colored_bisimulation_candidate	has_aspect	has_counterfactual;from_aspect	has_counterfactual;to_aspect	has_counterfactual;shared_in	witness_arena	0	same_trit_relabel	#E549A8	0.931238	0xb085128310a1b4ec
821	821	59	aqua_hygiene_object	abductive_world_object	colored_bisimulation_candidate	has_aspect	has_counterfactual;from_aspect	has_counterfactual;to_aspect	has_counterfactual;shared_in	witness_arena	1	positive_shift	#8C673F	1.025554	0xa4dcf38af104bb2f
822	822	59	aqua_hygiene_object	fuzz_soundness_object	colored_bisimulation_candidate	has_aspect	has_counterfactual;from_aspect	has_counterfactual;to_aspect	has_counterfactual;shared_in	witness_arena	-1	negative_shift	#C01A28	1.223218	0x61e83004197dbe35
823	823	59	aqua_hygiene_object	ternary_regression_object	colored_bisimulation_candidate	has_aspect	has_counterfactual;from_aspect	has_counterfactual;to_aspect	has_counterfactual;shared_in	witness_arena	0	same_trit_relabel	#66EF19	1.01611	0xc903a7358c5dfd8c
824	824	59	aqua_hygiene_object	nonriemannian_gate_object	colored_bisimulation_candidate	has_aspect	has_counterfactual;from_aspect	has_counterfactual;to_aspect	has_counterfactual;shared_in	witness_arena	1	positive_shift	#558407	1.238817	0xf5430d9545af4be0
825	825	59	aqua_hygiene_object	exa_loop_object	colored_bisimulation_candidate	has_aspect	has_counterfactual;from_aspect	has_counterfactual;to_aspect	has_counterfactual;shared_in	witness_arena	-1	negative_shift	#25A15D	1.117422	0xe44db20ec08b6fa6
826	826	59	aqua_hygiene_object	scip_catcolab_object	colored_bisimulation_candidate	has_aspect	has_counterfactual;from_aspect	has_counterfactual;to_aspect	has_counterfactual;shared_in	witness_arena	1	positive_shift	#86AF56	0.723248	0x131eebea1966a05a
827	827	60	scip_catcolab_object	color_space_object	colored_bisimulation_candidate	has_aspect	has_counterfactual;from_aspect	has_counterfactual;to_aspect	has_counterfactual;shared_in	witness_arena	1	positive_shift	#A36667	0.964279	0xea2563cf049ebb81
828	828	60	scip_catcolab_object	trit_tick_object	colored_bisimulation_candidate	has_aspect	has_counterfactual;from_aspect	has_counterfactual;to_aspect	has_counterfactual;shared_in	witness_arena	-1	negative_shift	#C822D5	0.772986	0xf6e5f4d00cf71edd
829	829	60	scip_catcolab_object	rng_determinism_object	colored_bisimulation_candidate	has_aspect	has_counterfactual;from_aspect	has_counterfactual;to_aspect	has_counterfactual;shared_in	witness_arena	0	same_trit_relabel	#4C71B2	0.574292	0x8c5d266ce02edf7c
830	830	60	scip_catcolab_object	parallel_invariance_object	colored_bisimulation_candidate	has_aspect	has_counterfactual;from_aspect	has_counterfactual;to_aspect	has_counterfactual;shared_in	witness_arena	1	positive_shift	#3D3B15	1.086336	0xbb99e405a1576270
831	831	60	scip_catcolab_object	palette_interface_object	colored_bisimulation_candidate	has_aspect	has_counterfactual;from_aspect	has_counterfactual;to_aspect	has_counterfactual;shared_in	witness_arena	-1	negative_shift	#95703E	0.712511	0x3fd326177f6c35ce
832	832	60	scip_catcolab_object	lisp_semantics_object	colored_bisimulation_candidate	has_aspect	has_counterfactual;from_aspect	has_counterfactual;to_aspect	has_counterfactual;shared_in	witness_arena	0	same_trit_relabel	#EE610D	0.282734	0x812cd0f1c64ebfdc
833	833	60	scip_catcolab_object	entropy_source_object	colored_bisimulation_candidate	has_aspect	has_counterfactual;from_aspect	has_counterfactual;to_aspect	has_counterfactual;shared_in	witness_arena	1	positive_shift	#B4007D	0.876679	0x2862161715780370
834	834	60	scip_catcolab_object	propagator_cell_object	colored_bisimulation_candidate	has_aspect	has_counterfactual;from_aspect	has_counterfactual;to_aspect	has_counterfactual;shared_in	witness_arena	-1	negative_shift	#1DB854	0.81907	0xbed20cf86d989c31
835	835	60	scip_catcolab_object	abductive_world_object	colored_bisimulation_candidate	has_aspect	has_counterfactual;from_aspect	has_counterfactual;to_aspect	has_counterfactual;shared_in	witness_arena	0	same_trit_relabel	#1054BF	0.7189	0xa2f807713b9c886b
836	836	60	scip_catcolab_object	fuzz_soundness_object	colored_bisimulation_candidate	has_aspect	has_counterfactual;from_aspect	has_counterfactual;to_aspect	has_counterfactual;shared_in	witness_arena	1	positive_shift	#D78BFA	0.913156	0x8e77163e6b7b0a40
837	837	60	scip_catcolab_object	ternary_regression_object	colored_bisimulation_candidate	has_aspect	has_counterfactual;from_aspect	has_counterfactual;to_aspect	has_counterfactual;shared_in	witness_arena	-1	negative_shift	#A3A702	0.693499	0xd4ac9ae1f10f186c
838	838	60	scip_catcolab_object	nonriemannian_gate_object	colored_bisimulation_candidate	has_aspect	has_counterfactual;from_aspect	has_counterfactual;to_aspect	has_counterfactual;shared_in	witness_arena	0	same_trit_relabel	#042673	0.377001	0xb8e81073a26248f4
839	839	60	scip_catcolab_object	exa_loop_object	colored_bisimulation_candidate	has_aspect	has_counterfactual;from_aspect	has_counterfactual;to_aspect	has_counterfactual;shared_in	witness_arena	1	positive_shift	#BB5437	0.661459	0xd99da176cfffae62
840	840	60	scip_catcolab_object	aqua_hygiene_object	colored_bisimulation_candidate	has_aspect	has_counterfactual;from_aspect	has_counterfactual;to_aspect	has_counterfactual;shared_in	witness_arena	-1	negative_shift	#E5040C	0.749315	0xd6eec8f9a4662f62
841	841	61	color_space_object	trit_tick_object	colored_bisimulation_candidate	has_aspect	has_counterfactual;from_aspect	has_counterfactual;to_aspect	has_counterfactual;shared_in	witness_arena	1	positive_shift	#0BE4DB	0.64137	0xc4bb8a7675d233c6
842	842	61	color_space_object	rng_determinism_object	colored_bisimulation_candidate	has_aspect	has_counterfactual;from_aspect	has_counterfactual;to_aspect	has_counterfactual;shared_in	witness_arena	-1	negative_shift	#DEA54D	1.090298	0x3a0c9873ad99b207
843	843	61	color_space_object	parallel_invariance_object	colored_bisimulation_candidate	has_aspect	has_counterfactual;from_aspect	has_counterfactual;to_aspect	has_counterfactual;shared_in	witness_arena	0	same_trit_relabel	#E6AC52	1.181499	0xd774dbc460b7fe54
844	844	61	color_space_object	palette_interface_object	colored_bisimulation_candidate	has_aspect	has_counterfactual;from_aspect	has_counterfactual;to_aspect	has_counterfactual;shared_in	witness_arena	1	positive_shift	#0F45E6	1.169796	0x0345f58f69e6f951
845	845	61	color_space_object	lisp_semantics_object	colored_bisimulation_candidate	has_aspect	has_counterfactual;from_aspect	has_counterfactual;to_aspect	has_counterfactual;shared_in	witness_arena	-1	negative_shift	#F68DFF	1.270424	0xe77c92a7252d83d9
846	846	61	color_space_object	entropy_source_object	colored_bisimulation_candidate	has_aspect	has_counterfactual;from_aspect	has_counterfactual;to_aspect	has_counterfactual;shared_in	witness_arena	0	same_trit_relabel	#5F6CCA	1.064733	0x15d3e5b88dc4313f
847	847	61	color_space_object	propagator_cell_object	colored_bisimulation_candidate	has_aspect	has_counterfactual;from_aspect	has_counterfactual;to_aspect	has_counterfactual;shared_in	witness_arena	1	positive_shift	#03E516	1.303547	0x80e82c4d7ab60cf0
848	848	61	color_space_object	abductive_world_object	colored_bisimulation_candidate	has_aspect	has_counterfactual;from_aspect	has_counterfactual;to_aspect	has_counterfactual;shared_in	witness_arena	-1	negative_shift	#6B8FFF	1.012671	0xf10732662c147fb9
849	849	61	color_space_object	fuzz_soundness_object	colored_bisimulation_candidate	has_aspect	has_counterfactual;from_aspect	has_counterfactual;to_aspect	has_counterfactual;shared_in	witness_arena	0	same_trit_relabel	#61FCF5	1.153541	0xb130d80e3a717d10
850	850	61	color_space_object	ternary_regression_object	colored_bisimulation_candidate	has_aspect	has_counterfactual;from_aspect	has_counterfactual;to_aspect	has_counterfactual;shared_in	witness_arena	1	positive_shift	#A78D23	0.956776	0x454de7300737981a
851	851	61	color_space_object	nonriemannian_gate_object	colored_bisimulation_candidate	has_aspect	has_counterfactual;from_aspect	has_counterfactual;to_aspect	has_counterfactual;shared_in	witness_arena	-1	negative_shift	#ABA041	0.919119	0xd6fd5d80d3a9fa08
852	852	61	color_space_object	exa_loop_object	colored_bisimulation_candidate	has_aspect	has_counterfactual;from_aspect	has_counterfactual;to_aspect	has_counterfactual;shared_in	witness_arena	0	same_trit_relabel	#D8F3BE	0.429622	0x0fdd3c634cdb53ce
853	853	61	color_space_object	aqua_hygiene_object	colored_bisimulation_candidate	has_aspect	has_counterfactual;from_aspect	has_counterfactual;to_aspect	has_counterfactual;shared_in	witness_arena	1	positive_shift	#2BA7CD	0.801448	0x8496d96f705da9c1
854	854	61	color_space_object	scip_catcolab_object	colored_bisimulation_candidate	has_aspect	has_counterfactual;from_aspect	has_counterfactual;to_aspect	has_counterfactual;shared_in	witness_arena	-1	negative_shift	#D9F6FF	1.221004	0x1fe082ebb17bd1d6
855	855	62	trit_tick_object	color_space_object	colored_bisimulation_candidate	has_aspect	has_counterfactual;from_aspect	has_counterfactual;to_aspect	has_counterfactual;shared_in	witness_arena	-1	negative_shift	#A1FE23	1.282847	0x70d1f67195540be2
856	856	62	trit_tick_object	rng_determinism_object	colored_bisimulation_candidate	has_aspect	has_counterfactual;from_aspect	has_counterfactual;to_aspect	has_counterfactual;shared_in	witness_arena	1	positive_shift	#B1EAEF	1.55168	0xf88278c0a86ec454
857	857	62	trit_tick_object	parallel_invariance_object	colored_bisimulation_candidate	has_aspect	has_counterfactual;from_aspect	has_counterfactual;to_aspect	has_counterfactual;shared_in	witness_arena	-1	negative_shift	#B3B0F0	0.916435	0x1ebb7638af173736
858	858	62	trit_tick_object	palette_interface_object	colored_bisimulation_candidate	has_aspect	has_counterfactual;from_aspect	has_counterfactual;to_aspect	has_counterfactual;shared_in	witness_arena	0	same_trit_relabel	#97B476	0.46218	0x9b95cf243ff5af31
859	859	62	trit_tick_object	lisp_semantics_object	colored_bisimulation_candidate	has_aspect	has_counterfactual;from_aspect	has_counterfactual;to_aspect	has_counterfactual;shared_in	witness_arena	1	positive_shift	#8E2531	0.920116	0xa35c62cc7bd6d691
860	860	62	trit_tick_object	entropy_source_object	colored_bisimulation_candidate	has_aspect	has_counterfactual;from_aspect	has_counterfactual;to_aspect	has_counterfactual;shared_in	witness_arena	-1	negative_shift	#16A32D	0.915075	0xd6b0ef8b9c4b9023
861	861	62	trit_tick_object	propagator_cell_object	colored_bisimulation_candidate	has_aspect	has_counterfactual;from_aspect	has_counterfactual;to_aspect	has_counterfactual;shared_in	witness_arena	0	same_trit_relabel	#407F57	1.029193	0x2d4b272a57c58d87
862	862	62	trit_tick_object	abductive_world_object	colored_bisimulation_candidate	has_aspect	has_counterfactual;from_aspect	has_counterfactual;to_aspect	has_counterfactual;shared_in	witness_arena	1	positive_shift	#7ED1AB	1.013304	0x56bd3c88033b4776
863	863	62	trit_tick_object	fuzz_soundness_object	colored_bisimulation_candidate	has_aspect	has_counterfactual;from_aspect	has_counterfactual;to_aspect	has_counterfactual;shared_in	witness_arena	-1	negative_shift	#B5696B	1.335154	0xb14a7065f8128b8d
864	864	62	trit_tick_object	ternary_regression_object	colored_bisimulation_candidate	has_aspect	has_counterfactual;from_aspect	has_counterfactual;to_aspect	has_counterfactual;shared_in	witness_arena	0	same_trit_relabel	#DAB1F5	1.00386	0x744d516d6b1ff840
865	865	62	trit_tick_object	nonriemannian_gate_object	colored_bisimulation_candidate	has_aspect	has_counterfactual;from_aspect	has_counterfactual;to_aspect	has_counterfactual;shared_in	witness_arena	1	positive_shift	#EFD2EE	1.297409	0xef031aa1183d8b05
866	866	62	trit_tick_object	exa_loop_object	colored_bisimulation_candidate	has_aspect	has_counterfactual;from_aspect	has_counterfactual;to_aspect	has_counterfactual;shared_in	witness_arena	-1	negative_shift	#012EBF	1.134505	0x28200a15b25f265f
867	867	62	trit_tick_object	aqua_hygiene_object	colored_bisimulation_candidate	has_aspect	has_counterfactual;from_aspect	has_counterfactual;to_aspect	has_counterfactual;shared_in	witness_arena	0	same_trit_relabel	#7F48AE	0.668038	0xc2f989f9ee60f717
868	868	62	trit_tick_object	scip_catcolab_object	colored_bisimulation_candidate	has_aspect	has_counterfactual;from_aspect	has_counterfactual;to_aspect	has_counterfactual;shared_in	witness_arena	1	positive_shift	#866DB9	0.620948	0x7bc19a30bb39257e
869	869	63	rng_determinism_object	color_space_object	colored_bisimulation_candidate	has_aspect	has_counterfactual;from_aspect	has_counterfactual;to_aspect	has_counterfactual;shared_in	witness_arena	1	positive_shift	#405449	0.709436	0xd6017e3b9b1c7d4c
870	870	63	rng_determinism_object	trit_tick_object	colored_bisimulation_candidate	has_aspect	has_counterfactual;from_aspect	has_counterfactual;to_aspect	has_counterfactual;shared_in	witness_arena	-1	negative_shift	#03F827	0.870817	0x407fbe9f883e3f86
871	871	63	rng_determinism_object	parallel_invariance_object	colored_bisimulation_candidate	has_aspect	has_counterfactual;from_aspect	has_counterfactual;to_aspect	has_counterfactual;shared_in	witness_arena	1	positive_shift	#9FAED7	1.043321	0xb862842ee4251b5e
872	872	63	rng_determinism_object	palette_interface_object	colored_bisimulation_candidate	has_aspect	has_counterfactual;from_aspect	has_counterfactual;to_aspect	has_counterfactual;shared_in	witness_arena	-1	negative_shift	#4F64B0	0.911402	0xd608ba49aa667efb
873	873	63	rng_determinism_object	lisp_semantics_object	colored_bisimulation_candidate	has_aspect	has_counterfactual;from_aspect	has_counterfactual;to_aspect	has_counterfactual;shared_in	witness_arena	0	same_trit_relabel	#38E061	0.710919	0x6d2949b2b4aac82c
874	874	63	rng_determinism_object	entropy_source_object	colored_bisimulation_candidate	has_aspect	has_counterfactual;from_aspect	has_counterfactual;to_aspect	has_counterfactual;shared_in	witness_arena	1	positive_shift	#6541F7	1.024698	0x344cfa3f7710205a
875	875	63	rng_determinism_object	propagator_cell_object	colored_bisimulation_candidate	has_aspect	has_counterfactual;from_aspect	has_counterfactual;to_aspect	has_counterfactual;shared_in	witness_arena	-1	negative_shift	#541D2D	1.271777	0xd2dcc29bd75fbf54
876	876	63	rng_determinism_object	abductive_world_object	colored_bisimulation_candidate	has_aspect	has_counterfactual;from_aspect	has_counterfactual;to_aspect	has_counterfactual;shared_in	witness_arena	0	same_trit_relabel	#ED910D	0.134253	0xf995b7fa753822ac
877	877	63	rng_determinism_object	fuzz_soundness_object	colored_bisimulation_candidate	has_aspect	has_counterfactual;from_aspect	has_counterfactual;to_aspect	has_counterfactual;shared_in	witness_arena	1	positive_shift	#F9DA99	1.375445	0x64f31dcbf2277c0b
878	878	63	rng_determinism_object	ternary_regression_object	colored_bisimulation_candidate	has_aspect	has_counterfactual;from_aspect	has_counterfactual;to_aspect	has_counterfactual;shared_in	witness_arena	-1	negative_shift	#00C66E	1.16316	0xfb6e4760078d05cf
879	879	63	rng_determinism_object	nonriemannian_gate_object	colored_bisimulation_candidate	has_aspect	has_counterfactual;from_aspect	has_counterfactual;to_aspect	has_counterfactual;shared_in	witness_arena	0	same_trit_relabel	#D178D4	0.639757	0xda29b0c27d807ffa
880	880	63	rng_determinism_object	exa_loop_object	colored_bisimulation_candidate	has_aspect	has_counterfactual;from_aspect	has_counterfactual;to_aspect	has_counterfactual;shared_in	witness_arena	1	positive_shift	#0CCF8C	0.730033	0x5e42313fe4e76411
881	881	63	rng_determinism_object	aqua_hygiene_object	colored_bisimulation_candidate	has_aspect	has_counterfactual;from_aspect	has_counterfactual;to_aspect	has_counterfactual;shared_in	witness_arena	-1	negative_shift	#6EC772	0.602354	0x3afc1d35f782cabc
882	882	63	rng_determinism_object	scip_catcolab_object	colored_bisimulation_candidate	has_aspect	has_counterfactual;from_aspect	has_counterfactual;to_aspect	has_counterfactual;shared_in	witness_arena	0	same_trit_relabel	#866DCD	0.384114	0x0bb425f4c9003f73
883	883	64	parallel_invariance_object	color_space_object	colored_bisimulation_candidate	has_aspect	has_counterfactual;from_aspect	has_counterfactual;to_aspect	has_counterfactual;shared_in	witness_arena	0	same_trit_relabel	#846D78	0.781072	0x3bbd6e8c227a20f6
884	884	64	parallel_invariance_object	trit_tick_object	colored_bisimulation_candidate	has_aspect	has_counterfactual;from_aspect	has_counterfactual;to_aspect	has_counterfactual;shared_in	witness_arena	1	positive_shift	#484279	0.974423	0xe3009978445c283b
885	885	64	parallel_invariance_object	rng_determinism_object	colored_bisimulation_candidate	has_aspect	has_counterfactual;from_aspect	has_counterfactual;to_aspect	has_counterfactual;shared_in	witness_arena	-1	negative_shift	#2DB1BE	0.8991	0xf21be0163c7cded0
886	886	64	parallel_invariance_object	palette_interface_object	colored_bisimulation_candidate	has_aspect	has_counterfactual;from_aspect	has_counterfactual;to_aspect	has_counterfactual;shared_in	witness_arena	1	positive_shift	#290CC8	1.312635	0x2f602ee4105e18fd
887	887	64	parallel_invariance_object	lisp_semantics_object	colored_bisimulation_candidate	has_aspect	has_counterfactual;from_aspect	has_counterfactual;to_aspect	has_counterfactual;shared_in	witness_arena	-1	negative_shift	#0E14C6	1.11941	0xafbcc1decd837302
888	888	64	parallel_invariance_object	entropy_source_object	colored_bisimulation_candidate	has_aspect	has_counterfactual;from_aspect	has_counterfactual;to_aspect	has_counterfactual;shared_in	witness_arena	0	same_trit_relabel	#C9D1B9	0.562865	0x192762ec5fc1fefa
889	889	64	parallel_invariance_object	propagator_cell_object	colored_bisimulation_candidate	has_aspect	has_counterfactual;from_aspect	has_counterfactual;to_aspect	has_counterfactual;shared_in	witness_arena	1	positive_shift	#2BB197	0.91407	0x8ea8f77f50d59470
890	890	64	parallel_invariance_object	abductive_world_object	colored_bisimulation_candidate	has_aspect	has_counterfactual;from_aspect	has_counterfactual;to_aspect	has_counterfactual;shared_in	witness_arena	-1	negative_shift	#F49E85	1.054305	0x8dbdc350daace433
891	891	64	parallel_invariance_object	fuzz_soundness_object	colored_bisimulation_candidate	has_aspect	has_counterfactual;from_aspect	has_counterfactual;to_aspect	has_counterfactual;shared_in	witness_arena	0	same_trit_relabel	#55EFE5	0.70733	0x2e2f86b25eec354c
892	892	64	parallel_invariance_object	ternary_regression_object	colored_bisimulation_candidate	has_aspect	has_counterfactual;from_aspect	has_counterfactual;to_aspect	has_counterfactual;shared_in	witness_arena	1	positive_shift	#5838CA	1.343889	0x6c2d3cbfa2a99faa
893	893	64	parallel_invariance_object	nonriemannian_gate_object	colored_bisimulation_candidate	has_aspect	has_counterfactual;from_aspect	has_counterfactual;to_aspect	has_counterfactual;shared_in	witness_arena	-1	negative_shift	#E310D1	0.787796	0xb73696efcfc5e234
894	894	64	parallel_invariance_object	exa_loop_object	colored_bisimulation_candidate	has_aspect	has_counterfactual;from_aspect	has_counterfactual;to_aspect	has_counterfactual;shared_in	witness_arena	0	same_trit_relabel	#EF2E51	0.591065	0x3215dbafd61aef18
895	895	64	parallel_invariance_object	aqua_hygiene_object	colored_bisimulation_candidate	has_aspect	has_counterfactual;from_aspect	has_counterfactual;to_aspect	has_counterfactual;shared_in	witness_arena	1	positive_shift	#3B0EC0	1.127177	0x37df95cceb526ed7
896	896	64	parallel_invariance_object	scip_catcolab_object	colored_bisimulation_candidate	has_aspect	has_counterfactual;from_aspect	has_counterfactual;to_aspect	has_counterfactual;shared_in	witness_arena	-1	negative_shift	#232B19	1.298023	0xfbd8ae2d4c608373
897	897	65	palette_interface_object	color_space_object	colored_bisimulation_candidate	has_aspect	has_counterfactual;from_aspect	has_counterfactual;to_aspect	has_counterfactual;shared_in	witness_arena	-1	negative_shift	#D0A5D2	1.386521	0x17644ae74ee8a832
898	898	65	palette_interface_object	trit_tick_object	colored_bisimulation_candidate	has_aspect	has_counterfactual;from_aspect	has_counterfactual;to_aspect	has_counterfactual;shared_in	witness_arena	0	same_trit_relabel	#D9F236	0.816261	0x14d10cec03feecb3
899	899	65	palette_interface_object	rng_determinism_object	colored_bisimulation_candidate	has_aspect	has_counterfactual;from_aspect	has_counterfactual;to_aspect	has_counterfactual;shared_in	witness_arena	1	positive_shift	#161125	0.913195	0x7dc1ae7a3bece6ee
900	900	65	palette_interface_object	parallel_invariance_object	colored_bisimulation_candidate	has_aspect	has_counterfactual;from_aspect	has_counterfactual;to_aspect	has_counterfactual;shared_in	witness_arena	-1	negative_shift	#4566C2	0.956505	0x75d2baae0102d469
901	901	65	palette_interface_object	lisp_semantics_object	colored_bisimulation_candidate	has_aspect	has_counterfactual;from_aspect	has_counterfactual;to_aspect	has_counterfactual;shared_in	witness_arena	1	positive_shift	#1C0818	0.784808	0x54edfcd4dd633e90
902	902	65	palette_interface_object	entropy_source_object	colored_bisimulation_candidate	has_aspect	has_counterfactual;from_aspect	has_counterfactual;to_aspect	has_counterfactual;shared_in	witness_arena	-1	negative_shift	#402554	0.742738	0x6e6a321b4d5f30ec
903	903	65	palette_interface_object	propagator_cell_object	colored_bisimulation_candidate	has_aspect	has_counterfactual;from_aspect	has_counterfactual;to_aspect	has_counterfactual;shared_in	witness_arena	0	same_trit_relabel	#6B8BEE	0.222322	0xf70569c46f1a5d10
904	904	65	palette_interface_object	abductive_world_object	colored_bisimulation_candidate	has_aspect	has_counterfactual;from_aspect	has_counterfactual;to_aspect	has_counterfactual;shared_in	witness_arena	1	positive_shift	#6E3EEF	1.361158	0xeb6bb2d6c02c6b60
905	905	65	palette_interface_object	fuzz_soundness_object	colored_bisimulation_candidate	has_aspect	has_counterfactual;from_aspect	has_counterfactual;to_aspect	has_counterfactual;shared_in	witness_arena	-1	negative_shift	#8C3716	0.444321	0x208c36ca2f7b3a66
906	906	65	palette_interface_object	ternary_regression_object	colored_bisimulation_candidate	has_aspect	has_counterfactual;from_aspect	has_counterfactual;to_aspect	has_counterfactual;shared_in	witness_arena	0	same_trit_relabel	#2E08DE	0.825441	0x728c98a466490db3
907	907	65	palette_interface_object	nonriemannian_gate_object	colored_bisimulation_candidate	has_aspect	has_counterfactual;from_aspect	has_counterfactual;to_aspect	has_counterfactual;shared_in	witness_arena	1	positive_shift	#E8213A	0.892814	0x51502380b3ba7325
908	908	65	palette_interface_object	exa_loop_object	colored_bisimulation_candidate	has_aspect	has_counterfactual;from_aspect	has_counterfactual;to_aspect	has_counterfactual;shared_in	witness_arena	-1	negative_shift	#6F4B91	1.060898	0x2d49093abba943b7
909	909	65	palette_interface_object	aqua_hygiene_object	colored_bisimulation_candidate	has_aspect	has_counterfactual;from_aspect	has_counterfactual;to_aspect	has_counterfactual;shared_in	witness_arena	0	same_trit_relabel	#DD7EB3	0.894444	0x0c8c27a670c98941
910	910	65	palette_interface_object	scip_catcolab_object	colored_bisimulation_candidate	has_aspect	has_counterfactual;from_aspect	has_counterfactual;to_aspect	has_counterfactual;shared_in	witness_arena	1	positive_shift	#0ADA7D	1.314023	0x7fc7cc5301a81084
911	911	66	lisp_semantics_object	color_space_object	colored_bisimulation_candidate	has_aspect	has_counterfactual;from_aspect	has_counterfactual;to_aspect	has_counterfactual;shared_in	witness_arena	1	positive_shift	#C420BE	0.81088	0x55f1fb97dd04c228
912	912	66	lisp_semantics_object	trit_tick_object	colored_bisimulation_candidate	has_aspect	has_counterfactual;from_aspect	has_counterfactual;to_aspect	has_counterfactual;shared_in	witness_arena	-1	negative_shift	#B18BB7	0.929541	0x50d6a40f3f1eee5d
913	913	66	lisp_semantics_object	rng_determinism_object	colored_bisimulation_candidate	has_aspect	has_counterfactual;from_aspect	has_counterfactual;to_aspect	has_counterfactual;shared_in	witness_arena	0	same_trit_relabel	#FE8D87	0.893042	0x6bac5ad8b953497e
914	914	66	lisp_semantics_object	parallel_invariance_object	colored_bisimulation_candidate	has_aspect	has_counterfactual;from_aspect	has_counterfactual;to_aspect	has_counterfactual;shared_in	witness_arena	1	positive_shift	#2EF585	1.005411	0xcd28d97129115b37
915	915	66	lisp_semantics_object	palette_interface_object	colored_bisimulation_candidate	has_aspect	has_counterfactual;from_aspect	has_counterfactual;to_aspect	has_counterfactual;shared_in	witness_arena	-1	negative_shift	#FDCD9F	1.17668	0xb44848ae77efd9b4
916	916	66	lisp_semantics_object	entropy_source_object	colored_bisimulation_candidate	has_aspect	has_counterfactual;from_aspect	has_counterfactual;to_aspect	has_counterfactual;shared_in	witness_arena	1	positive_shift	#62D9E8	1.046196	0x6d66e2c0300cd9b1
917	917	66	lisp_semantics_object	propagator_cell_object	colored_bisimulation_candidate	has_aspect	has_counterfactual;from_aspect	has_counterfactual;to_aspect	has_counterfactual;shared_in	witness_arena	-1	negative_shift	#349C98	1.275759	0xcd6f8bf504eceb14
918	918	66	lisp_semantics_object	abductive_world_object	colored_bisimulation_candidate	has_aspect	has_counterfactual;from_aspect	has_counterfactual;to_aspect	has_counterfactual;shared_in	witness_arena	0	same_trit_relabel	#A70448	0.230707	0x4e746e3fa79d8336
919	919	66	lisp_semantics_object	fuzz_soundness_object	colored_bisimulation_candidate	has_aspect	has_counterfactual;from_aspect	has_counterfactual;to_aspect	has_counterfactual;shared_in	witness_arena	1	positive_shift	#F4F0A8	1.396693	0x373d0f2a2dbbf19b
920	920	66	lisp_semantics_object	ternary_regression_object	colored_bisimulation_candidate	has_aspect	has_counterfactual;from_aspect	has_counterfactual;to_aspect	has_counterfactual;shared_in	witness_arena	-1	negative_shift	#2EA7D1	1.353348	0xf836e316ea4cb872
921	921	66	lisp_semantics_object	nonriemannian_gate_object	colored_bisimulation_candidate	has_aspect	has_counterfactual;from_aspect	has_counterfactual;to_aspect	has_counterfactual;shared_in	witness_arena	0	same_trit_relabel	#B90D70	0.637674	0xce8c12f8f37186e3
922	922	66	lisp_semantics_object	exa_loop_object	colored_bisimulation_candidate	has_aspect	has_counterfactual;from_aspect	has_counterfactual;to_aspect	has_counterfactual;shared_in	witness_arena	1	positive_shift	#6D5158	0.835325	0x1197e7ce2e3fe789
923	923	66	lisp_semantics_object	aqua_hygiene_object	colored_bisimulation_candidate	has_aspect	has_counterfactual;from_aspect	has_counterfactual;to_aspect	has_counterfactual;shared_in	witness_arena	-1	negative_shift	#E78DE6	0.863384	0xbdf9d6eaa3d3e9e9
924	924	66	lisp_semantics_object	scip_catcolab_object	colored_bisimulation_candidate	has_aspect	has_counterfactual;from_aspect	has_counterfactual;to_aspect	has_counterfactual;shared_in	witness_arena	0	same_trit_relabel	#97D76A	0.657059	0x81ac6ebb8346624b
925	925	67	entropy_source_object	color_space_object	colored_bisimulation_candidate	has_aspect	has_counterfactual;from_aspect	has_counterfactual;to_aspect	has_counterfactual;shared_in	witness_arena	0	same_trit_relabel	#E71F2D	0.400615	0xc8f8dae0c6649e4d
926	926	67	entropy_source_object	trit_tick_object	colored_bisimulation_candidate	has_aspect	has_counterfactual;from_aspect	has_counterfactual;to_aspect	has_counterfactual;shared_in	witness_arena	1	positive_shift	#AAB8C0	0.488372	0x13289c3456b59a1c
927	927	67	entropy_source_object	rng_determinism_object	colored_bisimulation_candidate	has_aspect	has_counterfactual;from_aspect	has_counterfactual;to_aspect	has_counterfactual;shared_in	witness_arena	-1	negative_shift	#684A81	0.840567	0xdc7586bf6535d8fc
928	928	67	entropy_source_object	parallel_invariance_object	colored_bisimulation_candidate	has_aspect	has_counterfactual;from_aspect	has_counterfactual;to_aspect	has_counterfactual;shared_in	witness_arena	0	same_trit_relabel	#8CB22B	0.96012	0x51ee934d86afd7dc
929	929	67	entropy_source_object	palette_interface_object	colored_bisimulation_candidate	has_aspect	has_counterfactual;from_aspect	has_counterfactual;to_aspect	has_counterfactual;shared_in	witness_arena	1	positive_shift	#76B908	0.94867	0x9e9f149dea5a3aa3
930	930	67	entropy_source_object	lisp_semantics_object	colored_bisimulation_candidate	has_aspect	has_counterfactual;from_aspect	has_counterfactual;to_aspect	has_counterfactual;shared_in	witness_arena	-1	negative_shift	#CC5D96	0.955937	0xc6b869f308085a5f
931	931	67	entropy_source_object	propagator_cell_object	colored_bisimulation_candidate	has_aspect	has_counterfactual;from_aspect	has_counterfactual;to_aspect	has_counterfactual;shared_in	witness_arena	1	positive_shift	#68751E	0.977713	0x770f8c788668309c
932	932	67	entropy_source_object	abductive_world_object	colored_bisimulation_candidate	has_aspect	has_counterfactual;from_aspect	has_counterfactual;to_aspect	has_counterfactual;shared_in	witness_arena	-1	negative_shift	#9205AC	1.014762	0xd46e355ba10c0a02
933	933	67	entropy_source_object	fuzz_soundness_object	colored_bisimulation_candidate	has_aspect	has_counterfactual;from_aspect	has_counterfactual;to_aspect	has_counterfactual;shared_in	witness_arena	0	same_trit_relabel	#361388	0.816242	0xd4a40fcf92e13ce1
934	934	67	entropy_source_object	ternary_regression_object	colored_bisimulation_candidate	has_aspect	has_counterfactual;from_aspect	has_counterfactual;to_aspect	has_counterfactual;shared_in	witness_arena	1	positive_shift	#59ADF3	0.698461	0xa77406fa6ffab33b
935	935	67	entropy_source_object	nonriemannian_gate_object	colored_bisimulation_candidate	has_aspect	has_counterfactual;from_aspect	has_counterfactual;to_aspect	has_counterfactual;shared_in	witness_arena	-1	negative_shift	#1DA2B7	0.6495	0x969935c0677d4a12
936	936	67	entropy_source_object	exa_loop_object	colored_bisimulation_candidate	has_aspect	has_counterfactual;from_aspect	has_counterfactual;to_aspect	has_counterfactual;shared_in	witness_arena	0	same_trit_relabel	#0F4655	0.221108	0x49f90effeedc7da3
937	937	67	entropy_source_object	aqua_hygiene_object	colored_bisimulation_candidate	has_aspect	has_counterfactual;from_aspect	has_counterfactual;to_aspect	has_counterfactual;shared_in	witness_arena	1	positive_shift	#268BF6	0.709681	0x90cafe73e7cee9e3
938	938	67	entropy_source_object	scip_catcolab_object	colored_bisimulation_candidate	has_aspect	has_counterfactual;from_aspect	has_counterfactual;to_aspect	has_counterfactual;shared_in	witness_arena	-1	negative_shift	#AEA057	1.104976	0xf143e13922f1ce15
939	939	68	propagator_cell_object	color_space_object	colored_bisimulation_candidate	has_aspect	has_counterfactual;from_aspect	has_counterfactual;to_aspect	has_counterfactual;shared_in	witness_arena	-1	negative_shift	#4264F6	1.2145	0x7c8f75c06f5e5496
940	940	68	propagator_cell_object	trit_tick_object	colored_bisimulation_candidate	has_aspect	has_counterfactual;from_aspect	has_counterfactual;to_aspect	has_counterfactual;shared_in	witness_arena	0	same_trit_relabel	#E1DAD8	0.933712	0xa5533c8334da9763
941	941	68	propagator_cell_object	rng_determinism_object	colored_bisimulation_candidate	has_aspect	has_counterfactual;from_aspect	has_counterfactual;to_aspect	has_counterfactual;shared_in	witness_arena	1	positive_shift	#BE7273	1.552159	0x1b1684dc5b7f1be4
942	942	68	propagator_cell_object	parallel_invariance_object	colored_bisimulation_candidate	has_aspect	has_counterfactual;from_aspect	has_counterfactual;to_aspect	has_counterfactual;shared_in	witness_arena	-1	negative_shift	#D1BD93	1.124218	0x1eb2f0d61c40dbd3
943	943	68	propagator_cell_object	palette_interface_object	colored_bisimulation_candidate	has_aspect	has_counterfactual;from_aspect	has_counterfactual;to_aspect	has_counterfactual;shared_in	witness_arena	0	same_trit_relabel	#688249	0.315631	0x91c17bbf6bf881c5
944	944	68	propagator_cell_object	lisp_semantics_object	colored_bisimulation_candidate	has_aspect	has_counterfactual;from_aspect	has_counterfactual;to_aspect	has_counterfactual;shared_in	witness_arena	1	positive_shift	#DAF417	0.9232	0xe49fd486bc6a07ee
945	945	68	propagator_cell_object	entropy_source_object	colored_bisimulation_candidate	has_aspect	has_counterfactual;from_aspect	has_counterfactual;to_aspect	has_counterfactual;shared_in	witness_arena	-1	negative_shift	#DC4FD0	1.061373	0xad5e10d275ddbf68
946	946	68	propagator_cell_object	abductive_world_object	colored_bisimulation_candidate	has_aspect	has_counterfactual;from_aspect	has_counterfactual;to_aspect	has_counterfactual;shared_in	witness_arena	1	positive_shift	#4EDCA5	1.039967	0x66ed366d99e5c5bb
947	947	68	propagator_cell_object	fuzz_soundness_object	colored_bisimulation_candidate	has_aspect	has_counterfactual;from_aspect	has_counterfactual;to_aspect	has_counterfactual;shared_in	witness_arena	-1	negative_shift	#9D0471	1.396404	0xa781212c308a7450
948	948	68	propagator_cell_object	ternary_regression_object	colored_bisimulation_candidate	has_aspect	has_counterfactual;from_aspect	has_counterfactual;to_aspect	has_counterfactual;shared_in	witness_arena	0	same_trit_relabel	#ECEF3D	0.865806	0x38568fe5600ea101
949	949	68	propagator_cell_object	nonriemannian_gate_object	colored_bisimulation_candidate	has_aspect	has_counterfactual;from_aspect	has_counterfactual;to_aspect	has_counterfactual;shared_in	witness_arena	1	positive_shift	#858DFE	1.296899	0x33cc8662689b7a29
950	950	68	propagator_cell_object	exa_loop_object	colored_bisimulation_candidate	has_aspect	has_counterfactual;from_aspect	has_counterfactual;to_aspect	has_counterfactual;shared_in	witness_arena	-1	negative_shift	#6A08DA	1.096036	0x5b7f9f10a4099300
951	951	68	propagator_cell_object	aqua_hygiene_object	colored_bisimulation_candidate	has_aspect	has_counterfactual;from_aspect	has_counterfactual;to_aspect	has_counterfactual;shared_in	witness_arena	0	same_trit_relabel	#5009B3	0.577137	0x6c8aa65a9f00def2
952	952	68	propagator_cell_object	scip_catcolab_object	colored_bisimulation_candidate	has_aspect	has_counterfactual;from_aspect	has_counterfactual;to_aspect	has_counterfactual;shared_in	witness_arena	1	positive_shift	#C5708B	0.571583	0x4d4d00201d37b146
953	953	69	abductive_world_object	color_space_object	colored_bisimulation_candidate	has_aspect	has_counterfactual;from_aspect	has_counterfactual;to_aspect	has_counterfactual;shared_in	witness_arena	1	positive_shift	#49C7E7	1.012603	0x54b8a90bf23e4610
954	954	69	abductive_world_object	trit_tick_object	colored_bisimulation_candidate	has_aspect	has_counterfactual;from_aspect	has_counterfactual;to_aspect	has_counterfactual;shared_in	witness_arena	-1	negative_shift	#EF5036	0.945952	0x3cb33e38a8f1621b
955	955	69	abductive_world_object	rng_determinism_object	colored_bisimulation_candidate	has_aspect	has_counterfactual;from_aspect	has_counterfactual;to_aspect	has_counterfactual;shared_in	witness_arena	0	same_trit_relabel	#EF2394	0.680288	0xd209f65e1bc13bc9
956	956	69	abductive_world_object	parallel_invariance_object	colored_bisimulation_candidate	has_aspect	has_counterfactual;from_aspect	has_counterfactual;to_aspect	has_counterfactual;shared_in	witness_arena	1	positive_shift	#14C4B1	0.84616	0x002ed150d0fcae07
957	957	69	abductive_world_object	palette_interface_object	colored_bisimulation_candidate	has_aspect	has_counterfactual;from_aspect	has_counterfactual;to_aspect	has_counterfactual;shared_in	witness_arena	-1	negative_shift	#B5BA63	1.225643	0xb0ad216895ebb1e0
958	958	69	abductive_world_object	lisp_semantics_object	colored_bisimulation_candidate	has_aspect	has_counterfactual;from_aspect	has_counterfactual;to_aspect	has_counterfactual;shared_in	witness_arena	0	same_trit_relabel	#F5CAC4	0.758527	0xc6da3c71cc8cea14
959	959	69	abductive_world_object	entropy_source_object	colored_bisimulation_candidate	has_aspect	has_counterfactual;from_aspect	has_counterfactual;to_aspect	has_counterfactual;shared_in	witness_arena	1	positive_shift	#DA7C43	0.857622	0x71fa55773607763b
960	960	69	abductive_world_object	propagator_cell_object	colored_bisimulation_candidate	has_aspect	has_counterfactual;from_aspect	has_counterfactual;to_aspect	has_counterfactual;shared_in	witness_arena	-1	negative_shift	#88FEEB	1.015495	0x8ecd3ea67faf775c
961	961	69	abductive_world_object	fuzz_soundness_object	colored_bisimulation_candidate	has_aspect	has_counterfactual;from_aspect	has_counterfactual;to_aspect	has_counterfactual;shared_in	witness_arena	1	positive_shift	#3E9BF5	1.129054	0x26892384f00f097d
962	962	69	abductive_world_object	ternary_regression_object	colored_bisimulation_candidate	has_aspect	has_counterfactual;from_aspect	has_counterfactual;to_aspect	has_counterfactual;shared_in	witness_arena	-1	negative_shift	#8627EB	1.336841	0x2a98ca32ee88f806
963	963	69	abductive_world_object	nonriemannian_gate_object	colored_bisimulation_candidate	has_aspect	has_counterfactual;from_aspect	has_counterfactual;to_aspect	has_counterfactual;shared_in	witness_arena	0	same_trit_relabel	#D38E58	0.4896	0x49ae1c1811ba1732
964	964	69	abductive_world_object	exa_loop_object	colored_bisimulation_candidate	has_aspect	has_counterfactual;from_aspect	has_counterfactual;to_aspect	has_counterfactual;shared_in	witness_arena	1	positive_shift	#6647B0	0.86046	0x50c48910987e735b
965	965	69	abductive_world_object	aqua_hygiene_object	colored_bisimulation_candidate	has_aspect	has_counterfactual;from_aspect	has_counterfactual;to_aspect	has_counterfactual;shared_in	witness_arena	-1	negative_shift	#48B17C	1.015066	0x7f024cfe10e007af
966	966	69	abductive_world_object	scip_catcolab_object	colored_bisimulation_candidate	has_aspect	has_counterfactual;from_aspect	has_counterfactual;to_aspect	has_counterfactual;shared_in	witness_arena	0	same_trit_relabel	#028205	0.816977	0x22523f024260a486
967	967	70	fuzz_soundness_object	color_space_object	colored_bisimulation_candidate	has_aspect	has_counterfactual;from_aspect	has_counterfactual;to_aspect	has_counterfactual;shared_in	witness_arena	0	same_trit_relabel	#72130E	0.315802	0x381699957f425f70
968	968	70	fuzz_soundness_object	trit_tick_object	colored_bisimulation_candidate	has_aspect	has_counterfactual;from_aspect	has_counterfactual;to_aspect	has_counterfactual;shared_in	witness_arena	1	positive_shift	#7BDEA6	0.738718	0xd8195362f41f1653
969	969	70	fuzz_soundness_object	rng_determinism_object	colored_bisimulation_candidate	has_aspect	has_counterfactual;from_aspect	has_counterfactual;to_aspect	has_counterfactual;shared_in	witness_arena	-1	negative_shift	#D26B6B	1.125461	0x8a91305bd8c2e524
970	970	70	fuzz_soundness_object	parallel_invariance_object	colored_bisimulation_candidate	has_aspect	has_counterfactual;from_aspect	has_counterfactual;to_aspect	has_counterfactual;shared_in	witness_arena	0	same_trit_relabel	#CD9933	0.701829	0xc7512bad4cb595d0
971	971	70	fuzz_soundness_object	palette_interface_object	colored_bisimulation_candidate	has_aspect	has_counterfactual;from_aspect	has_counterfactual;to_aspect	has_counterfactual;shared_in	witness_arena	1	positive_shift	#7F1673	0.853736	0xe5fee053a06dbcf0
972	972	70	fuzz_soundness_object	lisp_semantics_object	colored_bisimulation_candidate	has_aspect	has_counterfactual;from_aspect	has_counterfactual;to_aspect	has_counterfactual;shared_in	witness_arena	-1	negative_shift	#E4D041	0.951015	0x3d88a288d7a3aea3
973	973	70	fuzz_soundness_object	entropy_source_object	colored_bisimulation_candidate	has_aspect	has_counterfactual;from_aspect	has_counterfactual;to_aspect	has_counterfactual;shared_in	witness_arena	0	same_trit_relabel	#CA74E3	0.636769	0x1dea4191dbe352a0
974	974	70	fuzz_soundness_object	propagator_cell_object	colored_bisimulation_candidate	has_aspect	has_counterfactual;from_aspect	has_counterfactual;to_aspect	has_counterfactual;shared_in	witness_arena	1	positive_shift	#494806	1.147066	0x9609c7cf7c3e5f73
975	975	70	fuzz_soundness_object	abductive_world_object	colored_bisimulation_candidate	has_aspect	has_counterfactual;from_aspect	has_counterfactual;to_aspect	has_counterfactual;shared_in	witness_arena	-1	negative_shift	#81B991	0.586419	0x752f085d155826c7
976	976	70	fuzz_soundness_object	ternary_regression_object	colored_bisimulation_candidate	has_aspect	has_counterfactual;from_aspect	has_counterfactual;to_aspect	has_counterfactual;shared_in	witness_arena	1	positive_shift	#4CF6BC	1.034494	0xf6e453e061b1d649
977	977	70	fuzz_soundness_object	nonriemannian_gate_object	colored_bisimulation_candidate	has_aspect	has_counterfactual;from_aspect	has_counterfactual;to_aspect	has_counterfactual;shared_in	witness_arena	-1	negative_shift	#A46C82	0.837632	0x9c44bfbf7065165d
978	978	70	fuzz_soundness_object	exa_loop_object	colored_bisimulation_candidate	has_aspect	has_counterfactual;from_aspect	has_counterfactual;to_aspect	has_counterfactual;shared_in	witness_arena	0	same_trit_relabel	#3DD19D	0.252873	0x6f614acc33144e12
979	979	70	fuzz_soundness_object	aqua_hygiene_object	colored_bisimulation_candidate	has_aspect	has_counterfactual;from_aspect	has_counterfactual;to_aspect	has_counterfactual;shared_in	witness_arena	1	positive_shift	#3F36FE	0.509542	0xab3cd34dc2b1a8f6
980	980	70	fuzz_soundness_object	scip_catcolab_object	colored_bisimulation_candidate	has_aspect	has_counterfactual;from_aspect	has_counterfactual;to_aspect	has_counterfactual;shared_in	witness_arena	-1	negative_shift	#435A60	0.764688	0x6690a6ae895d5e19
981	981	71	ternary_regression_object	color_space_object	colored_bisimulation_candidate	has_aspect	has_counterfactual;from_aspect	has_counterfactual;to_aspect	has_counterfactual;shared_in	witness_arena	-1	negative_shift	#B4C895	1.39159	0x31ddb126a30e093e
982	982	71	ternary_regression_object	trit_tick_object	colored_bisimulation_candidate	has_aspect	has_counterfactual;from_aspect	has_counterfactual;to_aspect	has_counterfactual;shared_in	witness_arena	0	same_trit_relabel	#1565AE	1.030686	0xe54bfc9da5d7dafb
983	983	71	ternary_regression_object	rng_determinism_object	colored_bisimulation_candidate	has_aspect	has_counterfactual;from_aspect	has_counterfactual;to_aspect	has_counterfactual;shared_in	witness_arena	1	positive_shift	#A5F19B	1.460714	0xc55cafce8282a59a
984	984	71	ternary_regression_object	parallel_invariance_object	colored_bisimulation_candidate	has_aspect	has_counterfactual;from_aspect	has_counterfactual;to_aspect	has_counterfactual;shared_in	witness_arena	-1	negative_shift	#B89DAF	0.591502	0x2f1c63948cb4ceb5
985	985	71	ternary_regression_object	palette_interface_object	colored_bisimulation_candidate	has_aspect	has_counterfactual;from_aspect	has_counterfactual;to_aspect	has_counterfactual;shared_in	witness_arena	0	same_trit_relabel	#D0DA35	0.6834	0xc4b4505d40a9f793
986	986	71	ternary_regression_object	lisp_semantics_object	colored_bisimulation_candidate	has_aspect	has_counterfactual;from_aspect	has_counterfactual;to_aspect	has_counterfactual;shared_in	witness_arena	1	positive_shift	#0EF149	0.920077	0x2349286b3814a59b
987	987	71	ternary_regression_object	entropy_source_object	colored_bisimulation_candidate	has_aspect	has_counterfactual;from_aspect	has_counterfactual;to_aspect	has_counterfactual;shared_in	witness_arena	-1	negative_shift	#558092	0.683409	0x452d1252aa6d9191
988	988	71	ternary_regression_object	propagator_cell_object	colored_bisimulation_candidate	has_aspect	has_counterfactual;from_aspect	has_counterfactual;to_aspect	has_counterfactual;shared_in	witness_arena	0	same_trit_relabel	#2E2E02	0.887818	0x7faafb3f52e3c9c4
989	989	71	ternary_regression_object	abductive_world_object	colored_bisimulation_candidate	has_aspect	has_counterfactual;from_aspect	has_counterfactual;to_aspect	has_counterfactual;shared_in	witness_arena	1	positive_shift	#601CD8	1.096922	0x6bbd93bbe46a1e25
990	990	71	ternary_regression_object	fuzz_soundness_object	colored_bisimulation_candidate	has_aspect	has_counterfactual;from_aspect	has_counterfactual;to_aspect	has_counterfactual;shared_in	witness_arena	-1	negative_shift	#F843C7	1.160487	0xe687efa6281880f8
991	991	71	ternary_regression_object	nonriemannian_gate_object	colored_bisimulation_candidate	has_aspect	has_counterfactual;from_aspect	has_counterfactual;to_aspect	has_counterfactual;shared_in	witness_arena	1	positive_shift	#9DCA25	1.245787	0x594f969e17248dd9
992	992	71	ternary_regression_object	exa_loop_object	colored_bisimulation_candidate	has_aspect	has_counterfactual;from_aspect	has_counterfactual;to_aspect	has_counterfactual;shared_in	witness_arena	-1	negative_shift	#4ED7A0	1.181309	0xfe9707ea4b064baa
993	993	71	ternary_regression_object	aqua_hygiene_object	colored_bisimulation_candidate	has_aspect	has_counterfactual;from_aspect	has_counterfactual;to_aspect	has_counterfactual;shared_in	witness_arena	0	same_trit_relabel	#A7DCC3	0.826177	0x986777e47528c9c0
994	994	71	ternary_regression_object	scip_catcolab_object	colored_bisimulation_candidate	has_aspect	has_counterfactual;from_aspect	has_counterfactual;to_aspect	has_counterfactual;shared_in	witness_arena	1	positive_shift	#446969	0.911708	0x2443a4bbd7fd7ebd
995	995	72	nonriemannian_gate_object	color_space_object	colored_bisimulation_candidate	has_aspect	has_counterfactual;from_aspect	has_counterfactual;to_aspect	has_counterfactual;shared_in	witness_arena	1	positive_shift	#8BA6FF	1.294278	0x617fb5792940f8d3
996	996	72	nonriemannian_gate_object	trit_tick_object	colored_bisimulation_candidate	has_aspect	has_counterfactual;from_aspect	has_counterfactual;to_aspect	has_counterfactual;shared_in	witness_arena	-1	negative_shift	#702642	1.019888	0xd01d677678346339
997	997	72	nonriemannian_gate_object	rng_determinism_object	colored_bisimulation_candidate	has_aspect	has_counterfactual;from_aspect	has_counterfactual;to_aspect	has_counterfactual;shared_in	witness_arena	0	same_trit_relabel	#FD2982	0.404758	0xe1e1fe77c6fe4edb
998	998	72	nonriemannian_gate_object	parallel_invariance_object	colored_bisimulation_candidate	has_aspect	has_counterfactual;from_aspect	has_counterfactual;to_aspect	has_counterfactual;shared_in	witness_arena	1	positive_shift	#722A41	1.099646	0x7c9817794655abba
999	999	72	nonriemannian_gate_object	palette_interface_object	colored_bisimulation_candidate	has_aspect	has_counterfactual;from_aspect	has_counterfactual;to_aspect	has_counterfactual;shared_in	witness_arena	-1	negative_shift	#3D75AB	1.119077	0x8aeb111b4487f362
1000	1000	72	nonriemannian_gate_object	lisp_semantics_object	colored_bisimulation_candidate	has_aspect	has_counterfactual;from_aspect	has_counterfactual;to_aspect	has_counterfactual;shared_in	witness_arena	0	same_trit_relabel	#D6901D	0.468574	0x2bd6eea60268b814
1001	1001	72	nonriemannian_gate_object	entropy_source_object	colored_bisimulation_candidate	has_aspect	has_counterfactual;from_aspect	has_counterfactual;to_aspect	has_counterfactual;shared_in	witness_arena	1	positive_shift	#CC3DD3	0.873742	0xfe88db5f4e6a3a73
1002	1002	72	nonriemannian_gate_object	propagator_cell_object	colored_bisimulation_candidate	has_aspect	has_counterfactual;from_aspect	has_counterfactual;to_aspect	has_counterfactual;shared_in	witness_arena	-1	negative_shift	#ACD9E8	0.391102	0xd20c1db4312a35e6
1003	1003	72	nonriemannian_gate_object	abductive_world_object	colored_bisimulation_candidate	has_aspect	has_counterfactual;from_aspect	has_counterfactual;to_aspect	has_counterfactual;shared_in	witness_arena	0	same_trit_relabel	#DF17A8	1.021183	0xfa1215131a2d380c
1004	1004	72	nonriemannian_gate_object	fuzz_soundness_object	colored_bisimulation_candidate	has_aspect	has_counterfactual;from_aspect	has_counterfactual;to_aspect	has_counterfactual;shared_in	witness_arena	1	positive_shift	#D0F5AB	0.52569	0xf551bd0c21e37c7b
1005	1005	72	nonriemannian_gate_object	ternary_regression_object	colored_bisimulation_candidate	has_aspect	has_counterfactual;from_aspect	has_counterfactual;to_aspect	has_counterfactual;shared_in	witness_arena	-1	negative_shift	#714702	1.004964	0x7d6f685c464497cf
1006	1006	72	nonriemannian_gate_object	exa_loop_object	colored_bisimulation_candidate	has_aspect	has_counterfactual;from_aspect	has_counterfactual;to_aspect	has_counterfactual;shared_in	witness_arena	1	positive_shift	#AA7915	0.970827	0xeb235684f1e0dd9e
1007	1007	72	nonriemannian_gate_object	aqua_hygiene_object	colored_bisimulation_candidate	has_aspect	has_counterfactual;from_aspect	has_counterfactual;to_aspect	has_counterfactual;shared_in	witness_arena	-1	negative_shift	#9DF26C	1.164882	0x448d2e3138fb8b7b
1008	1008	72	nonriemannian_gate_object	scip_catcolab_object	colored_bisimulation_candidate	has_aspect	has_counterfactual;from_aspect	has_counterfactual;to_aspect	has_counterfactual;shared_in	witness_arena	0	same_trit_relabel	#156EA2	1.004006	0x4e853a4b6d951dcf
1009	1009	73	exa_loop_object	color_space_object	colored_bisimulation_candidate	has_aspect	has_counterfactual;from_aspect	has_counterfactual;to_aspect	has_counterfactual;shared_in	witness_arena	0	same_trit_relabel	#DD4FD2	0.509291	0x91899aca2c55e684
1010	1010	73	exa_loop_object	trit_tick_object	colored_bisimulation_candidate	has_aspect	has_counterfactual;from_aspect	has_counterfactual;to_aspect	has_counterfactual;shared_in	witness_arena	1	positive_shift	#C07A2E	0.992495	0xc54704cbc6146238
1011	1011	73	exa_loop_object	rng_determinism_object	colored_bisimulation_candidate	has_aspect	has_counterfactual;from_aspect	has_counterfactual;to_aspect	has_counterfactual;shared_in	witness_arena	-1	negative_shift	#009A8F	1.412912	0xe0e0c667a58dad81
1012	1012	73	exa_loop_object	parallel_invariance_object	colored_bisimulation_candidate	has_aspect	has_counterfactual;from_aspect	has_counterfactual;to_aspect	has_counterfactual;shared_in	witness_arena	0	same_trit_relabel	#96CB8F	0.937722	0x8df588a78818184e
1013	1013	73	exa_loop_object	palette_interface_object	colored_bisimulation_candidate	has_aspect	has_counterfactual;from_aspect	has_counterfactual;to_aspect	has_counterfactual;shared_in	witness_arena	1	positive_shift	#DE9CA4	0.756154	0xf0c00069f7b0afb6
1014	1014	73	exa_loop_object	lisp_semantics_object	colored_bisimulation_candidate	has_aspect	has_counterfactual;from_aspect	has_counterfactual;to_aspect	has_counterfactual;shared_in	witness_arena	-1	negative_shift	#1D1D82	1.053771	0x1588fbc752b3b0ea
1015	1015	73	exa_loop_object	entropy_source_object	colored_bisimulation_candidate	has_aspect	has_counterfactual;from_aspect	has_counterfactual;to_aspect	has_counterfactual;shared_in	witness_arena	0	same_trit_relabel	#1DF94B	0.864606	0x391dda0d15f31771
1016	1016	73	exa_loop_object	propagator_cell_object	colored_bisimulation_candidate	has_aspect	has_counterfactual;from_aspect	has_counterfactual;to_aspect	has_counterfactual;shared_in	witness_arena	1	positive_shift	#800A25	1.402031	0x20fdf7a3abe17d9c
1017	1017	73	exa_loop_object	abductive_world_object	colored_bisimulation_candidate	has_aspect	has_counterfactual;from_aspect	has_counterfactual;to_aspect	has_counterfactual;shared_in	witness_arena	-1	negative_shift	#26A7FD	0.814873	0xaa43e0db4a5a5426
1018	1018	73	exa_loop_object	fuzz_soundness_object	colored_bisimulation_candidate	has_aspect	has_counterfactual;from_aspect	has_counterfactual;to_aspect	has_counterfactual;shared_in	witness_arena	0	same_trit_relabel	#F6082E	1.15164	0xe59de5440bc039d0
1019	1019	73	exa_loop_object	ternary_regression_object	colored_bisimulation_candidate	has_aspect	has_counterfactual;from_aspect	has_counterfactual;to_aspect	has_counterfactual;shared_in	witness_arena	1	positive_shift	#17113E	1.052629	0x516d2bfab975d351
1020	1020	73	exa_loop_object	nonriemannian_gate_object	colored_bisimulation_candidate	has_aspect	has_counterfactual;from_aspect	has_counterfactual;to_aspect	has_counterfactual;shared_in	witness_arena	-1	negative_shift	#42F3C8	1.141957	0xdd10a0a06809042a
1021	1021	73	exa_loop_object	aqua_hygiene_object	colored_bisimulation_candidate	has_aspect	has_counterfactual;from_aspect	has_counterfactual;to_aspect	has_counterfactual;shared_in	witness_arena	1	positive_shift	#36A851	0.611627	0xba1c84ab3e660765
1022	1022	73	exa_loop_object	scip_catcolab_object	colored_bisimulation_candidate	has_aspect	has_counterfactual;from_aspect	has_counterfactual;to_aspect	has_counterfactual;shared_in	witness_arena	-1	negative_shift	#10E9CF	0.656809	0x4ed504e9a99c63b8
1023	1023	74	aqua_hygiene_object	color_space_object	colored_bisimulation_candidate	has_aspect	has_counterfactual;from_aspect	has_counterfactual;to_aspect	has_counterfactual;shared_in	witness_arena	-1	negative_shift	#12A62C	0.879939	0x3d335169752f7baa
1024	1024	74	aqua_hygiene_object	trit_tick_object	colored_bisimulation_candidate	has_aspect	has_counterfactual;from_aspect	has_counterfactual;to_aspect	has_counterfactual;shared_in	witness_arena	0	same_trit_relabel	#639C60	0.332271	0x4a0d7aa33f93b26f
1025	1025	74	aqua_hygiene_object	rng_determinism_object	colored_bisimulation_candidate	has_aspect	has_counterfactual;from_aspect	has_counterfactual;to_aspect	has_counterfactual;shared_in	witness_arena	1	positive_shift	#661CD8	0.699155	0xbe60bdf3e3e0fdb1
1026	1026	74	aqua_hygiene_object	parallel_invariance_object	colored_bisimulation_candidate	has_aspect	has_counterfactual;from_aspect	has_counterfactual;to_aspect	has_counterfactual;shared_in	witness_arena	-1	negative_shift	#AC2750	1.299425	0xca555146c67bc7e2
1027	1027	74	aqua_hygiene_object	palette_interface_object	colored_bisimulation_candidate	has_aspect	has_counterfactual;from_aspect	has_counterfactual;to_aspect	has_counterfactual;shared_in	witness_arena	0	same_trit_relabel	#BFF449	0.976345	0xe0582e5c224e5fde
1028	1028	74	aqua_hygiene_object	lisp_semantics_object	colored_bisimulation_candidate	has_aspect	has_counterfactual;from_aspect	has_counterfactual;to_aspect	has_counterfactual;shared_in	witness_arena	1	positive_shift	#AA1465	1.203303	0xe487e4e8a55a5943
1029	1029	74	aqua_hygiene_object	entropy_source_object	colored_bisimulation_candidate	has_aspect	has_counterfactual;from_aspect	has_counterfactual;to_aspect	has_counterfactual;shared_in	witness_arena	-1	negative_shift	#5FBF22	1.18792	0xd05b9ea7ad962ab0
1030	1030	74	aqua_hygiene_object	propagator_cell_object	colored_bisimulation_candidate	has_aspect	has_counterfactual;from_aspect	has_counterfactual;to_aspect	has_counterfactual;shared_in	witness_arena	0	same_trit_relabel	#836854	0.645905	0x8e3bbeaaae22271c
1031	1031	74	aqua_hygiene_object	abductive_world_object	colored_bisimulation_candidate	has_aspect	has_counterfactual;from_aspect	has_counterfactual;to_aspect	has_counterfactual;shared_in	witness_arena	1	positive_shift	#A434AD	1.095471	0xadcbd6e4d31fcab0
1032	1032	74	aqua_hygiene_object	fuzz_soundness_object	colored_bisimulation_candidate	has_aspect	has_counterfactual;from_aspect	has_counterfactual;to_aspect	has_counterfactual;shared_in	witness_arena	-1	negative_shift	#83561E	1.189449	0x7676d6576cfd7dc8
1033	1033	74	aqua_hygiene_object	ternary_regression_object	colored_bisimulation_candidate	has_aspect	has_counterfactual;from_aspect	has_counterfactual;to_aspect	has_counterfactual;shared_in	witness_arena	0	same_trit_relabel	#F1EC2D	0.776362	0x383cfa2b2fa4d5b9
1034	1034	74	aqua_hygiene_object	nonriemannian_gate_object	colored_bisimulation_candidate	has_aspect	has_counterfactual;from_aspect	has_counterfactual;to_aspect	has_counterfactual;shared_in	witness_arena	1	positive_shift	#D85FDD	0.635167	0xaea76c3569e40f71
1035	1035	74	aqua_hygiene_object	exa_loop_object	colored_bisimulation_candidate	has_aspect	has_counterfactual;from_aspect	has_counterfactual;to_aspect	has_counterfactual;shared_in	witness_arena	-1	negative_shift	#5F8336	0.775533	0x7c364bb66f244f85
1036	1036	74	aqua_hygiene_object	scip_catcolab_object	colored_bisimulation_candidate	has_aspect	has_counterfactual;from_aspect	has_counterfactual;to_aspect	has_counterfactual;shared_in	witness_arena	1	positive_shift	#E539E1	1.370661	0x0ec1fae566eb5265
1037	1037	75	scip_catcolab_object	color_space_object	colored_bisimulation_candidate	has_aspect	has_counterfactual;from_aspect	has_counterfactual;to_aspect	has_counterfactual;shared_in	witness_arena	1	positive_shift	#B3A649	0.64816	0xc3c4ea37b5f554f7
1038	1038	75	scip_catcolab_object	trit_tick_object	colored_bisimulation_candidate	has_aspect	has_counterfactual;from_aspect	has_counterfactual;to_aspect	has_counterfactual;shared_in	witness_arena	-1	negative_shift	#63DE7C	0.693307	0x2fd1f23b15eefdd2
1039	1039	75	scip_catcolab_object	rng_determinism_object	colored_bisimulation_candidate	has_aspect	has_counterfactual;from_aspect	has_counterfactual;to_aspect	has_counterfactual;shared_in	witness_arena	0	same_trit_relabel	#3CF1CC	0.812238	0x8af3d4df4b8116f1
1040	1040	75	scip_catcolab_object	parallel_invariance_object	colored_bisimulation_candidate	has_aspect	has_counterfactual;from_aspect	has_counterfactual;to_aspect	has_counterfactual;shared_in	witness_arena	1	positive_shift	#0289A7	1.463147	0xa0e57dd7bc55fa65
1041	1041	75	scip_catcolab_object	palette_interface_object	colored_bisimulation_candidate	has_aspect	has_counterfactual;from_aspect	has_counterfactual;to_aspect	has_counterfactual;shared_in	witness_arena	-1	negative_shift	#F5AFE9	0.983226	0xf85eef5f436aef85
1042	1042	75	scip_catcolab_object	lisp_semantics_object	colored_bisimulation_candidate	has_aspect	has_counterfactual;from_aspect	has_counterfactual;to_aspect	has_counterfactual;shared_in	witness_arena	0	same_trit_relabel	#CDA28E	0.809488	0x935e98960bac5268
1043	1043	75	scip_catcolab_object	entropy_source_object	colored_bisimulation_candidate	has_aspect	has_counterfactual;from_aspect	has_counterfactual;to_aspect	has_counterfactual;shared_in	witness_arena	1	positive_shift	#1943E5	1.330276	0x4a65a2a30e9092e0
1044	1044	75	scip_catcolab_object	propagator_cell_object	colored_bisimulation_candidate	has_aspect	has_counterfactual;from_aspect	has_counterfactual;to_aspect	has_counterfactual;shared_in	witness_arena	-1	negative_shift	#429F57	1.281745	0x6d4dbd94e214b43a
1045	1045	75	scip_catcolab_object	abductive_world_object	colored_bisimulation_candidate	has_aspect	has_counterfactual;from_aspect	has_counterfactual;to_aspect	has_counterfactual;shared_in	witness_arena	0	same_trit_relabel	#D2B73F	0.658321	0x9d016fe0f963766e
1046	1046	75	scip_catcolab_object	fuzz_soundness_object	colored_bisimulation_candidate	has_aspect	has_counterfactual;from_aspect	has_counterfactual;to_aspect	has_counterfactual;shared_in	witness_arena	1	positive_shift	#70C5FD	1.436222	0x5be9086768cb5a3c
1047	1047	75	scip_catcolab_object	ternary_regression_object	colored_bisimulation_candidate	has_aspect	has_counterfactual;from_aspect	has_counterfactual;to_aspect	has_counterfactual;shared_in	witness_arena	-1	negative_shift	#C3C4B5	0.81869	0xb68cc1f6be6c357d
1048	1048	75	scip_catcolab_object	nonriemannian_gate_object	colored_bisimulation_candidate	has_aspect	has_counterfactual;from_aspect	has_counterfactual;to_aspect	has_counterfactual;shared_in	witness_arena	0	same_trit_relabel	#4F43C0	0.610469	0x4b639c6faafb6e72
1049	1049	75	scip_catcolab_object	exa_loop_object	colored_bisimulation_candidate	has_aspect	has_counterfactual;from_aspect	has_counterfactual;to_aspect	has_counterfactual;shared_in	witness_arena	1	positive_shift	#08641B	0.732063	0x5525dec57dc4a624
1050	1050	75	scip_catcolab_object	aqua_hygiene_object	colored_bisimulation_candidate	has_aspect	has_counterfactual;from_aspect	has_counterfactual;to_aspect	has_counterfactual;shared_in	witness_arena	-1	negative_shift	#384ECE	0.67442	0x1b0e272ad01c3b24
1051	1051	76	color_space_object	trit_tick_object	colored_bisimulation_candidate	has_aspect	has_counterfactual;from_aspect	has_counterfactual;to_aspect	has_counterfactual;shared_in	witness_arena	1	positive_shift	#2764AA	0.773423	0xf5969afe602b62a2
1052	1052	76	color_space_object	rng_determinism_object	colored_bisimulation_candidate	has_aspect	has_counterfactual;from_aspect	has_counterfactual;to_aspect	has_counterfactual;shared_in	witness_arena	-1	negative_shift	#9E6D48	1.236036	0x13bcd9f9ef69042b
1053	1053	76	color_space_object	parallel_invariance_object	colored_bisimulation_candidate	has_aspect	has_counterfactual;from_aspect	has_counterfactual;to_aspect	has_counterfactual;shared_in	witness_arena	0	same_trit_relabel	#C10875	0.953409	0xe6d48b86eedc6147
1054	1054	76	color_space_object	palette_interface_object	colored_bisimulation_candidate	has_aspect	has_counterfactual;from_aspect	has_counterfactual;to_aspect	has_counterfactual;shared_in	witness_arena	1	positive_shift	#72C5CE	0.857006	0xcd846124d9cc0a67
1055	1055	76	color_space_object	lisp_semantics_object	colored_bisimulation_candidate	has_aspect	has_counterfactual;from_aspect	has_counterfactual;to_aspect	has_counterfactual;shared_in	witness_arena	-1	negative_shift	#E1C1E2	1.065575	0xb6bada873040c3fa
1056	1056	76	color_space_object	entropy_source_object	colored_bisimulation_candidate	has_aspect	has_counterfactual;from_aspect	has_counterfactual;to_aspect	has_counterfactual;shared_in	witness_arena	0	same_trit_relabel	#FD795C	0.862353	0x294912c291ab6904
1057	1057	76	color_space_object	propagator_cell_object	colored_bisimulation_candidate	has_aspect	has_counterfactual;from_aspect	has_counterfactual;to_aspect	has_counterfactual;shared_in	witness_arena	1	positive_shift	#F8C550	1.299099	0xd401b9a229260b0a
1058	1058	76	color_space_object	abductive_world_object	colored_bisimulation_candidate	has_aspect	has_counterfactual;from_aspect	has_counterfactual;to_aspect	has_counterfactual;shared_in	witness_arena	-1	negative_shift	#B0F984	0.761862	0xae41bccca6536c37
1059	1059	76	color_space_object	fuzz_soundness_object	colored_bisimulation_candidate	has_aspect	has_counterfactual;from_aspect	has_counterfactual;to_aspect	has_counterfactual;shared_in	witness_arena	0	same_trit_relabel	#B23549	1.091056	0x33f93f56b276aa50
1060	1060	76	color_space_object	ternary_regression_object	colored_bisimulation_candidate	has_aspect	has_counterfactual;from_aspect	has_counterfactual;to_aspect	has_counterfactual;shared_in	witness_arena	1	positive_shift	#D25B4F	0.955344	0x35814536e39b9626
1061	1061	76	color_space_object	nonriemannian_gate_object	colored_bisimulation_candidate	has_aspect	has_counterfactual;from_aspect	has_counterfactual;to_aspect	has_counterfactual;shared_in	witness_arena	-1	negative_shift	#11181F	0.973703	0xbb08c59fb2c39be1
1062	1062	76	color_space_object	exa_loop_object	colored_bisimulation_candidate	has_aspect	has_counterfactual;from_aspect	has_counterfactual;to_aspect	has_counterfactual;shared_in	witness_arena	0	same_trit_relabel	#5653DA	0.363375	0xc1340d370562be7d
1063	1063	76	color_space_object	aqua_hygiene_object	colored_bisimulation_candidate	has_aspect	has_counterfactual;from_aspect	has_counterfactual;to_aspect	has_counterfactual;shared_in	witness_arena	1	positive_shift	#1AA81B	0.483228	0x401b2fef50aaa021
1064	1064	76	color_space_object	scip_catcolab_object	colored_bisimulation_candidate	has_aspect	has_counterfactual;from_aspect	has_counterfactual;to_aspect	has_counterfactual;shared_in	witness_arena	-1	negative_shift	#9C3AFA	0.828151	0xd9eb4973c9615049
1065	1065	77	trit_tick_object	color_space_object	colored_bisimulation_candidate	has_aspect	has_counterfactual;from_aspect	has_counterfactual;to_aspect	has_counterfactual;shared_in	witness_arena	-1	negative_shift	#E0441C	1.328238	0x45ecf00df34e6907
1066	1066	77	trit_tick_object	rng_determinism_object	colored_bisimulation_candidate	has_aspect	has_counterfactual;from_aspect	has_counterfactual;to_aspect	has_counterfactual;shared_in	witness_arena	1	positive_shift	#5446D3	1.173373	0x198f46911490bd21
1067	1067	77	trit_tick_object	parallel_invariance_object	colored_bisimulation_candidate	has_aspect	has_counterfactual;from_aspect	has_counterfactual;to_aspect	has_counterfactual;shared_in	witness_arena	-1	negative_shift	#C2DD6D	0.577418	0xc18d08712b68cca1
1068	1068	77	trit_tick_object	palette_interface_object	colored_bisimulation_candidate	has_aspect	has_counterfactual;from_aspect	has_counterfactual;to_aspect	has_counterfactual;shared_in	witness_arena	0	same_trit_relabel	#9D121D	0.68367	0x883ea175a111c130
1069	1069	77	trit_tick_object	lisp_semantics_object	colored_bisimulation_candidate	has_aspect	has_counterfactual;from_aspect	has_counterfactual;to_aspect	has_counterfactual;shared_in	witness_arena	1	positive_shift	#AAFBCE	0.758638	0x3edc58af8531b51a
1070	1070	77	trit_tick_object	entropy_source_object	colored_bisimulation_candidate	has_aspect	has_counterfactual;from_aspect	has_counterfactual;to_aspect	has_counterfactual;shared_in	witness_arena	-1	negative_shift	#877FD2	0.414179	0xa77f15fd6495a40d
1071	1071	77	trit_tick_object	propagator_cell_object	colored_bisimulation_candidate	has_aspect	has_counterfactual;from_aspect	has_counterfactual;to_aspect	has_counterfactual;shared_in	witness_arena	0	same_trit_relabel	#83E450	0.566555	0x40808094c54693ef
1072	1072	77	trit_tick_object	abductive_world_object	colored_bisimulation_candidate	has_aspect	has_counterfactual;from_aspect	has_counterfactual;to_aspect	has_counterfactual;shared_in	witness_arena	1	positive_shift	#B9D370	1.144994	0xf61097c362d5629b
1073	1073	77	trit_tick_object	fuzz_soundness_object	colored_bisimulation_candidate	has_aspect	has_counterfactual;from_aspect	has_counterfactual;to_aspect	has_counterfactual;shared_in	witness_arena	-1	negative_shift	#10FF1F	0.83583	0xc80d87896ffa3f5c
1074	1074	77	trit_tick_object	ternary_regression_object	colored_bisimulation_candidate	has_aspect	has_counterfactual;from_aspect	has_counterfactual;to_aspect	has_counterfactual;shared_in	witness_arena	0	same_trit_relabel	#6169A1	0.959791	0xdc87c7ad62adb0b3
1075	1075	77	trit_tick_object	nonriemannian_gate_object	colored_bisimulation_candidate	has_aspect	has_counterfactual;from_aspect	has_counterfactual;to_aspect	has_counterfactual;shared_in	witness_arena	1	positive_shift	#874427	1.012614	0x4a22ee734888823d
1076	1076	77	trit_tick_object	exa_loop_object	colored_bisimulation_candidate	has_aspect	has_counterfactual;from_aspect	has_counterfactual;to_aspect	has_counterfactual;shared_in	witness_arena	-1	negative_shift	#CB57CB	1.047823	0x1e385b712a6632e4
1077	1077	77	trit_tick_object	aqua_hygiene_object	colored_bisimulation_candidate	has_aspect	has_counterfactual;from_aspect	has_counterfactual;to_aspect	has_counterfactual;shared_in	witness_arena	0	same_trit_relabel	#F91A87	0.793224	0x9aad5beb1b5c62a8
1078	1078	77	trit_tick_object	scip_catcolab_object	colored_bisimulation_candidate	has_aspect	has_counterfactual;from_aspect	has_counterfactual;to_aspect	has_counterfactual;shared_in	witness_arena	1	positive_shift	#14F896	1.054028	0x1b550f130930744e
1079	1079	78	rng_determinism_object	color_space_object	colored_bisimulation_candidate	has_aspect	has_counterfactual;from_aspect	has_counterfactual;to_aspect	has_counterfactual;shared_in	witness_arena	1	positive_shift	#3AE489	1.549532	0x9ffd84d969592d4f
1080	1080	78	rng_determinism_object	trit_tick_object	colored_bisimulation_candidate	has_aspect	has_counterfactual;from_aspect	has_counterfactual;to_aspect	has_counterfactual;shared_in	witness_arena	-1	negative_shift	#CA9BC9	1.32174	0x56c8b34dd064e922
1081	1081	78	rng_determinism_object	parallel_invariance_object	colored_bisimulation_candidate	has_aspect	has_counterfactual;from_aspect	has_counterfactual;to_aspect	has_counterfactual;shared_in	witness_arena	1	positive_shift	#176A53	1.0079	0xd9cf5c082cec1c6a
1082	1082	78	rng_determinism_object	palette_interface_object	colored_bisimulation_candidate	has_aspect	has_counterfactual;from_aspect	has_counterfactual;to_aspect	has_counterfactual;shared_in	witness_arena	-1	negative_shift	#99AA26	1.199299	0x5d936fa37864c8ad
1083	1083	78	rng_determinism_object	lisp_semantics_object	colored_bisimulation_candidate	has_aspect	has_counterfactual;from_aspect	has_counterfactual;to_aspect	has_counterfactual;shared_in	witness_arena	0	same_trit_relabel	#E958AD	0.507218	0xce17675d26362465
1084	1084	78	rng_determinism_object	entropy_source_object	colored_bisimulation_candidate	has_aspect	has_counterfactual;from_aspect	has_counterfactual;to_aspect	has_counterfactual;shared_in	witness_arena	1	positive_shift	#C7FB0E	0.809089	0x40a732383a5efe86
1085	1085	78	rng_determinism_object	propagator_cell_object	colored_bisimulation_candidate	has_aspect	has_counterfactual;from_aspect	has_counterfactual;to_aspect	has_counterfactual;shared_in	witness_arena	-1	negative_shift	#2C70B5	0.72014	0x86d8aeba7d7da2a5
1086	1086	78	rng_determinism_object	abductive_world_object	colored_bisimulation_candidate	has_aspect	has_counterfactual;from_aspect	has_counterfactual;to_aspect	has_counterfactual;shared_in	witness_arena	0	same_trit_relabel	#0AB01A	1.16357	0x00c7b52cc0a0cb9b
1087	1087	78	rng_determinism_object	fuzz_soundness_object	colored_bisimulation_candidate	has_aspect	has_counterfactual;from_aspect	has_counterfactual;to_aspect	has_counterfactual;shared_in	witness_arena	1	positive_shift	#3F6F43	0.509847	0xf3beb9b0918431ec
1088	1088	78	rng_determinism_object	ternary_regression_object	colored_bisimulation_candidate	has_aspect	has_counterfactual;from_aspect	has_counterfactual;to_aspect	has_counterfactual;shared_in	witness_arena	-1	negative_shift	#559CEA	1.267819	0x7b3b24aa4d4b213d
1089	1089	78	rng_determinism_object	nonriemannian_gate_object	colored_bisimulation_candidate	has_aspect	has_counterfactual;from_aspect	has_counterfactual;to_aspect	has_counterfactual;shared_in	witness_arena	0	same_trit_relabel	#B22733	0.74101	0x3ec9e5f760592c76
1090	1090	78	rng_determinism_object	exa_loop_object	colored_bisimulation_candidate	has_aspect	has_counterfactual;from_aspect	has_counterfactual;to_aspect	has_counterfactual;shared_in	witness_arena	1	positive_shift	#AA7D5F	1.221843	0xd83f9bafe40a337b
1091	1091	78	rng_determinism_object	aqua_hygiene_object	colored_bisimulation_candidate	has_aspect	has_counterfactual;from_aspect	has_counterfactual;to_aspect	has_counterfactual;shared_in	witness_arena	-1	negative_shift	#FDA3AE	1.361794	0x18485a116a975158
1092	1092	78	rng_determinism_object	scip_catcolab_object	colored_bisimulation_candidate	has_aspect	has_counterfactual;from_aspect	has_counterfactual;to_aspect	has_counterfactual;shared_in	witness_arena	0	same_trit_relabel	#A80F4B	1.05713	0x66033af0591738f2
1093	1093	79	parallel_invariance_object	color_space_object	colored_bisimulation_candidate	has_aspect	has_counterfactual;from_aspect	has_counterfactual;to_aspect	has_counterfactual;shared_in	witness_arena	0	same_trit_relabel	#07E2DF	0.831558	0x1185d880957c8c8a
1094	1094	79	parallel_invariance_object	trit_tick_object	colored_bisimulation_candidate	has_aspect	has_counterfactual;from_aspect	has_counterfactual;to_aspect	has_counterfactual;shared_in	witness_arena	1	positive_shift	#CAA089	1.12151	0xc187f3a57c8a721f
1095	1095	79	parallel_invariance_object	rng_determinism_object	colored_bisimulation_candidate	has_aspect	has_counterfactual;from_aspect	has_counterfactual;to_aspect	has_counterfactual;shared_in	witness_arena	-1	negative_shift	#ACB60D	1.331617	0x13fd1f0f006bda7b
1096	1096	79	parallel_invariance_object	palette_interface_object	colored_bisimulation_candidate	has_aspect	has_counterfactual;from_aspect	has_counterfactual;to_aspect	has_counterfactual;shared_in	witness_arena	1	positive_shift	#AEDE0B	0.442364	0x8586368e6fa65579
1097	1097	79	parallel_invariance_object	lisp_semantics_object	colored_bisimulation_candidate	has_aspect	has_counterfactual;from_aspect	has_counterfactual;to_aspect	has_counterfactual;shared_in	witness_arena	-1	negative_shift	#D011C8	0.66908	0xa2b2f870b7d871f8
1098	1098	79	parallel_invariance_object	entropy_source_object	colored_bisimulation_candidate	has_aspect	has_counterfactual;from_aspect	has_counterfactual;to_aspect	has_counterfactual;shared_in	witness_arena	0	same_trit_relabel	#961BAC	0.590336	0x57afe0721f054fd2
1099	1099	79	parallel_invariance_object	propagator_cell_object	colored_bisimulation_candidate	has_aspect	has_counterfactual;from_aspect	has_counterfactual;to_aspect	has_counterfactual;shared_in	witness_arena	1	positive_shift	#62AEF8	1.158169	0xcf441885a5d1d25e
1100	1100	79	parallel_invariance_object	abductive_world_object	colored_bisimulation_candidate	has_aspect	has_counterfactual;from_aspect	has_counterfactual;to_aspect	has_counterfactual;shared_in	witness_arena	-1	negative_shift	#34079F	1.083717	0x06f25452da17cd85
1101	1101	79	parallel_invariance_object	fuzz_soundness_object	colored_bisimulation_candidate	has_aspect	has_counterfactual;from_aspect	has_counterfactual;to_aspect	has_counterfactual;shared_in	witness_arena	0	same_trit_relabel	#E151BD	0.818575	0xda8fd0ff890f6810
1102	1102	79	parallel_invariance_object	ternary_regression_object	colored_bisimulation_candidate	has_aspect	has_counterfactual;from_aspect	has_counterfactual;to_aspect	has_counterfactual;shared_in	witness_arena	1	positive_shift	#D94C1C	0.97495	0x746df139d258acb1
1103	1103	79	parallel_invariance_object	nonriemannian_gate_object	colored_bisimulation_candidate	has_aspect	has_counterfactual;from_aspect	has_counterfactual;to_aspect	has_counterfactual;shared_in	witness_arena	-1	negative_shift	#E8A018	1.107662	0xdfd9d658cbf68b3f
1104	1104	79	parallel_invariance_object	exa_loop_object	colored_bisimulation_candidate	has_aspect	has_counterfactual;from_aspect	has_counterfactual;to_aspect	has_counterfactual;shared_in	witness_arena	0	same_trit_relabel	#D2A745	0.625622	0xd1c9be312b7847e4
1105	1105	79	parallel_invariance_object	aqua_hygiene_object	colored_bisimulation_candidate	has_aspect	has_counterfactual;from_aspect	has_counterfactual;to_aspect	has_counterfactual;shared_in	witness_arena	1	positive_shift	#C79D42	0.847852	0x8c23a42ff7245f3a
1106	1106	79	parallel_invariance_object	scip_catcolab_object	colored_bisimulation_candidate	has_aspect	has_counterfactual;from_aspect	has_counterfactual;to_aspect	has_counterfactual;shared_in	witness_arena	-1	negative_shift	#BED224	0.715681	0xd326e695deb19cc4
1107	1107	80	palette_interface_object	color_space_object	colored_bisimulation_candidate	has_aspect	has_counterfactual;from_aspect	has_counterfactual;to_aspect	has_counterfactual;shared_in	witness_arena	-1	negative_shift	#8FE368	1.394341	0x33cb9c1cd480560d
1108	1108	80	palette_interface_object	trit_tick_object	colored_bisimulation_candidate	has_aspect	has_counterfactual;from_aspect	has_counterfactual;to_aspect	has_counterfactual;shared_in	witness_arena	0	same_trit_relabel	#8E30FF	0.911273	0x72f232994732a8e9
1109	1109	80	palette_interface_object	rng_determinism_object	colored_bisimulation_candidate	has_aspect	has_counterfactual;from_aspect	has_counterfactual;to_aspect	has_counterfactual;shared_in	witness_arena	1	positive_shift	#019C77	1.332918	0x02e8a8fd38fbe7f0
1110	1110	80	palette_interface_object	parallel_invariance_object	colored_bisimulation_candidate	has_aspect	has_counterfactual;from_aspect	has_counterfactual;to_aspect	has_counterfactual;shared_in	witness_arena	-1	negative_shift	#0C3E47	1.494826	0x234264275f4c1ae3
1111	1111	80	palette_interface_object	lisp_semantics_object	colored_bisimulation_candidate	has_aspect	has_counterfactual;from_aspect	has_counterfactual;to_aspect	has_counterfactual;shared_in	witness_arena	1	positive_shift	#CA2D30	0.890486	0x188f02e541ef284e
1112	1112	80	palette_interface_object	entropy_source_object	colored_bisimulation_candidate	has_aspect	has_counterfactual;from_aspect	has_counterfactual;to_aspect	has_counterfactual;shared_in	witness_arena	-1	negative_shift	#E1B7D4	1.276175	0x87d1a32e23feadb3
1113	1113	80	palette_interface_object	propagator_cell_object	colored_bisimulation_candidate	has_aspect	has_counterfactual;from_aspect	has_counterfactual;to_aspect	has_counterfactual;shared_in	witness_arena	0	same_trit_relabel	#8BD5EA	0.859361	0x33d597019d7a38ed
1114	1114	80	palette_interface_object	abductive_world_object	colored_bisimulation_candidate	has_aspect	has_counterfactual;from_aspect	has_counterfactual;to_aspect	has_counterfactual;shared_in	witness_arena	1	positive_shift	#923C48	1.502283	0x3516a62f1c9ce4fe
1115	1115	80	palette_interface_object	fuzz_soundness_object	colored_bisimulation_candidate	has_aspect	has_counterfactual;from_aspect	has_counterfactual;to_aspect	has_counterfactual;shared_in	witness_arena	-1	negative_shift	#F19C75	1.19023	0xe585093913b43bb6
1116	1116	80	palette_interface_object	ternary_regression_object	colored_bisimulation_candidate	has_aspect	has_counterfactual;from_aspect	has_counterfactual;to_aspect	has_counterfactual;shared_in	witness_arena	0	same_trit_relabel	#4EB492	0.450861	0x0245f1ef74c0be38
1117	1117	80	palette_interface_object	nonriemannian_gate_object	colored_bisimulation_candidate	has_aspect	has_counterfactual;from_aspect	has_counterfactual;to_aspect	has_counterfactual;shared_in	witness_arena	1	positive_shift	#B9C172	1.23079	0x526ebb43012a2d41
1118	1118	80	palette_interface_object	exa_loop_object	colored_bisimulation_candidate	has_aspect	has_counterfactual;from_aspect	has_counterfactual;to_aspect	has_counterfactual;shared_in	witness_arena	-1	negative_shift	#A10C5E	1.173154	0xa16c301cf4c5fc07
1119	1119	80	palette_interface_object	aqua_hygiene_object	colored_bisimulation_candidate	has_aspect	has_counterfactual;from_aspect	has_counterfactual;to_aspect	has_counterfactual;shared_in	witness_arena	0	same_trit_relabel	#75CD5C	0.809412	0x7a90a3b3fc6b7aa0
1120	1120	80	palette_interface_object	scip_catcolab_object	colored_bisimulation_candidate	has_aspect	has_counterfactual;from_aspect	has_counterfactual;to_aspect	has_counterfactual;shared_in	witness_arena	1	positive_shift	#ED45BF	1.220934	0x59372413b94f58df
1121	1121	81	lisp_semantics_object	color_space_object	colored_bisimulation_candidate	has_aspect	has_counterfactual;from_aspect	has_counterfactual;to_aspect	has_counterfactual;shared_in	witness_arena	1	positive_shift	#C02B83	1.225729	0xa69ca02d9ef66019
1122	1122	81	lisp_semantics_object	trit_tick_object	colored_bisimulation_candidate	has_aspect	has_counterfactual;from_aspect	has_counterfactual;to_aspect	has_counterfactual;shared_in	witness_arena	-1	negative_shift	#824CB7	0.940696	0x24e0f1ee44c028a7
1123	1123	81	lisp_semantics_object	rng_determinism_object	colored_bisimulation_candidate	has_aspect	has_counterfactual;from_aspect	has_counterfactual;to_aspect	has_counterfactual;shared_in	witness_arena	0	same_trit_relabel	#3663EF	0.265105	0x5390e138ccef0890
1124	1124	81	lisp_semantics_object	parallel_invariance_object	colored_bisimulation_candidate	has_aspect	has_counterfactual;from_aspect	has_counterfactual;to_aspect	has_counterfactual;shared_in	witness_arena	1	positive_shift	#8B825D	1.124111	0x1409d3da48808654
1125	1125	81	lisp_semantics_object	palette_interface_object	colored_bisimulation_candidate	has_aspect	has_counterfactual;from_aspect	has_counterfactual;to_aspect	has_counterfactual;shared_in	witness_arena	-1	negative_shift	#5EA448	1.185109	0x35f852774ff0edc5
1126	1126	81	lisp_semantics_object	entropy_source_object	colored_bisimulation_candidate	has_aspect	has_counterfactual;from_aspect	has_counterfactual;to_aspect	has_counterfactual;shared_in	witness_arena	1	positive_shift	#7B3E73	0.923409	0x1a2f0224654aba47
1127	1127	81	lisp_semantics_object	propagator_cell_object	colored_bisimulation_candidate	has_aspect	has_counterfactual;from_aspect	has_counterfactual;to_aspect	has_counterfactual;shared_in	witness_arena	-1	negative_shift	#CC6EBA	0.443417	0xe61cb89b9940d254
1128	1128	81	lisp_semantics_object	abductive_world_object	colored_bisimulation_candidate	has_aspect	has_counterfactual;from_aspect	has_counterfactual;to_aspect	has_counterfactual;shared_in	witness_arena	0	same_trit_relabel	#E77D20	0.979529	0x441d7ea9c2e28fa7
1129	1129	81	lisp_semantics_object	fuzz_soundness_object	colored_bisimulation_candidate	has_aspect	has_counterfactual;from_aspect	has_counterfactual;to_aspect	has_counterfactual;shared_in	witness_arena	1	positive_shift	#5EB696	0.659814	0x0f56b6478e39a0b7
1130	1130	81	lisp_semantics_object	ternary_regression_object	colored_bisimulation_candidate	has_aspect	has_counterfactual;from_aspect	has_counterfactual;to_aspect	has_counterfactual;shared_in	witness_arena	-1	negative_shift	#82A460	1.029133	0x7b09d3e3b9eefd9d
1131	1131	81	lisp_semantics_object	nonriemannian_gate_object	colored_bisimulation_candidate	has_aspect	has_counterfactual;from_aspect	has_counterfactual;to_aspect	has_counterfactual;shared_in	witness_arena	0	same_trit_relabel	#93B367	0.338802	0x5a12f2008fc4e96a
1132	1132	81	lisp_semantics_object	exa_loop_object	colored_bisimulation_candidate	has_aspect	has_counterfactual;from_aspect	has_counterfactual;to_aspect	has_counterfactual;shared_in	witness_arena	1	positive_shift	#4627B3	0.921765	0xe8b3d0c7665e595f
1133	1133	81	lisp_semantics_object	aqua_hygiene_object	colored_bisimulation_candidate	has_aspect	has_counterfactual;from_aspect	has_counterfactual;to_aspect	has_counterfactual;shared_in	witness_arena	-1	negative_shift	#A32AF5	1.148888	0x13d35463c0480292
1134	1134	81	lisp_semantics_object	scip_catcolab_object	colored_bisimulation_candidate	has_aspect	has_counterfactual;from_aspect	has_counterfactual;to_aspect	has_counterfactual;shared_in	witness_arena	0	same_trit_relabel	#1E9F50	1.035992	0x63e157163d40c35f
1135	1135	82	entropy_source_object	color_space_object	colored_bisimulation_candidate	has_aspect	has_counterfactual;from_aspect	has_counterfactual;to_aspect	has_counterfactual;shared_in	witness_arena	0	same_trit_relabel	#80B337	0.45069	0x4635c51ca6e15322
1136	1136	82	entropy_source_object	trit_tick_object	colored_bisimulation_candidate	has_aspect	has_counterfactual;from_aspect	has_counterfactual;to_aspect	has_counterfactual;shared_in	witness_arena	1	positive_shift	#A10659	1.019989	0xbee7f643da98e118
1137	1137	82	entropy_source_object	rng_determinism_object	colored_bisimulation_candidate	has_aspect	has_counterfactual;from_aspect	has_counterfactual;to_aspect	has_counterfactual;shared_in	witness_arena	-1	negative_shift	#C8744B	1.44198	0xcb6597e2feada298
1138	1138	82	entropy_source_object	parallel_invariance_object	colored_bisimulation_candidate	has_aspect	has_counterfactual;from_aspect	has_counterfactual;to_aspect	has_counterfactual;shared_in	witness_arena	0	same_trit_relabel	#43D870	0.845587	0x65ddbafbf6c2619b
1139	1139	82	entropy_source_object	palette_interface_object	colored_bisimulation_candidate	has_aspect	has_counterfactual;from_aspect	has_counterfactual;to_aspect	has_counterfactual;shared_in	witness_arena	1	positive_shift	#A6358F	1.017453	0x98e5f07cc2f05c11
1140	1140	82	entropy_source_object	lisp_semantics_object	colored_bisimulation_candidate	has_aspect	has_counterfactual;from_aspect	has_counterfactual;to_aspect	has_counterfactual;shared_in	witness_arena	-1	negative_shift	#DDAA8B	1.207641	0x58741eefa87722eb
1141	1141	82	entropy_source_object	propagator_cell_object	colored_bisimulation_candidate	has_aspect	has_counterfactual;from_aspect	has_counterfactual;to_aspect	has_counterfactual;shared_in	witness_arena	1	positive_shift	#D75535	1.46397	0x19ed150edddb050f
1142	1142	82	entropy_source_object	abductive_world_object	colored_bisimulation_candidate	has_aspect	has_counterfactual;from_aspect	has_counterfactual;to_aspect	has_counterfactual;shared_in	witness_arena	-1	negative_shift	#37440A	0.520832	0x43cd1cd978f9895d
1143	1143	82	entropy_source_object	fuzz_soundness_object	colored_bisimulation_candidate	has_aspect	has_counterfactual;from_aspect	has_counterfactual;to_aspect	has_counterfactual;shared_in	witness_arena	0	same_trit_relabel	#9BDD97	1.230467	0x4fc9076ecb3f31ef
1144	1144	82	entropy_source_object	ternary_regression_object	colored_bisimulation_candidate	has_aspect	has_counterfactual;from_aspect	has_counterfactual;to_aspect	has_counterfactual;shared_in	witness_arena	1	positive_shift	#2A9965	1.297314	0xd7b03efe0c236763
1145	1145	82	entropy_source_object	nonriemannian_gate_object	colored_bisimulation_candidate	has_aspect	has_counterfactual;from_aspect	has_counterfactual;to_aspect	has_counterfactual;shared_in	witness_arena	-1	negative_shift	#4FFDBA	1.156601	0x0527d86a2c16275e
1146	1146	82	entropy_source_object	exa_loop_object	colored_bisimulation_candidate	has_aspect	has_counterfactual;from_aspect	has_counterfactual;to_aspect	has_counterfactual;shared_in	witness_arena	0	same_trit_relabel	#D51D8D	0.569087	0x99bf26fd1589554b
1147	1147	82	entropy_source_object	aqua_hygiene_object	colored_bisimulation_candidate	has_aspect	has_counterfactual;from_aspect	has_counterfactual;to_aspect	has_counterfactual;shared_in	witness_arena	1	positive_shift	#1B23C5	0.727095	0x3eddeec896906690
1148	1148	82	entropy_source_object	scip_catcolab_object	colored_bisimulation_candidate	has_aspect	has_counterfactual;from_aspect	has_counterfactual;to_aspect	has_counterfactual;shared_in	witness_arena	-1	negative_shift	#155250	0.75127	0x25a828b9e70a25ad
1149	1149	83	propagator_cell_object	color_space_object	colored_bisimulation_candidate	has_aspect	has_counterfactual;from_aspect	has_counterfactual;to_aspect	has_counterfactual;shared_in	witness_arena	-1	negative_shift	#A7DFEB	0.667611	0xf01d2ad030d37d52
1150	1150	83	propagator_cell_object	trit_tick_object	colored_bisimulation_candidate	has_aspect	has_counterfactual;from_aspect	has_counterfactual;to_aspect	has_counterfactual;shared_in	witness_arena	0	same_trit_relabel	#6240A6	0.087777	0xe5bfad4a9659132d
1151	1151	83	propagator_cell_object	rng_determinism_object	colored_bisimulation_candidate	has_aspect	has_counterfactual;from_aspect	has_counterfactual;to_aspect	has_counterfactual;shared_in	witness_arena	1	positive_shift	#BECEA3	0.852227	0xf474baa49ef90e9b
1152	1152	83	propagator_cell_object	parallel_invariance_object	colored_bisimulation_candidate	has_aspect	has_counterfactual;from_aspect	has_counterfactual;to_aspect	has_counterfactual;shared_in	witness_arena	-1	negative_shift	#22FDE0	1.267885	0x6e3a5f1463f3194c
1153	1153	83	propagator_cell_object	palette_interface_object	colored_bisimulation_candidate	has_aspect	has_counterfactual;from_aspect	has_counterfactual;to_aspect	has_counterfactual;shared_in	witness_arena	0	same_trit_relabel	#001B49	0.635572	0x80dfe2f120b2adc9
1154	1154	83	propagator_cell_object	lisp_semantics_object	colored_bisimulation_candidate	has_aspect	has_counterfactual;from_aspect	has_counterfactual;to_aspect	has_counterfactual;shared_in	witness_arena	1	positive_shift	#424636	0.981876	0xf7bef63ee9262567
1155	1155	83	propagator_cell_object	entropy_source_object	colored_bisimulation_candidate	has_aspect	has_counterfactual;from_aspect	has_counterfactual;to_aspect	has_counterfactual;shared_in	witness_arena	-1	negative_shift	#0DE110	1.117206	0xb4ec6515cd6516c6
1156	1156	83	propagator_cell_object	abductive_world_object	colored_bisimulation_candidate	has_aspect	has_counterfactual;from_aspect	has_counterfactual;to_aspect	has_counterfactual;shared_in	witness_arena	1	positive_shift	#3D3717	0.953561	0xbf970c6be8d1dfac
1157	1157	83	propagator_cell_object	fuzz_soundness_object	colored_bisimulation_candidate	has_aspect	has_counterfactual;from_aspect	has_counterfactual;to_aspect	has_counterfactual;shared_in	witness_arena	-1	negative_shift	#BA1CD0	1.175741	0x71bf7319db726eec
1158	1158	83	propagator_cell_object	ternary_regression_object	colored_bisimulation_candidate	has_aspect	has_counterfactual;from_aspect	has_counterfactual;to_aspect	has_counterfactual;shared_in	witness_arena	0	same_trit_relabel	#0DCB9F	0.440282	0x7ae1ffc57963ca5e
1159	1159	83	propagator_cell_object	nonriemannian_gate_object	colored_bisimulation_candidate	has_aspect	has_counterfactual;from_aspect	has_counterfactual;to_aspect	has_counterfactual;shared_in	witness_arena	1	positive_shift	#9093C7	0.637046	0x27eca748d1ffe375
1160	1160	83	propagator_cell_object	exa_loop_object	colored_bisimulation_candidate	has_aspect	has_counterfactual;from_aspect	has_counterfactual;to_aspect	has_counterfactual;shared_in	witness_arena	-1	negative_shift	#4A2518	0.507876	0x8d86a76c6f5e604c
1161	1161	83	propagator_cell_object	aqua_hygiene_object	colored_bisimulation_candidate	has_aspect	has_counterfactual;from_aspect	has_counterfactual;to_aspect	has_counterfactual;shared_in	witness_arena	0	same_trit_relabel	#ABED0A	0.34754	0x36a5a8ed6ed9e1f5
1162	1162	83	propagator_cell_object	scip_catcolab_object	colored_bisimulation_candidate	has_aspect	has_counterfactual;from_aspect	has_counterfactual;to_aspect	has_counterfactual;shared_in	witness_arena	1	positive_shift	#C220FE	1.086295	0xc33e6dfbecfada74
1163	1163	84	abductive_world_object	color_space_object	colored_bisimulation_candidate	has_aspect	has_counterfactual;from_aspect	has_counterfactual;to_aspect	has_counterfactual;shared_in	witness_arena	1	positive_shift	#053DDC	1.435455	0x83b3d41ca500df0b
1164	1164	84	abductive_world_object	trit_tick_object	colored_bisimulation_candidate	has_aspect	has_counterfactual;from_aspect	has_counterfactual;to_aspect	has_counterfactual;shared_in	witness_arena	-1	negative_shift	#16EF44	1.165843	0xf2a88d4aae549743
1165	1165	84	abductive_world_object	rng_determinism_object	colored_bisimulation_candidate	has_aspect	has_counterfactual;from_aspect	has_counterfactual;to_aspect	has_counterfactual;shared_in	witness_arena	0	same_trit_relabel	#779ADA	0.572683	0x77c16cbe56f1437e
1166	1166	84	abductive_world_object	parallel_invariance_object	colored_bisimulation_candidate	has_aspect	has_counterfactual;from_aspect	has_counterfactual;to_aspect	has_counterfactual;shared_in	witness_arena	1	positive_shift	#B77FD6	1.196951	0x7ead514b6e006faf
1167	1167	84	abductive_world_object	palette_interface_object	colored_bisimulation_candidate	has_aspect	has_counterfactual;from_aspect	has_counterfactual;to_aspect	has_counterfactual;shared_in	witness_arena	-1	negative_shift	#FD1D4A	1.129528	0xac7352dc3db68fe2
1168	1168	84	abductive_world_object	lisp_semantics_object	colored_bisimulation_candidate	has_aspect	has_counterfactual;from_aspect	has_counterfactual;to_aspect	has_counterfactual;shared_in	witness_arena	0	same_trit_relabel	#C239C6	0.469246	0x511626317b4efe92
1169	1169	84	abductive_world_object	entropy_source_object	colored_bisimulation_candidate	has_aspect	has_counterfactual;from_aspect	has_counterfactual;to_aspect	has_counterfactual;shared_in	witness_arena	1	positive_shift	#336CC8	0.957602	0x27bd3233e88f2869
1170	1170	84	abductive_world_object	propagator_cell_object	colored_bisimulation_candidate	has_aspect	has_counterfactual;from_aspect	has_counterfactual;to_aspect	has_counterfactual;shared_in	witness_arena	-1	negative_shift	#D861B7	0.592394	0x86ce3b3512a99855
1171	1171	84	abductive_world_object	fuzz_soundness_object	colored_bisimulation_candidate	has_aspect	has_counterfactual;from_aspect	has_counterfactual;to_aspect	has_counterfactual;shared_in	witness_arena	1	positive_shift	#28D730	0.522993	0x09dc2e5dce16472f
1172	1172	84	abductive_world_object	ternary_regression_object	colored_bisimulation_candidate	has_aspect	has_counterfactual;from_aspect	has_counterfactual;to_aspect	has_counterfactual;shared_in	witness_arena	-1	negative_shift	#41FD3E	1.017813	0x891a1c5996bec470
1173	1173	84	abductive_world_object	nonriemannian_gate_object	colored_bisimulation_candidate	has_aspect	has_counterfactual;from_aspect	has_counterfactual;to_aspect	has_counterfactual;shared_in	witness_arena	0	same_trit_relabel	#2065CF	0.609952	0x34cbb8584d2e2cc8
1174	1174	84	abductive_world_object	exa_loop_object	colored_bisimulation_candidate	has_aspect	has_counterfactual;from_aspect	has_counterfactual;to_aspect	has_counterfactual;shared_in	witness_arena	1	positive_shift	#58E51A	1.108605	0xb40a05904b7ac96f
1175	1175	84	abductive_world_object	aqua_hygiene_object	colored_bisimulation_candidate	has_aspect	has_counterfactual;from_aspect	has_counterfactual;to_aspect	has_counterfactual;shared_in	witness_arena	-1	negative_shift	#0CDC6C	1.266518	0xd381c0d83ffc14c6
1176	1176	84	abductive_world_object	scip_catcolab_object	colored_bisimulation_candidate	has_aspect	has_counterfactual;from_aspect	has_counterfactual;to_aspect	has_counterfactual;shared_in	witness_arena	0	same_trit_relabel	#880035	1.065094	0xdae6762c00cbe814
1177	1177	85	fuzz_soundness_object	color_space_object	colored_bisimulation_candidate	has_aspect	has_counterfactual;from_aspect	has_counterfactual;to_aspect	has_counterfactual;shared_in	witness_arena	0	same_trit_relabel	#2797A5	0.683985	0x645e081e84fbc0b3
1178	1178	85	fuzz_soundness_object	trit_tick_object	colored_bisimulation_candidate	has_aspect	has_counterfactual;from_aspect	has_counterfactual;to_aspect	has_counterfactual;shared_in	witness_arena	1	positive_shift	#8AD163	0.895446	0xae985cb8e7f5dc23
1179	1179	85	fuzz_soundness_object	rng_determinism_object	colored_bisimulation_candidate	has_aspect	has_counterfactual;from_aspect	has_counterfactual;to_aspect	has_counterfactual;shared_in	witness_arena	-1	negative_shift	#727FCA	0.881273	0xe5967467125e6338
1180	1180	85	fuzz_soundness_object	parallel_invariance_object	colored_bisimulation_candidate	has_aspect	has_counterfactual;from_aspect	has_counterfactual;to_aspect	has_counterfactual;shared_in	witness_arena	0	same_trit_relabel	#5CB135	0.759884	0xfdbdb5b423c3533e
1181	1181	85	fuzz_soundness_object	palette_interface_object	colored_bisimulation_candidate	has_aspect	has_counterfactual;from_aspect	has_counterfactual;to_aspect	has_counterfactual;shared_in	witness_arena	1	positive_shift	#3644C3	1.370824	0xc03b9a413c129bd8
1182	1182	85	fuzz_soundness_object	lisp_semantics_object	colored_bisimulation_candidate	has_aspect	has_counterfactual;from_aspect	has_counterfactual;to_aspect	has_counterfactual;shared_in	witness_arena	-1	negative_shift	#6E08E3	1.224531	0xda86672ef6ceb562
1183	1183	85	fuzz_soundness_object	entropy_source_object	colored_bisimulation_candidate	has_aspect	has_counterfactual;from_aspect	has_counterfactual;to_aspect	has_counterfactual;shared_in	witness_arena	0	same_trit_relabel	#21041B	0.724164	0x863066607690c668
1184	1184	85	fuzz_soundness_object	propagator_cell_object	colored_bisimulation_candidate	has_aspect	has_counterfactual;from_aspect	has_counterfactual;to_aspect	has_counterfactual;shared_in	witness_arena	1	positive_shift	#F41764	1.012852	0x38a1fb63a707c147
1185	1185	85	fuzz_soundness_object	abductive_world_object	colored_bisimulation_candidate	has_aspect	has_counterfactual;from_aspect	has_counterfactual;to_aspect	has_counterfactual;shared_in	witness_arena	-1	negative_shift	#A5CDAA	1.032308	0x3198a9a657bcacc0
1186	1186	85	fuzz_soundness_object	ternary_regression_object	colored_bisimulation_candidate	has_aspect	has_counterfactual;from_aspect	has_counterfactual;to_aspect	has_counterfactual;shared_in	witness_arena	1	positive_shift	#1F1796	1.337822	0x1087e243ac15bf8b
1187	1187	85	fuzz_soundness_object	nonriemannian_gate_object	colored_bisimulation_candidate	has_aspect	has_counterfactual;from_aspect	has_counterfactual;to_aspect	has_counterfactual;shared_in	witness_arena	-1	negative_shift	#3639CD	0.775498	0xf8780f1fe6eaac7e
1188	1188	85	fuzz_soundness_object	exa_loop_object	colored_bisimulation_candidate	has_aspect	has_counterfactual;from_aspect	has_counterfactual;to_aspect	has_counterfactual;shared_in	witness_arena	0	same_trit_relabel	#6B8BEE	0.56266	0xd6e2505d822c4efd
1189	1189	85	fuzz_soundness_object	aqua_hygiene_object	colored_bisimulation_candidate	has_aspect	has_counterfactual;from_aspect	has_counterfactual;to_aspect	has_counterfactual;shared_in	witness_arena	1	positive_shift	#84A485	1.108664	0x23b1d5dcb23776b1
1190	1190	85	fuzz_soundness_object	scip_catcolab_object	colored_bisimulation_candidate	has_aspect	has_counterfactual;from_aspect	has_counterfactual;to_aspect	has_counterfactual;shared_in	witness_arena	-1	negative_shift	#7AAB02	1.347959	0x13bfd7e9c2733128
1191	1191	86	ternary_regression_object	color_space_object	colored_bisimulation_candidate	has_aspect	has_counterfactual;from_aspect	has_counterfactual;to_aspect	has_counterfactual;shared_in	witness_arena	-1	negative_shift	#F99D4B	0.877796	0x037968e24f2c3ebd
1192	1192	86	ternary_regression_object	trit_tick_object	colored_bisimulation_candidate	has_aspect	has_counterfactual;from_aspect	has_counterfactual;to_aspect	has_counterfactual;shared_in	witness_arena	0	same_trit_relabel	#14A920	0.586022	0x2fc70d5047174e76
1193	1193	86	ternary_regression_object	rng_determinism_object	colored_bisimulation_candidate	has_aspect	has_counterfactual;from_aspect	has_counterfactual;to_aspect	has_counterfactual;shared_in	witness_arena	1	positive_shift	#225FB6	1.205281	0x47e74c07939f55b8
1194	1194	86	ternary_regression_object	parallel_invariance_object	colored_bisimulation_candidate	has_aspect	has_counterfactual;from_aspect	has_counterfactual;to_aspect	has_counterfactual;shared_in	witness_arena	-1	negative_shift	#952BDF	0.841657	0x0fcff01f45a873c7
1195	1195	86	ternary_regression_object	palette_interface_object	colored_bisimulation_candidate	has_aspect	has_counterfactual;from_aspect	has_counterfactual;to_aspect	has_counterfactual;shared_in	witness_arena	0	same_trit_relabel	#EEEA6A	0.460964	0x329ee375a49be9ce
1196	1196	86	ternary_regression_object	lisp_semantics_object	colored_bisimulation_candidate	has_aspect	has_counterfactual;from_aspect	has_counterfactual;to_aspect	has_counterfactual;shared_in	witness_arena	1	positive_shift	#0E19F2	0.856095	0x03bac24b718b9206
1197	1197	86	ternary_regression_object	entropy_source_object	colored_bisimulation_candidate	has_aspect	has_counterfactual;from_aspect	has_counterfactual;to_aspect	has_counterfactual;shared_in	witness_arena	-1	negative_shift	#7ABAF8	0.805634	0x9f86d69ab4753854
1198	1198	86	ternary_regression_object	propagator_cell_object	colored_bisimulation_candidate	has_aspect	has_counterfactual;from_aspect	has_counterfactual;to_aspect	has_counterfactual;shared_in	witness_arena	0	same_trit_relabel	#A3C36A	0.796378	0xd1a88699c34a4b15
1199	1199	86	ternary_regression_object	abductive_world_object	colored_bisimulation_candidate	has_aspect	has_counterfactual;from_aspect	has_counterfactual;to_aspect	has_counterfactual;shared_in	witness_arena	1	positive_shift	#745F33	0.64147	0x1b3cc285dbf72210
1200	1200	86	ternary_regression_object	fuzz_soundness_object	colored_bisimulation_candidate	has_aspect	has_counterfactual;from_aspect	has_counterfactual;to_aspect	has_counterfactual;shared_in	witness_arena	-1	negative_shift	#7A37BE	1.19639	0x31c78c7935ac672d
1201	1201	86	ternary_regression_object	nonriemannian_gate_object	colored_bisimulation_candidate	has_aspect	has_counterfactual;from_aspect	has_counterfactual;to_aspect	has_counterfactual;shared_in	witness_arena	1	positive_shift	#8AC90C	0.923239	0x0701ef743cd4abb9
1202	1202	86	ternary_regression_object	exa_loop_object	colored_bisimulation_candidate	has_aspect	has_counterfactual;from_aspect	has_counterfactual;to_aspect	has_counterfactual;shared_in	witness_arena	-1	negative_shift	#F31AF8	0.736531	0xd9ff0eb9a484082e
1203	1203	86	ternary_regression_object	aqua_hygiene_object	colored_bisimulation_candidate	has_aspect	has_counterfactual;from_aspect	has_counterfactual;to_aspect	has_counterfactual;shared_in	witness_arena	0	same_trit_relabel	#B1464C	0.334462	0x549257c37a8a6245
1204	1204	86	ternary_regression_object	scip_catcolab_object	colored_bisimulation_candidate	has_aspect	has_counterfactual;from_aspect	has_counterfactual;to_aspect	has_counterfactual;shared_in	witness_arena	1	positive_shift	#40AE63	0.643261	0x1a054c745b43aebf
1205	1205	87	nonriemannian_gate_object	color_space_object	colored_bisimulation_candidate	has_aspect	has_counterfactual;from_aspect	has_counterfactual;to_aspect	has_counterfactual;shared_in	witness_arena	1	positive_shift	#7FCC7B	0.989197	0x0b06e0c560b6eadc
1206	1206	87	nonriemannian_gate_object	trit_tick_object	colored_bisimulation_candidate	has_aspect	has_counterfactual;from_aspect	has_counterfactual;to_aspect	has_counterfactual;shared_in	witness_arena	-1	negative_shift	#56A7D2	0.970416	0xfcca95dd88700357
1207	1207	87	nonriemannian_gate_object	rng_determinism_object	colored_bisimulation_candidate	has_aspect	has_counterfactual;from_aspect	has_counterfactual;to_aspect	has_counterfactual;shared_in	witness_arena	0	same_trit_relabel	#795A45	0.785382	0x96fe0102c906c4a3
1208	1208	87	nonriemannian_gate_object	parallel_invariance_object	colored_bisimulation_candidate	has_aspect	has_counterfactual;from_aspect	has_counterfactual;to_aspect	has_counterfactual;shared_in	witness_arena	1	positive_shift	#302EF3	0.716384	0xb1baf214e03f4c78
1209	1209	87	nonriemannian_gate_object	palette_interface_object	colored_bisimulation_candidate	has_aspect	has_counterfactual;from_aspect	has_counterfactual;to_aspect	has_counterfactual;shared_in	witness_arena	-1	negative_shift	#756101	1.083594	0x954417683067d282
1210	1210	87	nonriemannian_gate_object	lisp_semantics_object	colored_bisimulation_candidate	has_aspect	has_counterfactual;from_aspect	has_counterfactual;to_aspect	has_counterfactual;shared_in	witness_arena	0	same_trit_relabel	#BD7AA1	0.659535	0xc888874be7558f0a
1211	1211	87	nonriemannian_gate_object	entropy_source_object	colored_bisimulation_candidate	has_aspect	has_counterfactual;from_aspect	has_counterfactual;to_aspect	has_counterfactual;shared_in	witness_arena	1	positive_shift	#F41BFD	0.754058	0x732f04b582b1fdda
1212	1212	87	nonriemannian_gate_object	propagator_cell_object	colored_bisimulation_candidate	has_aspect	has_counterfactual;from_aspect	has_counterfactual;to_aspect	has_counterfactual;shared_in	witness_arena	-1	negative_shift	#86F1F4	1.059099	0x1ee1d4b95fdf31d1
1213	1213	87	nonriemannian_gate_object	abductive_world_object	colored_bisimulation_candidate	has_aspect	has_counterfactual;from_aspect	has_counterfactual;to_aspect	has_counterfactual;shared_in	witness_arena	0	same_trit_relabel	#FB88B8	0.422457	0x55dc97062c6f9f87
1214	1214	87	nonriemannian_gate_object	fuzz_soundness_object	colored_bisimulation_candidate	has_aspect	has_counterfactual;from_aspect	has_counterfactual;to_aspect	has_counterfactual;shared_in	witness_arena	1	positive_shift	#9F8256	1.13908	0xe2a1553bc5431357
1215	1215	87	nonriemannian_gate_object	ternary_regression_object	colored_bisimulation_candidate	has_aspect	has_counterfactual;from_aspect	has_counterfactual;to_aspect	has_counterfactual;shared_in	witness_arena	-1	negative_shift	#58EDE3	1.302635	0x7efdeaa9870bc5fc
1216	1216	87	nonriemannian_gate_object	exa_loop_object	colored_bisimulation_candidate	has_aspect	has_counterfactual;from_aspect	has_counterfactual;to_aspect	has_counterfactual;shared_in	witness_arena	1	positive_shift	#A13065	0.832221	0x13d1b367280299cf
1217	1217	87	nonriemannian_gate_object	aqua_hygiene_object	colored_bisimulation_candidate	has_aspect	has_counterfactual;from_aspect	has_counterfactual;to_aspect	has_counterfactual;shared_in	witness_arena	-1	negative_shift	#E91066	0.915907	0xda797767134f7890
1218	1218	87	nonriemannian_gate_object	scip_catcolab_object	colored_bisimulation_candidate	has_aspect	has_counterfactual;from_aspect	has_counterfactual;to_aspect	has_counterfactual;shared_in	witness_arena	0	same_trit_relabel	#089DEE	0.631178	0xa7ce5fe4260e96bd
1219	1219	88	exa_loop_object	color_space_object	colored_bisimulation_candidate	has_aspect	has_counterfactual;from_aspect	has_counterfactual;to_aspect	has_counterfactual;shared_in	witness_arena	0	same_trit_relabel	#DE73C3	0.391254	0x79b290e26fb7c09a
1220	1220	88	exa_loop_object	trit_tick_object	colored_bisimulation_candidate	has_aspect	has_counterfactual;from_aspect	has_counterfactual;to_aspect	has_counterfactual;shared_in	witness_arena	1	positive_shift	#7FC172	1.025499	0x3dc8cdd6ee411128
1221	1221	88	exa_loop_object	rng_determinism_object	colored_bisimulation_candidate	has_aspect	has_counterfactual;from_aspect	has_counterfactual;to_aspect	has_counterfactual;shared_in	witness_arena	-1	negative_shift	#D9A62D	1.487568	0xd43cb4457067e549
1222	1222	88	exa_loop_object	parallel_invariance_object	colored_bisimulation_candidate	has_aspect	has_counterfactual;from_aspect	has_counterfactual;to_aspect	has_counterfactual;shared_in	witness_arena	0	same_trit_relabel	#71593A	1.038364	0x91e9fd608a37dad8
1223	1223	88	exa_loop_object	palette_interface_object	colored_bisimulation_candidate	has_aspect	has_counterfactual;from_aspect	has_counterfactual;to_aspect	has_counterfactual;shared_in	witness_arena	1	positive_shift	#EE776B	1.165898	0x43d5189c9c9950a5
1224	1224	88	exa_loop_object	lisp_semantics_object	colored_bisimulation_candidate	has_aspect	has_counterfactual;from_aspect	has_counterfactual;to_aspect	has_counterfactual;shared_in	witness_arena	-1	negative_shift	#7BE19E	1.365384	0x3b9ff430a9a56ecb
1225	1225	88	exa_loop_object	entropy_source_object	colored_bisimulation_candidate	has_aspect	has_counterfactual;from_aspect	has_counterfactual;to_aspect	has_counterfactual;shared_in	witness_arena	0	same_trit_relabel	#60B7BE	1.038742	0x41b49b9cb7e341e5
1226	1226	88	exa_loop_object	propagator_cell_object	colored_bisimulation_candidate	has_aspect	has_counterfactual;from_aspect	has_counterfactual;to_aspect	has_counterfactual;shared_in	witness_arena	1	positive_shift	#672619	1.57343	0x98f999dc46aa82e7
1227	1227	88	exa_loop_object	abductive_world_object	colored_bisimulation_candidate	has_aspect	has_counterfactual;from_aspect	has_counterfactual;to_aspect	has_counterfactual;shared_in	witness_arena	-1	negative_shift	#728011	0.660308	0xa4c1369d29cc1a0d
1228	1228	88	exa_loop_object	fuzz_soundness_object	colored_bisimulation_candidate	has_aspect	has_counterfactual;from_aspect	has_counterfactual;to_aspect	has_counterfactual;shared_in	witness_arena	0	same_trit_relabel	#FED748	1.367098	0xca29d1529fc53f70
1229	1229	88	exa_loop_object	ternary_regression_object	colored_bisimulation_candidate	has_aspect	has_counterfactual;from_aspect	has_counterfactual;to_aspect	has_counterfactual;shared_in	witness_arena	1	positive_shift	#498117	1.342335	0x4ef2539aafc9b446
1230	1230	88	exa_loop_object	nonriemannian_gate_object	colored_bisimulation_candidate	has_aspect	has_counterfactual;from_aspect	has_counterfactual;to_aspect	has_counterfactual;shared_in	witness_arena	-1	negative_shift	#069AAB	1.218688	0x94db3b3db47fe02c
1231	1231	88	exa_loop_object	aqua_hygiene_object	colored_bisimulation_candidate	has_aspect	has_counterfactual;from_aspect	has_counterfactual;to_aspect	has_counterfactual;shared_in	witness_arena	1	positive_shift	#DB4B51	0.807405	0xe00bbbe0e4478ad0
1232	1232	88	exa_loop_object	scip_catcolab_object	colored_bisimulation_candidate	has_aspect	has_counterfactual;from_aspect	has_counterfactual;to_aspect	has_counterfactual;shared_in	witness_arena	-1	negative_shift	#D75A77	0.948882	0xb59857192018af59
1233	1233	89	aqua_hygiene_object	color_space_object	colored_bisimulation_candidate	has_aspect	has_counterfactual;from_aspect	has_counterfactual;to_aspect	has_counterfactual;shared_in	witness_arena	-1	negative_shift	#F7E94D	1.140157	0xe6ef6bc252f1510f
1234	1234	89	aqua_hygiene_object	trit_tick_object	colored_bisimulation_candidate	has_aspect	has_counterfactual;from_aspect	has_counterfactual;to_aspect	has_counterfactual;shared_in	witness_arena	0	same_trit_relabel	#97E8F1	0.591598	0x15ddf1ef7626a14b
1235	1235	89	aqua_hygiene_object	rng_determinism_object	colored_bisimulation_candidate	has_aspect	has_counterfactual;from_aspect	has_counterfactual;to_aspect	has_counterfactual;shared_in	witness_arena	1	positive_shift	#C566C1	0.896471	0x6f44e833d749baf9
1236	1236	89	aqua_hygiene_object	parallel_invariance_object	colored_bisimulation_candidate	has_aspect	has_counterfactual;from_aspect	has_counterfactual;to_aspect	has_counterfactual;shared_in	witness_arena	-1	negative_shift	#1F56F1	1.005113	0xf767218880ad6081
1237	1237	89	aqua_hygiene_object	palette_interface_object	colored_bisimulation_candidate	has_aspect	has_counterfactual;from_aspect	has_counterfactual;to_aspect	has_counterfactual;shared_in	witness_arena	0	same_trit_relabel	#F4C779	0.477885	0xe5dbfb92b270a69d
1238	1238	89	aqua_hygiene_object	lisp_semantics_object	colored_bisimulation_candidate	has_aspect	has_counterfactual;from_aspect	has_counterfactual;to_aspect	has_counterfactual;shared_in	witness_arena	1	positive_shift	#7DF2FA	0.518977	0x291fee574bbe6ba3
1239	1239	89	aqua_hygiene_object	entropy_source_object	colored_bisimulation_candidate	has_aspect	has_counterfactual;from_aspect	has_counterfactual;to_aspect	has_counterfactual;shared_in	witness_arena	-1	negative_shift	#4804ED	0.764599	0x259927402e804426
1240	1240	89	aqua_hygiene_object	propagator_cell_object	colored_bisimulation_candidate	has_aspect	has_counterfactual;from_aspect	has_counterfactual;to_aspect	has_counterfactual;shared_in	witness_arena	0	same_trit_relabel	#3D9563	0.341987	0x842d7f42718cd590
1241	1241	89	aqua_hygiene_object	abductive_world_object	colored_bisimulation_candidate	has_aspect	has_counterfactual;from_aspect	has_counterfactual;to_aspect	has_counterfactual;shared_in	witness_arena	1	positive_shift	#99AFCB	1.169253	0x10a586609c2b0123
1242	1242	89	aqua_hygiene_object	fuzz_soundness_object	colored_bisimulation_candidate	has_aspect	has_counterfactual;from_aspect	has_counterfactual;to_aspect	has_counterfactual;shared_in	witness_arena	-1	negative_shift	#0F4655	0.715037	0xc8fddabbba4bf5fe
1243	1243	89	aqua_hygiene_object	ternary_regression_object	colored_bisimulation_candidate	has_aspect	has_counterfactual;from_aspect	has_counterfactual;to_aspect	has_counterfactual;shared_in	witness_arena	0	same_trit_relabel	#393BF0	0.504223	0x58f3200aff18db4b
1244	1244	89	aqua_hygiene_object	nonriemannian_gate_object	colored_bisimulation_candidate	has_aspect	has_counterfactual;from_aspect	has_counterfactual;to_aspect	has_counterfactual;shared_in	witness_arena	1	positive_shift	#AC3EEB	0.760424	0xf9df7eb1a6a88e4d
1245	1245	89	aqua_hygiene_object	exa_loop_object	colored_bisimulation_candidate	has_aspect	has_counterfactual;from_aspect	has_counterfactual;to_aspect	has_counterfactual;shared_in	witness_arena	-1	negative_shift	#170B48	0.814617	0x12786090c9c8cfe0
1246	1246	89	aqua_hygiene_object	scip_catcolab_object	colored_bisimulation_candidate	has_aspect	has_counterfactual;from_aspect	has_counterfactual;to_aspect	has_counterfactual;shared_in	witness_arena	1	positive_shift	#9A5ECC	1.058845	0x396bb4176baabf00
1247	1247	90	scip_catcolab_object	color_space_object	colored_bisimulation_candidate	has_aspect	has_counterfactual;from_aspect	has_counterfactual;to_aspect	has_counterfactual;shared_in	witness_arena	1	positive_shift	#BA8877	1.207922	0x005357542ab15b6f
1248	1248	90	scip_catcolab_object	trit_tick_object	colored_bisimulation_candidate	has_aspect	has_counterfactual;from_aspect	has_counterfactual;to_aspect	has_counterfactual;shared_in	witness_arena	-1	negative_shift	#9A3E07	0.921425	0xb6dd4260d1c40e82
1249	1249	90	scip_catcolab_object	rng_determinism_object	colored_bisimulation_candidate	has_aspect	has_counterfactual;from_aspect	has_counterfactual;to_aspect	has_counterfactual;shared_in	witness_arena	0	same_trit_relabel	#1F9659	0.334002	0xc030885c9da7b309
1250	1250	90	scip_catcolab_object	parallel_invariance_object	colored_bisimulation_candidate	has_aspect	has_counterfactual;from_aspect	has_counterfactual;to_aspect	has_counterfactual;shared_in	witness_arena	1	positive_shift	#10A399	1.153213	0xb0ace2b262f0ae9f
1251	1251	90	scip_catcolab_object	palette_interface_object	colored_bisimulation_candidate	has_aspect	has_counterfactual;from_aspect	has_counterfactual;to_aspect	has_counterfactual;shared_in	witness_arena	-1	negative_shift	#4CE60A	1.073762	0x525bdb718d815a1e
1252	1252	90	scip_catcolab_object	lisp_semantics_object	colored_bisimulation_candidate	has_aspect	has_counterfactual;from_aspect	has_counterfactual;to_aspect	has_counterfactual;shared_in	witness_arena	0	same_trit_relabel	#67D88C	0.46394	0x78e446925e9922d2
1253	1253	90	scip_catcolab_object	entropy_source_object	colored_bisimulation_candidate	has_aspect	has_counterfactual;from_aspect	has_counterfactual;to_aspect	has_counterfactual;shared_in	witness_arena	1	positive_shift	#3BE4C2	0.925282	0x78d2e927b86c4fb7
1254	1254	90	scip_catcolab_object	propagator_cell_object	colored_bisimulation_candidate	has_aspect	has_counterfactual;from_aspect	has_counterfactual;to_aspect	has_counterfactual;shared_in	witness_arena	-1	negative_shift	#B678BC	0.474836	0xc19e9ed5ccd6500a
1255	1255	90	scip_catcolab_object	abductive_world_object	colored_bisimulation_candidate	has_aspect	has_counterfactual;from_aspect	has_counterfactual;to_aspect	has_counterfactual;shared_in	witness_arena	0	same_trit_relabel	#89FBD3	0.979294	0x07d46efed1b86db6
1256	1256	90	scip_catcolab_object	fuzz_soundness_object	colored_bisimulation_candidate	has_aspect	has_counterfactual;from_aspect	has_counterfactual;to_aspect	has_counterfactual;shared_in	witness_arena	1	positive_shift	#DB3D9A	0.644326	0x00f21559a10cd08c
1257	1257	90	scip_catcolab_object	ternary_regression_object	colored_bisimulation_candidate	has_aspect	has_counterfactual;from_aspect	has_counterfactual;to_aspect	has_counterfactual;shared_in	witness_arena	-1	negative_shift	#139A69	0.893239	0xbf0061111f753eec
1258	1258	90	scip_catcolab_object	nonriemannian_gate_object	colored_bisimulation_candidate	has_aspect	has_counterfactual;from_aspect	has_counterfactual;to_aspect	has_counterfactual;shared_in	witness_arena	0	same_trit_relabel	#5858E2	0.357401	0x6a356c62c26b6bb1
1259	1259	90	scip_catcolab_object	exa_loop_object	colored_bisimulation_candidate	has_aspect	has_counterfactual;from_aspect	has_counterfactual;to_aspect	has_counterfactual;shared_in	witness_arena	1	positive_shift	#1A7BE3	0.890817	0x13b0376e25077bd3
1260	1260	90	scip_catcolab_object	aqua_hygiene_object	colored_bisimulation_candidate	has_aspect	has_counterfactual;from_aspect	has_counterfactual;to_aspect	has_counterfactual;shared_in	witness_arena	-1	negative_shift	#946DD2	1.090166	0x68e34a64561b841f
1261	1261	91	color_space_object	trit_tick_object	colored_bisimulation_candidate	has_aspect	has_counterfactual;from_aspect	has_counterfactual;to_aspect	has_counterfactual;shared_in	witness_arena	1	positive_shift	#CD6292	1.225471	0xfa95a76c360bff49
1262	1262	91	color_space_object	rng_determinism_object	colored_bisimulation_candidate	has_aspect	has_counterfactual;from_aspect	has_counterfactual;to_aspect	has_counterfactual;shared_in	witness_arena	-1	negative_shift	#06AD8E	1.174955	0xb2889733004ce349
1263	1263	91	color_space_object	parallel_invariance_object	colored_bisimulation_candidate	has_aspect	has_counterfactual;from_aspect	has_counterfactual;to_aspect	has_counterfactual;shared_in	witness_arena	0	same_trit_relabel	#A19161	0.251562	0x57562dcb3790abfc
1264	1264	91	color_space_object	palette_interface_object	colored_bisimulation_candidate	has_aspect	has_counterfactual;from_aspect	has_counterfactual;to_aspect	has_counterfactual;shared_in	witness_arena	1	positive_shift	#ABEE57	1.054689	0xbf7ba9f57f743de9
1265	1265	91	color_space_object	lisp_semantics_object	colored_bisimulation_candidate	has_aspect	has_counterfactual;from_aspect	has_counterfactual;to_aspect	has_counterfactual;shared_in	witness_arena	-1	negative_shift	#1A7C31	0.786627	0xf9e97973f4df2882
1266	1266	91	color_space_object	entropy_source_object	colored_bisimulation_candidate	has_aspect	has_counterfactual;from_aspect	has_counterfactual;to_aspect	has_counterfactual;shared_in	witness_arena	0	same_trit_relabel	#A440BD	0.113115	0x30887cb3ff93a435
1267	1267	91	color_space_object	propagator_cell_object	colored_bisimulation_candidate	has_aspect	has_counterfactual;from_aspect	has_counterfactual;to_aspect	has_counterfactual;shared_in	witness_arena	1	positive_shift	#D179BC	0.895487	0x2dbfe15575827082
1268	1268	91	color_space_object	abductive_world_object	colored_bisimulation_candidate	has_aspect	has_counterfactual;from_aspect	has_counterfactual;to_aspect	has_counterfactual;shared_in	witness_arena	-1	negative_shift	#2DAFDA	1.174754	0x4eb4d135504bfb95
1269	1269	91	color_space_object	fuzz_soundness_object	colored_bisimulation_candidate	has_aspect	has_counterfactual;from_aspect	has_counterfactual;to_aspect	has_counterfactual;shared_in	witness_arena	0	same_trit_relabel	#DFFE8E	0.491027	0x8a25fb69e4332662
1270	1270	91	color_space_object	ternary_regression_object	colored_bisimulation_candidate	has_aspect	has_counterfactual;from_aspect	has_counterfactual;to_aspect	has_counterfactual;shared_in	witness_arena	1	positive_shift	#302C93	1.317999	0x028d902ae9c64194
1271	1271	91	color_space_object	nonriemannian_gate_object	colored_bisimulation_candidate	has_aspect	has_counterfactual;from_aspect	has_counterfactual;to_aspect	has_counterfactual;shared_in	witness_arena	-1	negative_shift	#A2EA2E	1.025454	0x7e226da18c1db922
1272	1272	91	color_space_object	exa_loop_object	colored_bisimulation_candidate	has_aspect	has_counterfactual;from_aspect	has_counterfactual;to_aspect	has_counterfactual;shared_in	witness_arena	0	same_trit_relabel	#CA4891	0.74044	0xb23f87684ed7fb07
1273	1273	91	color_space_object	aqua_hygiene_object	colored_bisimulation_candidate	has_aspect	has_counterfactual;from_aspect	has_counterfactual;to_aspect	has_counterfactual;shared_in	witness_arena	1	positive_shift	#6F2416	1.160784	0xa8506e33f39660aa
1274	1274	91	color_space_object	scip_catcolab_object	colored_bisimulation_candidate	has_aspect	has_counterfactual;from_aspect	has_counterfactual;to_aspect	has_counterfactual;shared_in	witness_arena	-1	negative_shift	#5143FD	1.093562	0xe236c180da42f3c0
1275	1275	92	trit_tick_object	color_space_object	colored_bisimulation_candidate	has_aspect	has_counterfactual;from_aspect	has_counterfactual;to_aspect	has_counterfactual;shared_in	witness_arena	-1	negative_shift	#6F99C9	0.945161	0x6914ae1ae70c06bf
1276	1276	92	trit_tick_object	rng_determinism_object	colored_bisimulation_candidate	has_aspect	has_counterfactual;from_aspect	has_counterfactual;to_aspect	has_counterfactual;shared_in	witness_arena	1	positive_shift	#67C45A	1.096106	0x69c2a53f1adc5377
1277	1277	92	trit_tick_object	parallel_invariance_object	colored_bisimulation_candidate	has_aspect	has_counterfactual;from_aspect	has_counterfactual;to_aspect	has_counterfactual;shared_in	witness_arena	-1	negative_shift	#0E8BDF	0.96922	0x30369fad64c7027f
1278	1278	92	trit_tick_object	palette_interface_object	colored_bisimulation_candidate	has_aspect	has_counterfactual;from_aspect	has_counterfactual;to_aspect	has_counterfactual;shared_in	witness_arena	0	same_trit_relabel	#67EFEF	0.225754	0xaa692faf83be6b3c
1279	1279	92	trit_tick_object	lisp_semantics_object	colored_bisimulation_candidate	has_aspect	has_counterfactual;from_aspect	has_counterfactual;to_aspect	has_counterfactual;shared_in	witness_arena	1	positive_shift	#F2FF79	0.611322	0x6623fe999c1476c4
1280	1280	92	trit_tick_object	entropy_source_object	colored_bisimulation_candidate	has_aspect	has_counterfactual;from_aspect	has_counterfactual;to_aspect	has_counterfactual;shared_in	witness_arena	-1	negative_shift	#B54C1C	0.806626	0x23d906c61529cfd0
1281	1281	92	trit_tick_object	propagator_cell_object	colored_bisimulation_candidate	has_aspect	has_counterfactual;from_aspect	has_counterfactual;to_aspect	has_counterfactual;shared_in	witness_arena	0	same_trit_relabel	#249881	0.646012	0x610d3b682aa5efff
1282	1282	92	trit_tick_object	abductive_world_object	colored_bisimulation_candidate	has_aspect	has_counterfactual;from_aspect	has_counterfactual;to_aspect	has_counterfactual;shared_in	witness_arena	1	positive_shift	#F33E80	0.907719	0x9e23036a211e966f
1283	1283	92	trit_tick_object	fuzz_soundness_object	colored_bisimulation_candidate	has_aspect	has_counterfactual;from_aspect	has_counterfactual;to_aspect	has_counterfactual;shared_in	witness_arena	-1	negative_shift	#F7E0CF	1.033989	0xd50c041e9935ccfb
1284	1284	92	trit_tick_object	ternary_regression_object	colored_bisimulation_candidate	has_aspect	has_counterfactual;from_aspect	has_counterfactual;to_aspect	has_counterfactual;shared_in	witness_arena	0	same_trit_relabel	#011E9A	0.532872	0xe0fdf11b1f87ea42
1285	1285	92	trit_tick_object	nonriemannian_gate_object	colored_bisimulation_candidate	has_aspect	has_counterfactual;from_aspect	has_counterfactual;to_aspect	has_counterfactual;shared_in	witness_arena	1	positive_shift	#E3FE8D	0.848016	0x2ae54a2e6ce8cb12
1286	1286	92	trit_tick_object	exa_loop_object	colored_bisimulation_candidate	has_aspect	has_counterfactual;from_aspect	has_counterfactual;to_aspect	has_counterfactual;shared_in	witness_arena	-1	negative_shift	#43CA89	0.696454	0xba8f96251fa10c0d
1287	1287	92	trit_tick_object	aqua_hygiene_object	colored_bisimulation_candidate	has_aspect	has_counterfactual;from_aspect	has_counterfactual;to_aspect	has_counterfactual;shared_in	witness_arena	0	same_trit_relabel	#656AB1	0.323072	0xdf797828cea75703
1288	1288	92	trit_tick_object	scip_catcolab_object	colored_bisimulation_candidate	has_aspect	has_counterfactual;from_aspect	has_counterfactual;to_aspect	has_counterfactual;shared_in	witness_arena	1	positive_shift	#3622E8	0.73239	0x69a84d0886f76a3c
1289	1289	93	rng_determinism_object	color_space_object	colored_bisimulation_candidate	has_aspect	has_counterfactual;from_aspect	has_counterfactual;to_aspect	has_counterfactual;shared_in	witness_arena	1	positive_shift	#84A00D	1.395789	0x1fbed348ed579be0
1290	1290	93	rng_determinism_object	trit_tick_object	colored_bisimulation_candidate	has_aspect	has_counterfactual;from_aspect	has_counterfactual;to_aspect	has_counterfactual;shared_in	witness_arena	-1	negative_shift	#1857F0	1.170218	0x772a09a808fe5066
1291	1291	93	rng_determinism_object	parallel_invariance_object	colored_bisimulation_candidate	has_aspect	has_counterfactual;from_aspect	has_counterfactual;to_aspect	has_counterfactual;shared_in	witness_arena	1	positive_shift	#771768	0.957479	0x41525ddbdf6467c3
1292	1292	93	rng_determinism_object	palette_interface_object	colored_bisimulation_candidate	has_aspect	has_counterfactual;from_aspect	has_counterfactual;to_aspect	has_counterfactual;shared_in	witness_arena	-1	negative_shift	#96696E	1.05703	0x9e2df8e4a11cb822
1293	1293	93	rng_determinism_object	lisp_semantics_object	colored_bisimulation_candidate	has_aspect	has_counterfactual;from_aspect	has_counterfactual;to_aspect	has_counterfactual;shared_in	witness_arena	0	same_trit_relabel	#4E5137	0.364453	0x7215898f43077a5b
1294	1294	93	rng_determinism_object	entropy_source_object	colored_bisimulation_candidate	has_aspect	has_counterfactual;from_aspect	has_counterfactual;to_aspect	has_counterfactual;shared_in	witness_arena	1	positive_shift	#2FE960	0.726195	0x14674f53762161bf
1295	1295	93	rng_determinism_object	propagator_cell_object	colored_bisimulation_candidate	has_aspect	has_counterfactual;from_aspect	has_counterfactual;to_aspect	has_counterfactual;shared_in	witness_arena	-1	negative_shift	#86BD51	0.624825	0x5c74cdfe56a97514
1296	1296	93	rng_determinism_object	abductive_world_object	colored_bisimulation_candidate	has_aspect	has_counterfactual;from_aspect	has_counterfactual;to_aspect	has_counterfactual;shared_in	witness_arena	0	same_trit_relabel	#C32E6A	1.029104	0x023e3c3a1c590d21
1297	1297	93	rng_determinism_object	fuzz_soundness_object	colored_bisimulation_candidate	has_aspect	has_counterfactual;from_aspect	has_counterfactual;to_aspect	has_counterfactual;shared_in	witness_arena	1	positive_shift	#247C68	0.477207	0x34a35afe7397bb38
1298	1298	93	rng_determinism_object	ternary_regression_object	colored_bisimulation_candidate	has_aspect	has_counterfactual;from_aspect	has_counterfactual;to_aspect	has_counterfactual;shared_in	witness_arena	-1	negative_shift	#52FA21	1.11849	0x79ef9de7ea0096a2
1299	1299	93	rng_determinism_object	nonriemannian_gate_object	colored_bisimulation_candidate	has_aspect	has_counterfactual;from_aspect	has_counterfactual;to_aspect	has_counterfactual;shared_in	witness_arena	0	same_trit_relabel	#245D64	0.602302	0xd8f70f8a6925b720
1300	1300	93	rng_determinism_object	exa_loop_object	colored_bisimulation_candidate	has_aspect	has_counterfactual;from_aspect	has_counterfactual;to_aspect	has_counterfactual;shared_in	witness_arena	1	positive_shift	#F69E24	1.066551	0xd1fa3e488411d162
1301	1301	93	rng_determinism_object	aqua_hygiene_object	colored_bisimulation_candidate	has_aspect	has_counterfactual;from_aspect	has_counterfactual;to_aspect	has_counterfactual;shared_in	witness_arena	-1	negative_shift	#170B3C	1.204284	0xc8d1a2ce865e75ed
1302	1302	93	rng_determinism_object	scip_catcolab_object	colored_bisimulation_candidate	has_aspect	has_counterfactual;from_aspect	has_counterfactual;to_aspect	has_counterfactual;shared_in	witness_arena	0	same_trit_relabel	#8808C9	0.926296	0x78a74af376246ed1
1303	1303	94	parallel_invariance_object	color_space_object	colored_bisimulation_candidate	has_aspect	has_counterfactual;from_aspect	has_counterfactual;to_aspect	has_counterfactual;shared_in	witness_arena	0	same_trit_relabel	#F0B163	0.491387	0xe769e1733e9c8f53
1304	1304	94	parallel_invariance_object	trit_tick_object	colored_bisimulation_candidate	has_aspect	has_counterfactual;from_aspect	has_counterfactual;to_aspect	has_counterfactual;shared_in	witness_arena	1	positive_shift	#3B3DEB	0.612344	0xcb70f3f6a78c6a91
1305	1305	94	parallel_invariance_object	rng_determinism_object	colored_bisimulation_candidate	has_aspect	has_counterfactual;from_aspect	has_counterfactual;to_aspect	has_counterfactual;shared_in	witness_arena	-1	negative_shift	#5F81CF	0.893349	0x2b6790b275690249
1306	1306	94	parallel_invariance_object	palette_interface_object	colored_bisimulation_candidate	has_aspect	has_counterfactual;from_aspect	has_counterfactual;to_aspect	has_counterfactual;shared_in	witness_arena	1	positive_shift	#0E0186	0.984574	0x02dd22fe61a0d58e
1307	1307	94	parallel_invariance_object	lisp_semantics_object	colored_bisimulation_candidate	has_aspect	has_counterfactual;from_aspect	has_counterfactual;to_aspect	has_counterfactual;shared_in	witness_arena	-1	negative_shift	#4F51B8	1.012241	0x1dfdf2db052f94f0
1308	1308	94	parallel_invariance_object	entropy_source_object	colored_bisimulation_candidate	has_aspect	has_counterfactual;from_aspect	has_counterfactual;to_aspect	has_counterfactual;shared_in	witness_arena	0	same_trit_relabel	#7C2872	0.899998	0xe39c94e1f0a23fd6
1309	1309	94	parallel_invariance_object	propagator_cell_object	colored_bisimulation_candidate	has_aspect	has_counterfactual;from_aspect	has_counterfactual;to_aspect	has_counterfactual;shared_in	witness_arena	1	positive_shift	#5BDE5A	1.038398	0x791d783ad00f8b41
1310	1310	94	parallel_invariance_object	abductive_world_object	colored_bisimulation_candidate	has_aspect	has_counterfactual;from_aspect	has_counterfactual;to_aspect	has_counterfactual;shared_in	witness_arena	-1	negative_shift	#E51B7D	1.135589	0x9557122cdf621384
1311	1311	94	parallel_invariance_object	fuzz_soundness_object	colored_bisimulation_candidate	has_aspect	has_counterfactual;from_aspect	has_counterfactual;to_aspect	has_counterfactual;shared_in	witness_arena	0	same_trit_relabel	#8035D6	0.871595	0x4863a5d6f317923d
1312	1312	94	parallel_invariance_object	ternary_regression_object	colored_bisimulation_candidate	has_aspect	has_counterfactual;from_aspect	has_counterfactual;to_aspect	has_counterfactual;shared_in	witness_arena	1	positive_shift	#32FBB6	0.606439	0x3d25b57292750eb8
1313	1313	94	parallel_invariance_object	nonriemannian_gate_object	colored_bisimulation_candidate	has_aspect	has_counterfactual;from_aspect	has_counterfactual;to_aspect	has_counterfactual;shared_in	witness_arena	-1	negative_shift	#140843	0.761288	0x0797a06c498a61c2
1314	1314	94	parallel_invariance_object	exa_loop_object	colored_bisimulation_candidate	has_aspect	has_counterfactual;from_aspect	has_counterfactual;to_aspect	has_counterfactual;shared_in	witness_arena	0	same_trit_relabel	#6D5675	0.35869	0xdaf2b723bcf52d07
1315	1315	94	parallel_invariance_object	aqua_hygiene_object	colored_bisimulation_candidate	has_aspect	has_counterfactual;from_aspect	has_counterfactual;to_aspect	has_counterfactual;shared_in	witness_arena	1	positive_shift	#56E54D	0.796228	0x5c8a0c0854bebf00
1316	1316	94	parallel_invariance_object	scip_catcolab_object	colored_bisimulation_candidate	has_aspect	has_counterfactual;from_aspect	has_counterfactual;to_aspect	has_counterfactual;shared_in	witness_arena	-1	negative_shift	#A71102	1.184494	0xf66a2343f4315bcb
1317	1317	95	palette_interface_object	color_space_object	colored_bisimulation_candidate	has_aspect	has_counterfactual;from_aspect	has_counterfactual;to_aspect	has_counterfactual;shared_in	witness_arena	-1	negative_shift	#A629C6	1.258242	0xf4a225c291772e88
1318	1318	95	palette_interface_object	trit_tick_object	colored_bisimulation_candidate	has_aspect	has_counterfactual;from_aspect	has_counterfactual;to_aspect	has_counterfactual;shared_in	witness_arena	0	same_trit_relabel	#9CCF50	0.868121	0xe41ec15a2e89c478
1319	1319	95	palette_interface_object	rng_determinism_object	colored_bisimulation_candidate	has_aspect	has_counterfactual;from_aspect	has_counterfactual;to_aspect	has_counterfactual;shared_in	witness_arena	1	positive_shift	#F095D0	1.341367	0x2444eb85762c8c00
1320	1320	95	palette_interface_object	parallel_invariance_object	colored_bisimulation_candidate	has_aspect	has_counterfactual;from_aspect	has_counterfactual;to_aspect	has_counterfactual;shared_in	witness_arena	-1	negative_shift	#5E2A23	0.864152	0x9cf66a9f9c8f9bc5
1321	1321	95	palette_interface_object	lisp_semantics_object	colored_bisimulation_candidate	has_aspect	has_counterfactual;from_aspect	has_counterfactual;to_aspect	has_counterfactual;shared_in	witness_arena	1	positive_shift	#72087C	0.641719	0xe8bf6c680b2aad3a
1322	1322	95	palette_interface_object	entropy_source_object	colored_bisimulation_candidate	has_aspect	has_counterfactual;from_aspect	has_counterfactual;to_aspect	has_counterfactual;shared_in	witness_arena	-1	negative_shift	#2F1AC2	0.74255	0xde37779a8ac1d4b3
1323	1323	95	palette_interface_object	propagator_cell_object	colored_bisimulation_candidate	has_aspect	has_counterfactual;from_aspect	has_counterfactual;to_aspect	has_counterfactual;shared_in	witness_arena	0	same_trit_relabel	#06E7B3	0.776966	0xf370f98b9b5fc9c6
1324	1324	95	palette_interface_object	abductive_world_object	colored_bisimulation_candidate	has_aspect	has_counterfactual;from_aspect	has_counterfactual;to_aspect	has_counterfactual;shared_in	witness_arena	1	positive_shift	#8CBBC4	1.088925	0xb1b73c8771c64bc0
1325	1325	95	palette_interface_object	fuzz_soundness_object	colored_bisimulation_candidate	has_aspect	has_counterfactual;from_aspect	has_counterfactual;to_aspect	has_counterfactual;shared_in	witness_arena	-1	negative_shift	#ADEEC4	1.064693	0xbf210dbb8d96c5f0
1326	1326	95	palette_interface_object	ternary_regression_object	colored_bisimulation_candidate	has_aspect	has_counterfactual;from_aspect	has_counterfactual;to_aspect	has_counterfactual;shared_in	witness_arena	0	same_trit_relabel	#B01E5A	0.807548	0x535ffa1dcc78fdc0
1327	1327	95	palette_interface_object	nonriemannian_gate_object	colored_bisimulation_candidate	has_aspect	has_counterfactual;from_aspect	has_counterfactual;to_aspect	has_counterfactual;shared_in	witness_arena	1	positive_shift	#97AE42	1.12306	0x87af83351b504f66
1328	1328	95	palette_interface_object	exa_loop_object	colored_bisimulation_candidate	has_aspect	has_counterfactual;from_aspect	has_counterfactual;to_aspect	has_counterfactual;shared_in	witness_arena	-1	negative_shift	#25F1C1	1.0218	0x4b95bccd37fabd75
1329	1329	95	palette_interface_object	aqua_hygiene_object	colored_bisimulation_candidate	has_aspect	has_counterfactual;from_aspect	has_counterfactual;to_aspect	has_counterfactual;shared_in	witness_arena	0	same_trit_relabel	#034A3B	0.62821	0x36a77e2e93003c06
1330	1330	95	palette_interface_object	scip_catcolab_object	colored_bisimulation_candidate	has_aspect	has_counterfactual;from_aspect	has_counterfactual;to_aspect	has_counterfactual;shared_in	witness_arena	1	positive_shift	#270BDB	0.757117	0xb02715bd4f4bdcbe
1331	1331	96	lisp_semantics_object	color_space_object	colored_bisimulation_candidate	has_aspect	has_counterfactual;from_aspect	has_counterfactual;to_aspect	has_counterfactual;shared_in	witness_arena	1	positive_shift	#3E1833	0.623874	0xdec1430c13440976
1332	1332	96	lisp_semantics_object	trit_tick_object	colored_bisimulation_candidate	has_aspect	has_counterfactual;from_aspect	has_counterfactual;to_aspect	has_counterfactual;shared_in	witness_arena	-1	negative_shift	#CAF3E9	0.77468	0x3c8b80d971653d26
1333	1333	96	lisp_semantics_object	rng_determinism_object	colored_bisimulation_candidate	has_aspect	has_counterfactual;from_aspect	has_counterfactual;to_aspect	has_counterfactual;shared_in	witness_arena	0	same_trit_relabel	#79D191	0.876723	0x73358c28e8a1262a
1334	1334	96	lisp_semantics_object	parallel_invariance_object	colored_bisimulation_candidate	has_aspect	has_counterfactual;from_aspect	has_counterfactual;to_aspect	has_counterfactual;shared_in	witness_arena	1	positive_shift	#2996F1	1.162344	0x1232c300a657dfce
1335	1335	96	lisp_semantics_object	palette_interface_object	colored_bisimulation_candidate	has_aspect	has_counterfactual;from_aspect	has_counterfactual;to_aspect	has_counterfactual;shared_in	witness_arena	-1	negative_shift	#572A4B	0.826236	0xe09a6ac7290126fc
1336	1336	96	lisp_semantics_object	entropy_source_object	colored_bisimulation_candidate	has_aspect	has_counterfactual;from_aspect	has_counterfactual;to_aspect	has_counterfactual;shared_in	witness_arena	1	positive_shift	#D7C5F7	1.088009	0x8d5077e65ba43ea5
1337	1337	96	lisp_semantics_object	propagator_cell_object	colored_bisimulation_candidate	has_aspect	has_counterfactual;from_aspect	has_counterfactual;to_aspect	has_counterfactual;shared_in	witness_arena	-1	negative_shift	#723F22	1.244834	0x430bdac48afce960
1338	1338	96	lisp_semantics_object	abductive_world_object	colored_bisimulation_candidate	has_aspect	has_counterfactual;from_aspect	has_counterfactual;to_aspect	has_counterfactual;shared_in	witness_arena	0	same_trit_relabel	#85EC3F	0.316726	0xf6332b4a54150823
1339	1339	96	lisp_semantics_object	fuzz_soundness_object	colored_bisimulation_candidate	has_aspect	has_counterfactual;from_aspect	has_counterfactual;to_aspect	has_counterfactual;shared_in	witness_arena	1	positive_shift	#68060A	1.360889	0x166296e91292bd43
1340	1340	96	lisp_semantics_object	ternary_regression_object	colored_bisimulation_candidate	has_aspect	has_counterfactual;from_aspect	has_counterfactual;to_aspect	has_counterfactual;shared_in	witness_arena	-1	negative_shift	#E406FF	1.002096	0x5cbca44197770ec6
1341	1341	96	lisp_semantics_object	nonriemannian_gate_object	colored_bisimulation_candidate	has_aspect	has_counterfactual;from_aspect	has_counterfactual;to_aspect	has_counterfactual;shared_in	witness_arena	0	same_trit_relabel	#66EC67	0.597431	0x7e7ec8e44f6d7d5f
1342	1342	96	lisp_semantics_object	exa_loop_object	colored_bisimulation_candidate	has_aspect	has_counterfactual;from_aspect	has_counterfactual;to_aspect	has_counterfactual;shared_in	witness_arena	1	positive_shift	#F9B322	0.652935	0xc3379213f135c581
1343	1343	96	lisp_semantics_object	aqua_hygiene_object	colored_bisimulation_candidate	has_aspect	has_counterfactual;from_aspect	has_counterfactual;to_aspect	has_counterfactual;shared_in	witness_arena	-1	negative_shift	#9DC4B7	0.434765	0x80d1ef20c2c00e86
1344	1344	96	lisp_semantics_object	scip_catcolab_object	colored_bisimulation_candidate	has_aspect	has_counterfactual;from_aspect	has_counterfactual;to_aspect	has_counterfactual;shared_in	witness_arena	0	same_trit_relabel	#693FDB	0.412436	0x4a2aa062b33de092
1345	1345	97	entropy_source_object	color_space_object	colored_bisimulation_candidate	has_aspect	has_counterfactual;from_aspect	has_counterfactual;to_aspect	has_counterfactual;shared_in	witness_arena	0	same_trit_relabel	#E0C40F	0.891439	0xecbb238191000149
1346	1346	97	entropy_source_object	trit_tick_object	colored_bisimulation_candidate	has_aspect	has_counterfactual;from_aspect	has_counterfactual;to_aspect	has_counterfactual;shared_in	witness_arena	1	positive_shift	#2DF011	1.058961	0x4c5496f8285b43a0
1347	1347	97	entropy_source_object	rng_determinism_object	colored_bisimulation_candidate	has_aspect	has_counterfactual;from_aspect	has_counterfactual;to_aspect	has_counterfactual;shared_in	witness_arena	-1	negative_shift	#DAF594	0.969414	0xe72fd98de3a6687e
1348	1348	97	entropy_source_object	parallel_invariance_object	colored_bisimulation_candidate	has_aspect	has_counterfactual;from_aspect	has_counterfactual;to_aspect	has_counterfactual;shared_in	witness_arena	0	same_trit_relabel	#9DD40A	0.358239	0x4992e51b4f997009
1349	1349	97	entropy_source_object	palette_interface_object	colored_bisimulation_candidate	has_aspect	has_counterfactual;from_aspect	has_counterfactual;to_aspect	has_counterfactual;shared_in	witness_arena	1	positive_shift	#49A73C	1.074437	0x2e72cb77112c7997
1350	1350	97	entropy_source_object	lisp_semantics_object	colored_bisimulation_candidate	has_aspect	has_counterfactual;from_aspect	has_counterfactual;to_aspect	has_counterfactual;shared_in	witness_arena	-1	negative_shift	#8413F1	0.798151	0x359e8c97b51789dc
1351	1351	97	entropy_source_object	propagator_cell_object	colored_bisimulation_candidate	has_aspect	has_counterfactual;from_aspect	has_counterfactual;to_aspect	has_counterfactual;shared_in	witness_arena	1	positive_shift	#1DC9F0	0.740667	0x86a28982e654b898
1352	1352	97	entropy_source_object	abductive_world_object	colored_bisimulation_candidate	has_aspect	has_counterfactual;from_aspect	has_counterfactual;to_aspect	has_counterfactual;shared_in	witness_arena	-1	negative_shift	#9A2304	1.11021	0x06f2910a6b1e410a
1353	1353	97	entropy_source_object	fuzz_soundness_object	colored_bisimulation_candidate	has_aspect	has_counterfactual;from_aspect	has_counterfactual;to_aspect	has_counterfactual;shared_in	witness_arena	0	same_trit_relabel	#3BB721	0.419626	0x7e18f3da15061c7b
1354	1354	97	entropy_source_object	ternary_regression_object	colored_bisimulation_candidate	has_aspect	has_counterfactual;from_aspect	has_counterfactual;to_aspect	has_counterfactual;shared_in	witness_arena	1	positive_shift	#E33C75	1.220718	0x2925f28b12ca7816
1355	1355	97	entropy_source_object	nonriemannian_gate_object	colored_bisimulation_candidate	has_aspect	has_counterfactual;from_aspect	has_counterfactual;to_aspect	has_counterfactual;shared_in	witness_arena	-1	negative_shift	#F5DA68	0.832175	0xaa51398a5ccc36ae
1356	1356	97	entropy_source_object	exa_loop_object	colored_bisimulation_candidate	has_aspect	has_counterfactual;from_aspect	has_counterfactual;to_aspect	has_counterfactual;shared_in	witness_arena	0	same_trit_relabel	#1928D9	0.601191	0x5f66b05e0e76269d
1357	1357	97	entropy_source_object	aqua_hygiene_object	colored_bisimulation_candidate	has_aspect	has_counterfactual;from_aspect	has_counterfactual;to_aspect	has_counterfactual;shared_in	witness_arena	1	positive_shift	#B3C771	1.082456	0x8ca31dd2d30c6ab1
1358	1358	97	entropy_source_object	scip_catcolab_object	colored_bisimulation_candidate	has_aspect	has_counterfactual;from_aspect	has_counterfactual;to_aspect	has_counterfactual;shared_in	witness_arena	-1	negative_shift	#9F9E95	1.132516	0x9099460b3a08d1cf
1359	1359	98	propagator_cell_object	color_space_object	colored_bisimulation_candidate	has_aspect	has_counterfactual;from_aspect	has_counterfactual;to_aspect	has_counterfactual;shared_in	witness_arena	-1	negative_shift	#C25ED4	1.091789	0xa9c1c648796f0863
1360	1360	98	propagator_cell_object	trit_tick_object	colored_bisimulation_candidate	has_aspect	has_counterfactual;from_aspect	has_counterfactual;to_aspect	has_counterfactual;shared_in	witness_arena	0	same_trit_relabel	#7C7E49	0.821782	0xa18a01aee629836b
1361	1361	98	propagator_cell_object	rng_determinism_object	colored_bisimulation_candidate	has_aspect	has_counterfactual;from_aspect	has_counterfactual;to_aspect	has_counterfactual;shared_in	witness_arena	1	positive_shift	#48993D	1.31998	0xd816e2b3690d9530
1362	1362	98	propagator_cell_object	parallel_invariance_object	colored_bisimulation_candidate	has_aspect	has_counterfactual;from_aspect	has_counterfactual;to_aspect	has_counterfactual;shared_in	witness_arena	-1	negative_shift	#1791E9	1.032913	0x42fdfad5e7f286ec
1363	1363	98	propagator_cell_object	palette_interface_object	colored_bisimulation_candidate	has_aspect	has_counterfactual;from_aspect	has_counterfactual;to_aspect	has_counterfactual;shared_in	witness_arena	0	same_trit_relabel	#BE1E47	1.10943	0x7e2775c4771e8712
1364	1364	98	propagator_cell_object	lisp_semantics_object	colored_bisimulation_candidate	has_aspect	has_counterfactual;from_aspect	has_counterfactual;to_aspect	has_counterfactual;shared_in	witness_arena	1	positive_shift	#BFFBD6	1.387951	0x98e33a9a3aa0350e
1365	1365	98	propagator_cell_object	entropy_source_object	colored_bisimulation_candidate	has_aspect	has_counterfactual;from_aspect	has_counterfactual;to_aspect	has_counterfactual;shared_in	witness_arena	-1	negative_shift	#2C40E3	1.136662	0x5bc2ccdb572366fe
1366	1366	98	propagator_cell_object	abductive_world_object	colored_bisimulation_candidate	has_aspect	has_counterfactual;from_aspect	has_counterfactual;to_aspect	has_counterfactual;shared_in	witness_arena	1	positive_shift	#3EC428	0.866465	0x95a7452d09ae647d
1367	1367	98	propagator_cell_object	fuzz_soundness_object	colored_bisimulation_candidate	has_aspect	has_counterfactual;from_aspect	has_counterfactual;to_aspect	has_counterfactual;shared_in	witness_arena	-1	negative_shift	#C2A32C	1.475776	0xef3e083b2459b994
1368	1368	98	propagator_cell_object	ternary_regression_object	colored_bisimulation_candidate	has_aspect	has_counterfactual;from_aspect	has_counterfactual;to_aspect	has_counterfactual;shared_in	witness_arena	0	same_trit_relabel	#A286D8	1.27149	0xbb66afc27625c511
1369	1369	98	propagator_cell_object	nonriemannian_gate_object	colored_bisimulation_candidate	has_aspect	has_counterfactual;from_aspect	has_counterfactual;to_aspect	has_counterfactual;shared_in	witness_arena	1	positive_shift	#76CF14	1.123838	0x942acd1e84727992
1370	1370	98	propagator_cell_object	exa_loop_object	colored_bisimulation_candidate	has_aspect	has_counterfactual;from_aspect	has_counterfactual;to_aspect	has_counterfactual;shared_in	witness_arena	-1	negative_shift	#313ADB	1.085631	0xe6a3b9e59ee85b15
1371	1371	98	propagator_cell_object	aqua_hygiene_object	colored_bisimulation_candidate	has_aspect	has_counterfactual;from_aspect	has_counterfactual;to_aspect	has_counterfactual;shared_in	witness_arena	0	same_trit_relabel	#315B6B	0.834898	0x6281a0b147538365
1372	1372	98	propagator_cell_object	scip_catcolab_object	colored_bisimulation_candidate	has_aspect	has_counterfactual;from_aspect	has_counterfactual;to_aspect	has_counterfactual;shared_in	witness_arena	1	positive_shift	#CC1980	1.255711	0x8fe23dc41a12775f
1373	1373	99	abductive_world_object	color_space_object	colored_bisimulation_candidate	has_aspect	has_counterfactual;from_aspect	has_counterfactual;to_aspect	has_counterfactual;shared_in	witness_arena	1	positive_shift	#CC3DD3	1.329203	0xfeca25e79382c2cc
1374	1374	99	abductive_world_object	trit_tick_object	colored_bisimulation_candidate	has_aspect	has_counterfactual;from_aspect	has_counterfactual;to_aspect	has_counterfactual;shared_in	witness_arena	-1	negative_shift	#800552	1.252169	0xd727d404098ecfaf
1375	1375	99	abductive_world_object	rng_determinism_object	colored_bisimulation_candidate	has_aspect	has_counterfactual;from_aspect	has_counterfactual;to_aspect	has_counterfactual;shared_in	witness_arena	0	same_trit_relabel	#2BBD5C	0.949352	0xaf76444c752b5f51
1376	1376	99	abductive_world_object	parallel_invariance_object	colored_bisimulation_candidate	has_aspect	has_counterfactual;from_aspect	has_counterfactual;to_aspect	has_counterfactual;shared_in	witness_arena	1	positive_shift	#4F0414	0.459861	0x9a7e9066b16be0bb
1377	1377	99	abductive_world_object	palette_interface_object	colored_bisimulation_candidate	has_aspect	has_counterfactual;from_aspect	has_counterfactual;to_aspect	has_counterfactual;shared_in	witness_arena	-1	negative_shift	#2FB4E0	1.030336	0x41e77ddb946844c4
1378	1378	99	abductive_world_object	lisp_semantics_object	colored_bisimulation_candidate	has_aspect	has_counterfactual;from_aspect	has_counterfactual;to_aspect	has_counterfactual;shared_in	witness_arena	0	same_trit_relabel	#9462C3	0.508943	0xf7cc64c69e3ce23d
1379	1379	99	abductive_world_object	entropy_source_object	colored_bisimulation_candidate	has_aspect	has_counterfactual;from_aspect	has_counterfactual;to_aspect	has_counterfactual;shared_in	witness_arena	1	positive_shift	#D280F4	0.500541	0xb00a0cd5e39faf54
1380	1380	99	abductive_world_object	propagator_cell_object	colored_bisimulation_candidate	has_aspect	has_counterfactual;from_aspect	has_counterfactual;to_aspect	has_counterfactual;shared_in	witness_arena	-1	negative_shift	#122070	1.038529	0xc752f1fef7d8e379
1381	1381	99	abductive_world_object	fuzz_soundness_object	colored_bisimulation_candidate	has_aspect	has_counterfactual;from_aspect	has_counterfactual;to_aspect	has_counterfactual;shared_in	witness_arena	1	positive_shift	#23E400	0.987213	0xc29ffc55edf98fa1
1382	1382	99	abductive_world_object	ternary_regression_object	colored_bisimulation_candidate	has_aspect	has_counterfactual;from_aspect	has_counterfactual;to_aspect	has_counterfactual;shared_in	witness_arena	-1	negative_shift	#26A97A	1.374094	0x1939afd08f9f5dff
1383	1383	99	abductive_world_object	nonriemannian_gate_object	colored_bisimulation_candidate	has_aspect	has_counterfactual;from_aspect	has_counterfactual;to_aspect	has_counterfactual;shared_in	witness_arena	0	same_trit_relabel	#CF8283	0.758973	0x3b5658b213d64716
1384	1384	99	abductive_world_object	exa_loop_object	colored_bisimulation_candidate	has_aspect	has_counterfactual;from_aspect	has_counterfactual;to_aspect	has_counterfactual;shared_in	witness_arena	1	positive_shift	#A2D405	1.08343	0x85d5ff94dc3c06ba
1385	1385	99	abductive_world_object	aqua_hygiene_object	colored_bisimulation_candidate	has_aspect	has_counterfactual;from_aspect	has_counterfactual;to_aspect	has_counterfactual;shared_in	witness_arena	-1	negative_shift	#944FD6	1.12581	0x85174ce04b063b9c
1386	1386	99	abductive_world_object	scip_catcolab_object	colored_bisimulation_candidate	has_aspect	has_counterfactual;from_aspect	has_counterfactual;to_aspect	has_counterfactual;shared_in	witness_arena	0	same_trit_relabel	#8EC2BA	0.656731	0xd51a1df3bbf34898
1387	1387	100	fuzz_soundness_object	color_space_object	colored_bisimulation_candidate	has_aspect	has_counterfactual;from_aspect	has_counterfactual;to_aspect	has_counterfactual;shared_in	witness_arena	0	same_trit_relabel	#D58525	0.336936	0xd565d7c9739c8ff7
1388	1388	100	fuzz_soundness_object	trit_tick_object	colored_bisimulation_candidate	has_aspect	has_counterfactual;from_aspect	has_counterfactual;to_aspect	has_counterfactual;shared_in	witness_arena	1	positive_shift	#A5F69A	0.486676	0x13f73dbe0c8bf982
1389	1389	100	fuzz_soundness_object	rng_determinism_object	colored_bisimulation_candidate	has_aspect	has_counterfactual;from_aspect	has_counterfactual;to_aspect	has_counterfactual;shared_in	witness_arena	-1	negative_shift	#46E1F9	0.842745	0x1863c6e082ed84b9
1390	1390	100	fuzz_soundness_object	parallel_invariance_object	colored_bisimulation_candidate	has_aspect	has_counterfactual;from_aspect	has_counterfactual;to_aspect	has_counterfactual;shared_in	witness_arena	0	same_trit_relabel	#92A079	1.028812	0xf17f1af80d19b10e
1391	1391	100	fuzz_soundness_object	palette_interface_object	colored_bisimulation_candidate	has_aspect	has_counterfactual;from_aspect	has_counterfactual;to_aspect	has_counterfactual;shared_in	witness_arena	1	positive_shift	#C3DDD1	1.18864	0x608c6d0f8b6faf6b
1392	1392	100	fuzz_soundness_object	lisp_semantics_object	colored_bisimulation_candidate	has_aspect	has_counterfactual;from_aspect	has_counterfactual;to_aspect	has_counterfactual;shared_in	witness_arena	-1	negative_shift	#B490C1	1.177191	0x41d504ff1bd186c2
1393	1393	100	fuzz_soundness_object	entropy_source_object	colored_bisimulation_candidate	has_aspect	has_counterfactual;from_aspect	has_counterfactual;to_aspect	has_counterfactual;shared_in	witness_arena	0	same_trit_relabel	#545920	0.90812	0x16a6919635ae73a4
1394	1394	100	fuzz_soundness_object	propagator_cell_object	colored_bisimulation_candidate	has_aspect	has_counterfactual;from_aspect	has_counterfactual;to_aspect	has_counterfactual;shared_in	witness_arena	1	positive_shift	#EF0836	1.089637	0x0492d898c35bca88
1395	1395	100	fuzz_soundness_object	abductive_world_object	colored_bisimulation_candidate	has_aspect	has_counterfactual;from_aspect	has_counterfactual;to_aspect	has_counterfactual;shared_in	witness_arena	-1	negative_shift	#2AAAB7	1.000369	0xfb9b8da976945cb0
1396	1396	100	fuzz_soundness_object	ternary_regression_object	colored_bisimulation_candidate	has_aspect	has_counterfactual;from_aspect	has_counterfactual;to_aspect	has_counterfactual;shared_in	witness_arena	1	positive_shift	#1C5A3D	0.970718	0x96fddebaa3557549
1397	1397	100	fuzz_soundness_object	nonriemannian_gate_object	colored_bisimulation_candidate	has_aspect	has_counterfactual;from_aspect	has_counterfactual;to_aspect	has_counterfactual;shared_in	witness_arena	-1	negative_shift	#EA9816	0.689959	0xdc179da9de5403d7
1398	1398	100	fuzz_soundness_object	exa_loop_object	colored_bisimulation_candidate	has_aspect	has_counterfactual;from_aspect	has_counterfactual;to_aspect	has_counterfactual;shared_in	witness_arena	0	same_trit_relabel	#577669	0.326434	0x0a1aa9bcac0a88d5
1399	1399	100	fuzz_soundness_object	aqua_hygiene_object	colored_bisimulation_candidate	has_aspect	has_counterfactual;from_aspect	has_counterfactual;to_aspect	has_counterfactual;shared_in	witness_arena	1	positive_shift	#8321EC	0.846355	0x88bd22ac0f48616c
1400	1400	100	fuzz_soundness_object	scip_catcolab_object	colored_bisimulation_candidate	has_aspect	has_counterfactual;from_aspect	has_counterfactual;to_aspect	has_counterfactual;shared_in	witness_arena	-1	negative_shift	#C3D5D5	1.252036	0x9bf3bee13380345f
1401	1401	101	ternary_regression_object	color_space_object	colored_bisimulation_candidate	has_aspect	has_counterfactual;from_aspect	has_counterfactual;to_aspect	has_counterfactual;shared_in	witness_arena	-1	negative_shift	#8D687E	1.262091	0xbb08001dcc2d33be
1402	1402	101	ternary_regression_object	trit_tick_object	colored_bisimulation_candidate	has_aspect	has_counterfactual;from_aspect	has_counterfactual;to_aspect	has_counterfactual;shared_in	witness_arena	0	same_trit_relabel	#128363	0.661212	0x2f93776732259c6b
1403	1403	101	ternary_regression_object	rng_determinism_object	colored_bisimulation_candidate	has_aspect	has_counterfactual;from_aspect	has_counterfactual;to_aspect	has_counterfactual;shared_in	witness_arena	1	positive_shift	#3A6060	0.803725	0x489f5a264fca11c5
1404	1404	101	ternary_regression_object	parallel_invariance_object	colored_bisimulation_candidate	has_aspect	has_counterfactual;from_aspect	has_counterfactual;to_aspect	has_counterfactual;shared_in	witness_arena	-1	negative_shift	#AF91DC	1.14577	0x4170aa1a0b03864c
1405	1405	101	ternary_regression_object	palette_interface_object	colored_bisimulation_candidate	has_aspect	has_counterfactual;from_aspect	has_counterfactual;to_aspect	has_counterfactual;shared_in	witness_arena	0	same_trit_relabel	#FCDFF4	0.671161	0x7edfc118cd3b6f1f
1406	1406	101	ternary_regression_object	lisp_semantics_object	colored_bisimulation_candidate	has_aspect	has_counterfactual;from_aspect	has_counterfactual;to_aspect	has_counterfactual;shared_in	witness_arena	1	positive_shift	#A1CAF7	0.708863	0x9af2b33d328d86fb
1407	1407	101	ternary_regression_object	entropy_source_object	colored_bisimulation_candidate	has_aspect	has_counterfactual;from_aspect	has_counterfactual;to_aspect	has_counterfactual;shared_in	witness_arena	-1	negative_shift	#97CA40	0.902853	0x8497068e47a34625
1408	1408	101	ternary_regression_object	propagator_cell_object	colored_bisimulation_candidate	has_aspect	has_counterfactual;from_aspect	has_counterfactual;to_aspect	has_counterfactual;shared_in	witness_arena	0	same_trit_relabel	#9412CF	0.217426	0x0eea9803065e7a4a
1409	1409	101	ternary_regression_object	abductive_world_object	colored_bisimulation_candidate	has_aspect	has_counterfactual;from_aspect	has_counterfactual;to_aspect	has_counterfactual;shared_in	witness_arena	1	positive_shift	#73A06F	1.343196	0x3b4ea0c9412ce453
1410	1410	101	ternary_regression_object	fuzz_soundness_object	colored_bisimulation_candidate	has_aspect	has_counterfactual;from_aspect	has_counterfactual;to_aspect	has_counterfactual;shared_in	witness_arena	-1	negative_shift	#0D84C4	0.609992	0x029e875c1a642fa6
1411	1411	101	ternary_regression_object	nonriemannian_gate_object	colored_bisimulation_candidate	has_aspect	has_counterfactual;from_aspect	has_counterfactual;to_aspect	has_counterfactual;shared_in	witness_arena	1	positive_shift	#D9A566	0.790091	0x598925be7d4fb643
1412	1412	101	ternary_regression_object	exa_loop_object	colored_bisimulation_candidate	has_aspect	has_counterfactual;from_aspect	has_counterfactual;to_aspect	has_counterfactual;shared_in	witness_arena	-1	negative_shift	#B4308F	0.937675	0x0fab5f38f1a79ea2
1413	1413	101	ternary_regression_object	aqua_hygiene_object	colored_bisimulation_candidate	has_aspect	has_counterfactual;from_aspect	has_counterfactual;to_aspect	has_counterfactual;shared_in	witness_arena	0	same_trit_relabel	#E3475E	0.76544	0x3ea36ee3e206825f
1414	1414	101	ternary_regression_object	scip_catcolab_object	colored_bisimulation_candidate	has_aspect	has_counterfactual;from_aspect	has_counterfactual;to_aspect	has_counterfactual;shared_in	witness_arena	1	positive_shift	#ED2BE6	1.269841	0xdfeb962e52569abd
1415	1415	102	nonriemannian_gate_object	color_space_object	colored_bisimulation_candidate	has_aspect	has_counterfactual;from_aspect	has_counterfactual;to_aspect	has_counterfactual;shared_in	witness_arena	1	positive_shift	#540183	1.483269	0x3a9e764f97aeaa82
1416	1416	102	nonriemannian_gate_object	trit_tick_object	colored_bisimulation_candidate	has_aspect	has_counterfactual;from_aspect	has_counterfactual;to_aspect	has_counterfactual;shared_in	witness_arena	-1	negative_shift	#E9B3CF	1.245071	0x2a73f94174cf1d5c
1417	1417	102	nonriemannian_gate_object	rng_determinism_object	colored_bisimulation_candidate	has_aspect	has_counterfactual;from_aspect	has_counterfactual;to_aspect	has_counterfactual;shared_in	witness_arena	0	same_trit_relabel	#DACB6B	0.671448	0x95dcfc8db6272bb8
1418	1418	102	nonriemannian_gate_object	parallel_invariance_object	colored_bisimulation_candidate	has_aspect	has_counterfactual;from_aspect	has_counterfactual;to_aspect	has_counterfactual;shared_in	witness_arena	1	positive_shift	#28BC49	1.021655	0xfc7f1294939d8af6
1419	1419	102	nonriemannian_gate_object	palette_interface_object	colored_bisimulation_candidate	has_aspect	has_counterfactual;from_aspect	has_counterfactual;to_aspect	has_counterfactual;shared_in	witness_arena	-1	negative_shift	#138C5D	1.158122	0xfda3b2d83f83bdea
1420	1420	102	nonriemannian_gate_object	lisp_semantics_object	colored_bisimulation_candidate	has_aspect	has_counterfactual;from_aspect	has_counterfactual;to_aspect	has_counterfactual;shared_in	witness_arena	0	same_trit_relabel	#7D61B4	0.465165	0x43571b9ad6fe3cc6
1421	1421	102	nonriemannian_gate_object	entropy_source_object	colored_bisimulation_candidate	has_aspect	has_counterfactual;from_aspect	has_counterfactual;to_aspect	has_counterfactual;shared_in	witness_arena	1	positive_shift	#0CE552	0.805536	0x02a945ccd008fd4e
1422	1422	102	nonriemannian_gate_object	propagator_cell_object	colored_bisimulation_candidate	has_aspect	has_counterfactual;from_aspect	has_counterfactual;to_aspect	has_counterfactual;shared_in	witness_arena	-1	negative_shift	#049D10	0.636742	0x6e0dccb530de4bac
1423	1423	102	nonriemannian_gate_object	abductive_world_object	colored_bisimulation_candidate	has_aspect	has_counterfactual;from_aspect	has_counterfactual;to_aspect	has_counterfactual;shared_in	witness_arena	0	same_trit_relabel	#1C6619	1.123227	0x495e6a012b059b6b
1424	1424	102	nonriemannian_gate_object	fuzz_soundness_object	colored_bisimulation_candidate	has_aspect	has_counterfactual;from_aspect	has_counterfactual;to_aspect	has_counterfactual;shared_in	witness_arena	1	positive_shift	#FCCC9E	0.426217	0xfd18ca2d2d6ba6a8
1425	1425	102	nonriemannian_gate_object	ternary_regression_object	colored_bisimulation_candidate	has_aspect	has_counterfactual;from_aspect	has_counterfactual;to_aspect	has_counterfactual;shared_in	witness_arena	-1	negative_shift	#B14959	1.188316	0x577813a1e675f71f
1426	1426	102	nonriemannian_gate_object	exa_loop_object	colored_bisimulation_candidate	has_aspect	has_counterfactual;from_aspect	has_counterfactual;to_aspect	has_counterfactual;shared_in	witness_arena	1	positive_shift	#30486F	1.153654	0xdae242165cf3f5f9
1427	1427	102	nonriemannian_gate_object	aqua_hygiene_object	colored_bisimulation_candidate	has_aspect	has_counterfactual;from_aspect	has_counterfactual;to_aspect	has_counterfactual;shared_in	witness_arena	-1	negative_shift	#14854A	1.303206	0xc053b2858b4a925e
1428	1428	102	nonriemannian_gate_object	scip_catcolab_object	colored_bisimulation_candidate	has_aspect	has_counterfactual;from_aspect	has_counterfactual;to_aspect	has_counterfactual;shared_in	witness_arena	0	same_trit_relabel	#9D8E7B	1.030067	0x3b53b976c51226d7
1429	1429	103	exa_loop_object	color_space_object	colored_bisimulation_candidate	has_aspect	has_counterfactual;from_aspect	has_counterfactual;to_aspect	has_counterfactual;shared_in	witness_arena	0	same_trit_relabel	#265038	0.432903	0xa68b45ab4736c3c2
1430	1430	103	exa_loop_object	trit_tick_object	colored_bisimulation_candidate	has_aspect	has_counterfactual;from_aspect	has_counterfactual;to_aspect	has_counterfactual;shared_in	witness_arena	1	positive_shift	#94B26F	0.716946	0x7138a7ecaf6a0429
1431	1431	103	exa_loop_object	rng_determinism_object	colored_bisimulation_candidate	has_aspect	has_counterfactual;from_aspect	has_counterfactual;to_aspect	has_counterfactual;shared_in	witness_arena	-1	negative_shift	#D8A150	0.983108	0x1adff890351dc02d
1432	1432	103	exa_loop_object	parallel_invariance_object	colored_bisimulation_candidate	has_aspect	has_counterfactual;from_aspect	has_counterfactual;to_aspect	has_counterfactual;shared_in	witness_arena	0	same_trit_relabel	#70669C	0.572146	0xca8fb16948d498a1
1433	1433	103	exa_loop_object	palette_interface_object	colored_bisimulation_candidate	has_aspect	has_counterfactual;from_aspect	has_counterfactual;to_aspect	has_counterfactual;shared_in	witness_arena	1	positive_shift	#2147A6	0.885941	0x175f9cc95862cd6d
1434	1434	103	exa_loop_object	lisp_semantics_object	colored_bisimulation_candidate	has_aspect	has_counterfactual;from_aspect	has_counterfactual;to_aspect	has_counterfactual;shared_in	witness_arena	-1	negative_shift	#4E4D9C	0.856595	0x89f99395e6e06724
1435	1435	103	exa_loop_object	entropy_source_object	colored_bisimulation_candidate	has_aspect	has_counterfactual;from_aspect	has_counterfactual;to_aspect	has_counterfactual;shared_in	witness_arena	0	same_trit_relabel	#0ED72D	0.484008	0xc2b34cdd530c06f2
1436	1436	103	exa_loop_object	propagator_cell_object	colored_bisimulation_candidate	has_aspect	has_counterfactual;from_aspect	has_counterfactual;to_aspect	has_counterfactual;shared_in	witness_arena	1	positive_shift	#5B05CD	0.974627	0x3e74cfa32e24ae3f
1437	1437	103	exa_loop_object	abductive_world_object	colored_bisimulation_candidate	has_aspect	has_counterfactual;from_aspect	has_counterfactual;to_aspect	has_counterfactual;shared_in	witness_arena	-1	negative_shift	#EDAF9B	0.702044	0x43b0dbdaaf44415f
1438	1438	103	exa_loop_object	fuzz_soundness_object	colored_bisimulation_candidate	has_aspect	has_counterfactual;from_aspect	has_counterfactual;to_aspect	has_counterfactual;shared_in	witness_arena	0	same_trit_relabel	#4E0D4E	0.759702	0x9efcaee73cdd5550
1439	1439	103	exa_loop_object	ternary_regression_object	colored_bisimulation_candidate	has_aspect	has_counterfactual;from_aspect	has_counterfactual;to_aspect	has_counterfactual;shared_in	witness_arena	1	positive_shift	#182ED1	1.028691	0x585642d43cfa8700
1440	1440	103	exa_loop_object	nonriemannian_gate_object	colored_bisimulation_candidate	has_aspect	has_counterfactual;from_aspect	has_counterfactual;to_aspect	has_counterfactual;shared_in	witness_arena	-1	negative_shift	#EC2A74	0.697892	0x0abe09a85ad09345
1441	1441	103	exa_loop_object	aqua_hygiene_object	colored_bisimulation_candidate	has_aspect	has_counterfactual;from_aspect	has_counterfactual;to_aspect	has_counterfactual;shared_in	witness_arena	1	positive_shift	#351AF9	0.652261	0x7cf0db872e76b18e
1442	1442	103	exa_loop_object	scip_catcolab_object	colored_bisimulation_candidate	has_aspect	has_counterfactual;from_aspect	has_counterfactual;to_aspect	has_counterfactual;shared_in	witness_arena	-1	negative_shift	#9350F6	0.859672	0xc05381d6f26f73fd
1443	1443	104	aqua_hygiene_object	color_space_object	colored_bisimulation_candidate	has_aspect	has_counterfactual;from_aspect	has_counterfactual;to_aspect	has_counterfactual;shared_in	witness_arena	-1	negative_shift	#541D2D	0.668484	0x8435702436049827
1444	1444	104	aqua_hygiene_object	trit_tick_object	colored_bisimulation_candidate	has_aspect	has_counterfactual;from_aspect	has_counterfactual;to_aspect	has_counterfactual;shared_in	witness_arena	0	same_trit_relabel	#F7258A	0.280029	0x1bf571b59ddc1587
1445	1445	104	aqua_hygiene_object	rng_determinism_object	colored_bisimulation_candidate	has_aspect	has_counterfactual;from_aspect	has_counterfactual;to_aspect	has_counterfactual;shared_in	witness_arena	1	positive_shift	#A42C29	0.920653	0xdcf661f5bc28bc01
1446	1446	104	aqua_hygiene_object	parallel_invariance_object	colored_bisimulation_candidate	has_aspect	has_counterfactual;from_aspect	has_counterfactual;to_aspect	has_counterfactual;shared_in	witness_arena	-1	negative_shift	#9DF9A1	1.057306	0x9bb312ec98507a90
1447	1447	104	aqua_hygiene_object	palette_interface_object	colored_bisimulation_candidate	has_aspect	has_counterfactual;from_aspect	has_counterfactual;to_aspect	has_counterfactual;shared_in	witness_arena	0	same_trit_relabel	#782F9E	0.716661	0x2724331e3530f452
1448	1448	104	aqua_hygiene_object	lisp_semantics_object	colored_bisimulation_candidate	has_aspect	has_counterfactual;from_aspect	has_counterfactual;to_aspect	has_counterfactual;shared_in	witness_arena	1	positive_shift	#25389F	1.021543	0x0ede769135a32524
1449	1449	104	aqua_hygiene_object	entropy_source_object	colored_bisimulation_candidate	has_aspect	has_counterfactual;from_aspect	has_counterfactual;to_aspect	has_counterfactual;shared_in	witness_arena	-1	negative_shift	#2CFE30	0.98139	0xcf3a51c8e63912a1
1450	1450	104	aqua_hygiene_object	propagator_cell_object	colored_bisimulation_candidate	has_aspect	has_counterfactual;from_aspect	has_counterfactual;to_aspect	has_counterfactual;shared_in	witness_arena	0	same_trit_relabel	#67D663	0.689617	0x1e318b6963cdad66
1451	1451	104	aqua_hygiene_object	abductive_world_object	colored_bisimulation_candidate	has_aspect	has_counterfactual;from_aspect	has_counterfactual;to_aspect	has_counterfactual;shared_in	witness_arena	1	positive_shift	#12B89D	0.741063	0x639b2a4f50d7fc3a
1452	1452	104	aqua_hygiene_object	fuzz_soundness_object	colored_bisimulation_candidate	has_aspect	has_counterfactual;from_aspect	has_counterfactual;to_aspect	has_counterfactual;shared_in	witness_arena	-1	negative_shift	#E596DA	1.183319	0x2eb7fb80a049bff8
1453	1453	104	aqua_hygiene_object	ternary_regression_object	colored_bisimulation_candidate	has_aspect	has_counterfactual;from_aspect	has_counterfactual;to_aspect	has_counterfactual;shared_in	witness_arena	0	same_trit_relabel	#559F0F	0.731906	0xbbf35605dbdcb202
1454	1454	104	aqua_hygiene_object	nonriemannian_gate_object	colored_bisimulation_candidate	has_aspect	has_counterfactual;from_aspect	has_counterfactual;to_aspect	has_counterfactual;shared_in	witness_arena	1	positive_shift	#440307	0.656333	0x679cab8ac5b0d61e
1455	1455	104	aqua_hygiene_object	exa_loop_object	colored_bisimulation_candidate	has_aspect	has_counterfactual;from_aspect	has_counterfactual;to_aspect	has_counterfactual;shared_in	witness_arena	-1	negative_shift	#444A66	0.548806	0xe8804a270c767ca2
1456	1456	104	aqua_hygiene_object	scip_catcolab_object	colored_bisimulation_candidate	has_aspect	has_counterfactual;from_aspect	has_counterfactual;to_aspect	has_counterfactual;shared_in	witness_arena	1	positive_shift	#73BA57	1.024843	0x99a2a5ea0b798715
1457	1457	105	scip_catcolab_object	color_space_object	colored_bisimulation_candidate	has_aspect	has_counterfactual;from_aspect	has_counterfactual;to_aspect	has_counterfactual;shared_in	witness_arena	1	positive_shift	#94E622	0.723859	0xb40f3e0ef62525b6
1458	1458	105	scip_catcolab_object	trit_tick_object	colored_bisimulation_candidate	has_aspect	has_counterfactual;from_aspect	has_counterfactual;to_aspect	has_counterfactual;shared_in	witness_arena	-1	negative_shift	#0CBF2C	0.967877	0x9ce9d8ccb180d79f
1459	1459	105	scip_catcolab_object	rng_determinism_object	colored_bisimulation_candidate	has_aspect	has_counterfactual;from_aspect	has_counterfactual;to_aspect	has_counterfactual;shared_in	witness_arena	0	same_trit_relabel	#F578D7	1.082204	0x88c00f9d6ae167e4
1460	1460	105	scip_catcolab_object	parallel_invariance_object	colored_bisimulation_candidate	has_aspect	has_counterfactual;from_aspect	has_counterfactual;to_aspect	has_counterfactual;shared_in	witness_arena	1	positive_shift	#6233EF	1.245391	0xa5163c0058d0e90a
1461	1461	105	scip_catcolab_object	palette_interface_object	colored_bisimulation_candidate	has_aspect	has_counterfactual;from_aspect	has_counterfactual;to_aspect	has_counterfactual;shared_in	witness_arena	-1	negative_shift	#796221	0.966105	0x7d7a3de9bdfceaf1
1462	1462	105	scip_catcolab_object	lisp_semantics_object	colored_bisimulation_candidate	has_aspect	has_counterfactual;from_aspect	has_counterfactual;to_aspect	has_counterfactual;shared_in	witness_arena	0	same_trit_relabel	#665505	0.852894	0xf745e10396db0eee
1463	1463	105	scip_catcolab_object	entropy_source_object	colored_bisimulation_candidate	has_aspect	has_counterfactual;from_aspect	has_counterfactual;to_aspect	has_counterfactual;shared_in	witness_arena	1	positive_shift	#EE8BA7	1.224488	0x9e3de11c371600d8
1464	1464	105	scip_catcolab_object	propagator_cell_object	colored_bisimulation_candidate	has_aspect	has_counterfactual;from_aspect	has_counterfactual;to_aspect	has_counterfactual;shared_in	witness_arena	-1	negative_shift	#1511E1	1.451531	0xd9cb55d13ef4f72d
1465	1465	105	scip_catcolab_object	abductive_world_object	colored_bisimulation_candidate	has_aspect	has_counterfactual;from_aspect	has_counterfactual;to_aspect	has_counterfactual;shared_in	witness_arena	0	same_trit_relabel	#173BCB	0.273303	0x3bdcc00a614dd32b
1466	1466	105	scip_catcolab_object	fuzz_soundness_object	colored_bisimulation_candidate	has_aspect	has_counterfactual;from_aspect	has_counterfactual;to_aspect	has_counterfactual;shared_in	witness_arena	1	positive_shift	#F6F965	1.558533	0xe348fe881fe5e4d1
1467	1467	105	scip_catcolab_object	ternary_regression_object	colored_bisimulation_candidate	has_aspect	has_counterfactual;from_aspect	has_counterfactual;to_aspect	has_counterfactual;shared_in	witness_arena	-1	negative_shift	#B2FA90	1.209223	0x05a706b9922b67cc
1468	1468	105	scip_catcolab_object	nonriemannian_gate_object	colored_bisimulation_candidate	has_aspect	has_counterfactual;from_aspect	has_counterfactual;to_aspect	has_counterfactual;shared_in	witness_arena	0	same_trit_relabel	#07DA83	0.800625	0x8bf08e969d2d0e10
1469	1469	105	scip_catcolab_object	exa_loop_object	colored_bisimulation_candidate	has_aspect	has_counterfactual;from_aspect	has_counterfactual;to_aspect	has_counterfactual;shared_in	witness_arena	1	positive_shift	#CD2E56	0.862702	0x7a82555a48f09f2d
1470	1470	105	scip_catcolab_object	aqua_hygiene_object	colored_bisimulation_candidate	has_aspect	has_counterfactual;from_aspect	has_counterfactual;to_aspect	has_counterfactual;shared_in	witness_arena	-1	negative_shift	#E9D9DA	0.654256	0x1a15d9b136908d5f
1471	1471	106	color_space_object	trit_tick_object	colored_bisimulation_candidate	has_aspect	has_counterfactual;from_aspect	has_counterfactual;to_aspect	has_counterfactual;shared_in	witness_arena	1	positive_shift	#3CA14B	0.904066	0xc902974d1abf2dbb
1472	1472	106	color_space_object	rng_determinism_object	colored_bisimulation_candidate	has_aspect	has_counterfactual;from_aspect	has_counterfactual;to_aspect	has_counterfactual;shared_in	witness_arena	-1	negative_shift	#0C3BA3	1.145941	0x96f4ea2aeba1bc0a
1473	1473	106	color_space_object	parallel_invariance_object	colored_bisimulation_candidate	has_aspect	has_counterfactual;from_aspect	has_counterfactual;to_aspect	has_counterfactual;shared_in	witness_arena	0	same_trit_relabel	#F93D91	0.466683	0x56f6ceb406e5f297
1474	1474	106	color_space_object	palette_interface_object	colored_bisimulation_candidate	has_aspect	has_counterfactual;from_aspect	has_counterfactual;to_aspect	has_counterfactual;shared_in	witness_arena	1	positive_shift	#BE8EDE	0.985741	0xf68710ca92072631
1475	1475	106	color_space_object	lisp_semantics_object	colored_bisimulation_candidate	has_aspect	has_counterfactual;from_aspect	has_counterfactual;to_aspect	has_counterfactual;shared_in	witness_arena	-1	negative_shift	#0131E6	0.966882	0x96ff187e04c2c390
1476	1476	106	color_space_object	entropy_source_object	colored_bisimulation_candidate	has_aspect	has_counterfactual;from_aspect	has_counterfactual;to_aspect	has_counterfactual;shared_in	witness_arena	0	same_trit_relabel	#6C030E	0.476515	0xd1d9ea9e2d99c91b
1477	1477	106	color_space_object	propagator_cell_object	colored_bisimulation_candidate	has_aspect	has_counterfactual;from_aspect	has_counterfactual;to_aspect	has_counterfactual;shared_in	witness_arena	1	positive_shift	#01698D	1.107483	0xf9aac346ddf8ad1c
1478	1478	106	color_space_object	abductive_world_object	colored_bisimulation_candidate	has_aspect	has_counterfactual;from_aspect	has_counterfactual;to_aspect	has_counterfactual;shared_in	witness_arena	-1	negative_shift	#B092EB	0.618936	0x977d47fadaa9093f
1479	1479	106	color_space_object	fuzz_soundness_object	colored_bisimulation_candidate	has_aspect	has_counterfactual;from_aspect	has_counterfactual;to_aspect	has_counterfactual;shared_in	witness_arena	0	same_trit_relabel	#7007A2	0.863146	0xc3bfdd689aa8238b
1480	1480	106	color_space_object	ternary_regression_object	colored_bisimulation_candidate	has_aspect	has_counterfactual;from_aspect	has_counterfactual;to_aspect	has_counterfactual;shared_in	witness_arena	1	positive_shift	#D210D0	1.228491	0x035659f62296d373
1481	1481	106	color_space_object	nonriemannian_gate_object	colored_bisimulation_candidate	has_aspect	has_counterfactual;from_aspect	has_counterfactual;to_aspect	has_counterfactual;shared_in	witness_arena	-1	negative_shift	#A2CB97	0.876127	0xdd8782243d5a69f9
1482	1482	106	color_space_object	exa_loop_object	colored_bisimulation_candidate	has_aspect	has_counterfactual;from_aspect	has_counterfactual;to_aspect	has_counterfactual;shared_in	witness_arena	0	same_trit_relabel	#76A69D	0.416887	0x79d18a0bf2660df4
1483	1483	106	color_space_object	aqua_hygiene_object	colored_bisimulation_candidate	has_aspect	has_counterfactual;from_aspect	has_counterfactual;to_aspect	has_counterfactual;shared_in	witness_arena	1	positive_shift	#245D0D	0.781389	0x55df2ed9b061d751
1484	1484	106	color_space_object	scip_catcolab_object	colored_bisimulation_candidate	has_aspect	has_counterfactual;from_aspect	has_counterfactual;to_aspect	has_counterfactual;shared_in	witness_arena	-1	negative_shift	#4ED445	0.840506	0x497aeb96973a4fd3
1485	1485	107	trit_tick_object	color_space_object	colored_bisimulation_candidate	has_aspect	has_counterfactual;from_aspect	has_counterfactual;to_aspect	has_counterfactual;shared_in	witness_arena	-1	negative_shift	#DCD8F2	1.121032	0xab1f13c441f6999e
1486	1486	107	trit_tick_object	rng_determinism_object	colored_bisimulation_candidate	has_aspect	has_counterfactual;from_aspect	has_counterfactual;to_aspect	has_counterfactual;shared_in	witness_arena	1	positive_shift	#B1B7AE	1.329628	0x4ca91a829700d7e9
1487	1487	107	trit_tick_object	parallel_invariance_object	colored_bisimulation_candidate	has_aspect	has_counterfactual;from_aspect	has_counterfactual;to_aspect	has_counterfactual;shared_in	witness_arena	-1	negative_shift	#A83209	0.679588	0xa46f91e0e5d3dade
1488	1488	107	trit_tick_object	palette_interface_object	colored_bisimulation_candidate	has_aspect	has_counterfactual;from_aspect	has_counterfactual;to_aspect	has_counterfactual;shared_in	witness_arena	0	same_trit_relabel	#E4314C	0.508702	0xd1c229586255f493
1489	1489	107	trit_tick_object	lisp_semantics_object	colored_bisimulation_candidate	has_aspect	has_counterfactual;from_aspect	has_counterfactual;to_aspect	has_counterfactual;shared_in	witness_arena	1	positive_shift	#23F442	0.841536	0xae4abba2ab6cd08b
1490	1490	107	trit_tick_object	entropy_source_object	colored_bisimulation_candidate	has_aspect	has_counterfactual;from_aspect	has_counterfactual;to_aspect	has_counterfactual;shared_in	witness_arena	-1	negative_shift	#651FA6	0.698755	0x0b7611bd5c254b5f
1491	1491	107	trit_tick_object	propagator_cell_object	colored_bisimulation_candidate	has_aspect	has_counterfactual;from_aspect	has_counterfactual;to_aspect	has_counterfactual;shared_in	witness_arena	0	same_trit_relabel	#2AC587	0.833386	0xb369b9b13d23e737
1492	1492	107	trit_tick_object	abductive_world_object	colored_bisimulation_candidate	has_aspect	has_counterfactual;from_aspect	has_counterfactual;to_aspect	has_counterfactual;shared_in	witness_arena	1	positive_shift	#DB5CF1	0.833237	0xf0aeb28a1d7accc3
1493	1493	107	trit_tick_object	fuzz_soundness_object	colored_bisimulation_candidate	has_aspect	has_counterfactual;from_aspect	has_counterfactual;to_aspect	has_counterfactual;shared_in	witness_arena	-1	negative_shift	#CA913A	1.172485	0xfe8a33796513333c
1494	1494	107	trit_tick_object	ternary_regression_object	colored_bisimulation_candidate	has_aspect	has_counterfactual;from_aspect	has_counterfactual;to_aspect	has_counterfactual;shared_in	witness_arena	0	same_trit_relabel	#9971BC	0.938567	0xd630cbefe8891c3c
1495	1495	107	trit_tick_object	nonriemannian_gate_object	colored_bisimulation_candidate	has_aspect	has_counterfactual;from_aspect	has_counterfactual;to_aspect	has_counterfactual;shared_in	witness_arena	1	positive_shift	#F04858	1.073066	0x4b0d7ec2f4ed355d
1496	1496	107	trit_tick_object	exa_loop_object	colored_bisimulation_candidate	has_aspect	has_counterfactual;from_aspect	has_counterfactual;to_aspect	has_counterfactual;shared_in	witness_arena	-1	negative_shift	#6602CC	0.945312	0xf0d15fc54c60694b
1497	1497	107	trit_tick_object	aqua_hygiene_object	colored_bisimulation_candidate	has_aspect	has_counterfactual;from_aspect	has_counterfactual;to_aspect	has_counterfactual;shared_in	witness_arena	0	same_trit_relabel	#3AC280	0.557553	0x6ca64eb7cafb541d
1498	1498	107	trit_tick_object	scip_catcolab_object	colored_bisimulation_candidate	has_aspect	has_counterfactual;from_aspect	has_counterfactual;to_aspect	has_counterfactual;shared_in	witness_arena	1	positive_shift	#448145	0.679544	0xd9584c8db9a5ea5e
1499	1499	108	rng_determinism_object	color_space_object	colored_bisimulation_candidate	has_aspect	has_counterfactual;from_aspect	has_counterfactual;to_aspect	has_counterfactual;shared_in	witness_arena	1	positive_shift	#1B118A	0.629639	0x819db4a609923ca5
1500	1500	108	rng_determinism_object	trit_tick_object	colored_bisimulation_candidate	has_aspect	has_counterfactual;from_aspect	has_counterfactual;to_aspect	has_counterfactual;shared_in	witness_arena	-1	negative_shift	#057137	0.575774	0xb8f51562498f39f3
1501	1501	108	rng_determinism_object	parallel_invariance_object	colored_bisimulation_candidate	has_aspect	has_counterfactual;from_aspect	has_counterfactual;to_aspect	has_counterfactual;shared_in	witness_arena	1	positive_shift	#9DD5C8	1.153429	0xb9ad49ec7f4503e1
1502	1502	108	rng_determinism_object	palette_interface_object	colored_bisimulation_candidate	has_aspect	has_counterfactual;from_aspect	has_counterfactual;to_aspect	has_counterfactual;shared_in	witness_arena	-1	negative_shift	#715AE1	1.116332	0x089ad472e196d304
1503	1503	108	rng_determinism_object	lisp_semantics_object	colored_bisimulation_candidate	has_aspect	has_counterfactual;from_aspect	has_counterfactual;to_aspect	has_counterfactual;shared_in	witness_arena	0	same_trit_relabel	#CD048E	0.764786	0xffd8ec54e44c7cfc
1504	1504	108	rng_determinism_object	entropy_source_object	colored_bisimulation_candidate	has_aspect	has_counterfactual;from_aspect	has_counterfactual;to_aspect	has_counterfactual;shared_in	witness_arena	1	positive_shift	#87DF7B	1.075391	0x096ab3753e2af718
1505	1505	108	rng_determinism_object	propagator_cell_object	colored_bisimulation_candidate	has_aspect	has_counterfactual;from_aspect	has_counterfactual;to_aspect	has_counterfactual;shared_in	witness_arena	-1	negative_shift	#84AA21	1.066667	0x7d4e7fced1854d5d
1506	1506	108	rng_determinism_object	abductive_world_object	colored_bisimulation_candidate	has_aspect	has_counterfactual;from_aspect	has_counterfactual;to_aspect	has_counterfactual;shared_in	witness_arena	0	same_trit_relabel	#1A3ADD	0.457817	0xec5af595118dbc2d
1507	1507	108	rng_determinism_object	fuzz_soundness_object	colored_bisimulation_candidate	has_aspect	has_counterfactual;from_aspect	has_counterfactual;to_aspect	has_counterfactual;shared_in	witness_arena	1	positive_shift	#FAE697	1.242207	0x3d922b2cb907c0d9
1508	1508	108	rng_determinism_object	ternary_regression_object	colored_bisimulation_candidate	has_aspect	has_counterfactual;from_aspect	has_counterfactual;to_aspect	has_counterfactual;shared_in	witness_arena	-1	negative_shift	#25479D	1.073253	0x58b4ebc27cf9cb93
1509	1509	108	rng_determinism_object	nonriemannian_gate_object	colored_bisimulation_candidate	has_aspect	has_counterfactual;from_aspect	has_counterfactual;to_aspect	has_counterfactual;shared_in	witness_arena	0	same_trit_relabel	#97CD44	0.340454	0xfc1844dc373e115f
1510	1510	108	rng_determinism_object	exa_loop_object	colored_bisimulation_candidate	has_aspect	has_counterfactual;from_aspect	has_counterfactual;to_aspect	has_counterfactual;shared_in	witness_arena	1	positive_shift	#EEEA6A	0.583762	0xbc59050ee499bb3e
1511	1511	108	rng_determinism_object	aqua_hygiene_object	colored_bisimulation_candidate	has_aspect	has_counterfactual;from_aspect	has_counterfactual;to_aspect	has_counterfactual;shared_in	witness_arena	-1	negative_shift	#A997C1	0.761683	0x8cb5cf4162c6413a
1512	1512	108	rng_determinism_object	scip_catcolab_object	colored_bisimulation_candidate	has_aspect	has_counterfactual;from_aspect	has_counterfactual;to_aspect	has_counterfactual;shared_in	witness_arena	0	same_trit_relabel	#DAF4D0	0.766173	0x300d2836d9482ed5
1513	1513	109	parallel_invariance_object	color_space_object	colored_bisimulation_candidate	has_aspect	has_counterfactual;from_aspect	has_counterfactual;to_aspect	has_counterfactual;shared_in	witness_arena	0	same_trit_relabel	#8AD4CE	0.745985	0x933f2f08b4c60b8a
1514	1514	109	parallel_invariance_object	trit_tick_object	colored_bisimulation_candidate	has_aspect	has_counterfactual;from_aspect	has_counterfactual;to_aspect	has_counterfactual;shared_in	witness_arena	1	positive_shift	#11913F	1.090034	0xe31f226d6360d7fd
1515	1515	109	parallel_invariance_object	rng_determinism_object	colored_bisimulation_candidate	has_aspect	has_counterfactual;from_aspect	has_counterfactual;to_aspect	has_counterfactual;shared_in	witness_arena	-1	negative_shift	#D7F07F	1.313961	0xbba57a102eb701d0
1516	1516	109	parallel_invariance_object	palette_interface_object	colored_bisimulation_candidate	has_aspect	has_counterfactual;from_aspect	has_counterfactual;to_aspect	has_counterfactual;shared_in	witness_arena	1	positive_shift	#2B8555	0.727153	0xcc9b7954c469c220
1517	1517	109	parallel_invariance_object	lisp_semantics_object	colored_bisimulation_candidate	has_aspect	has_counterfactual;from_aspect	has_counterfactual;to_aspect	has_counterfactual;shared_in	witness_arena	-1	negative_shift	#74158B	0.780667	0x53a5cfe32e78b2fb
1518	1518	109	parallel_invariance_object	entropy_source_object	colored_bisimulation_candidate	has_aspect	has_counterfactual;from_aspect	has_counterfactual;to_aspect	has_counterfactual;shared_in	witness_arena	0	same_trit_relabel	#9B4967	0.407032	0x5b1e331df5c730e3
1519	1519	109	parallel_invariance_object	propagator_cell_object	colored_bisimulation_candidate	has_aspect	has_counterfactual;from_aspect	has_counterfactual;to_aspect	has_counterfactual;shared_in	witness_arena	1	positive_shift	#2BDF98	1.157031	0xd69a1041a4ad210b
1520	1520	109	parallel_invariance_object	abductive_world_object	colored_bisimulation_candidate	has_aspect	has_counterfactual;from_aspect	has_counterfactual;to_aspect	has_counterfactual;shared_in	witness_arena	-1	negative_shift	#66EE38	0.834804	0xa5d1b37bfb1929a0
1521	1521	109	parallel_invariance_object	fuzz_soundness_object	colored_bisimulation_candidate	has_aspect	has_counterfactual;from_aspect	has_counterfactual;to_aspect	has_counterfactual;shared_in	witness_arena	0	same_trit_relabel	#21553B	0.834557	0xa8fbef7974b242d5
1522	1522	109	parallel_invariance_object	ternary_regression_object	colored_bisimulation_candidate	has_aspect	has_counterfactual;from_aspect	has_counterfactual;to_aspect	has_counterfactual;shared_in	witness_arena	1	positive_shift	#CAB42D	1.182831	0x36bf58a91c48be77
1523	1523	109	parallel_invariance_object	nonriemannian_gate_object	colored_bisimulation_candidate	has_aspect	has_counterfactual;from_aspect	has_counterfactual;to_aspect	has_counterfactual;shared_in	witness_arena	-1	negative_shift	#983A2E	1.052532	0x17ced2b5ae356eaa
1524	1524	109	parallel_invariance_object	exa_loop_object	colored_bisimulation_candidate	has_aspect	has_counterfactual;from_aspect	has_counterfactual;to_aspect	has_counterfactual;shared_in	witness_arena	0	same_trit_relabel	#6AE68E	0.567219	0x127fb09cd6c55842
1525	1525	109	parallel_invariance_object	aqua_hygiene_object	colored_bisimulation_candidate	has_aspect	has_counterfactual;from_aspect	has_counterfactual;to_aspect	has_counterfactual;shared_in	witness_arena	1	positive_shift	#41FAC8	0.816594	0x7a5981794b15f7e0
1526	1526	109	parallel_invariance_object	scip_catcolab_object	colored_bisimulation_candidate	has_aspect	has_counterfactual;from_aspect	has_counterfactual;to_aspect	has_counterfactual;shared_in	witness_arena	-1	negative_shift	#BD9B2D	0.59352	0xf4754a24bc234d05
1527	1527	110	palette_interface_object	color_space_object	colored_bisimulation_candidate	has_aspect	has_counterfactual;from_aspect	has_counterfactual;to_aspect	has_counterfactual;shared_in	witness_arena	-1	negative_shift	#744E04	1.259779	0xda802f3f00134171
1528	1528	110	palette_interface_object	trit_tick_object	colored_bisimulation_candidate	has_aspect	has_counterfactual;from_aspect	has_counterfactual;to_aspect	has_counterfactual;shared_in	witness_arena	0	same_trit_relabel	#48BE1C	0.769427	0xb95c9d393969fb50
1529	1529	110	palette_interface_object	rng_determinism_object	colored_bisimulation_candidate	has_aspect	has_counterfactual;from_aspect	has_counterfactual;to_aspect	has_counterfactual;shared_in	witness_arena	1	positive_shift	#F1F866	1.150536	0x603cd88a833622b7
1530	1530	110	palette_interface_object	parallel_invariance_object	colored_bisimulation_candidate	has_aspect	has_counterfactual;from_aspect	has_counterfactual;to_aspect	has_counterfactual;shared_in	witness_arena	-1	negative_shift	#A5469C	1.075091	0x50cc082bd1fa633b
1531	1531	110	palette_interface_object	lisp_semantics_object	colored_bisimulation_candidate	has_aspect	has_counterfactual;from_aspect	has_counterfactual;to_aspect	has_counterfactual;shared_in	witness_arena	1	positive_shift	#E2CDF0	0.476726	0x226592b9817844fa
1532	1532	110	palette_interface_object	entropy_source_object	colored_bisimulation_candidate	has_aspect	has_counterfactual;from_aspect	has_counterfactual;to_aspect	has_counterfactual;shared_in	witness_arena	-1	negative_shift	#7B4725	0.853381	0xd8e2acf755316e2c
1533	1533	110	palette_interface_object	propagator_cell_object	colored_bisimulation_candidate	has_aspect	has_counterfactual;from_aspect	has_counterfactual;to_aspect	has_counterfactual;shared_in	witness_arena	0	same_trit_relabel	#959BFF	0.581914	0x925c85f391ff071f
1534	1534	110	palette_interface_object	abductive_world_object	colored_bisimulation_candidate	has_aspect	has_counterfactual;from_aspect	has_counterfactual;to_aspect	has_counterfactual;shared_in	witness_arena	1	positive_shift	#4E212F	1.248068	0x73aef420d33f316f
1535	1535	110	palette_interface_object	fuzz_soundness_object	colored_bisimulation_candidate	has_aspect	has_counterfactual;from_aspect	has_counterfactual;to_aspect	has_counterfactual;shared_in	witness_arena	-1	negative_shift	#760CFA	0.879545	0x92686feb9d9fe3a4
1536	1536	110	palette_interface_object	ternary_regression_object	colored_bisimulation_candidate	has_aspect	has_counterfactual;from_aspect	has_counterfactual;to_aspect	has_counterfactual;shared_in	witness_arena	0	same_trit_relabel	#80BDED	0.547645	0x7d54bac8d01e5060
1537	1537	110	palette_interface_object	nonriemannian_gate_object	colored_bisimulation_candidate	has_aspect	has_counterfactual;from_aspect	has_counterfactual;to_aspect	has_counterfactual;shared_in	witness_arena	1	positive_shift	#C7A1C8	1.000634	0xcf4d7d8875d2b5f9
1538	1538	110	palette_interface_object	exa_loop_object	colored_bisimulation_candidate	has_aspect	has_counterfactual;from_aspect	has_counterfactual;to_aspect	has_counterfactual;shared_in	witness_arena	-1	negative_shift	#800552	0.970513	0xf76abf19939de5de
1539	1539	110	palette_interface_object	aqua_hygiene_object	colored_bisimulation_candidate	has_aspect	has_counterfactual;from_aspect	has_counterfactual;to_aspect	has_counterfactual;shared_in	witness_arena	0	same_trit_relabel	#7FB5E2	0.650614	0x7366fc31fef0e8c6
1540	1540	110	palette_interface_object	scip_catcolab_object	colored_bisimulation_candidate	has_aspect	has_counterfactual;from_aspect	has_counterfactual;to_aspect	has_counterfactual;shared_in	witness_arena	1	positive_shift	#D94447	0.991515	0xa8f682ce6206a035
1541	1541	111	lisp_semantics_object	color_space_object	colored_bisimulation_candidate	has_aspect	has_counterfactual;from_aspect	has_counterfactual;to_aspect	has_counterfactual;shared_in	witness_arena	1	positive_shift	#33D82C	1.161416	0xc9f59d1d0b08b592
1542	1542	111	lisp_semantics_object	trit_tick_object	colored_bisimulation_candidate	has_aspect	has_counterfactual;from_aspect	has_counterfactual;to_aspect	has_counterfactual;shared_in	witness_arena	-1	negative_shift	#ACB985	1.119429	0x80e43c2818b5d8cb
1543	1543	111	lisp_semantics_object	rng_determinism_object	colored_bisimulation_candidate	has_aspect	has_counterfactual;from_aspect	has_counterfactual;to_aspect	has_counterfactual;shared_in	witness_arena	0	same_trit_relabel	#CE1DF9	0.97773	0xe306d16c92cec685
1544	1544	111	lisp_semantics_object	parallel_invariance_object	colored_bisimulation_candidate	has_aspect	has_counterfactual;from_aspect	has_counterfactual;to_aspect	has_counterfactual;shared_in	witness_arena	1	positive_shift	#6647B0	0.944557	0x068168d13ea2cf42
1545	1545	111	lisp_semantics_object	palette_interface_object	colored_bisimulation_candidate	has_aspect	has_counterfactual;from_aspect	has_counterfactual;to_aspect	has_counterfactual;shared_in	witness_arena	-1	negative_shift	#5563D7	0.535817	0x8e8c195d1acf6b57
1546	1546	111	lisp_semantics_object	entropy_source_object	colored_bisimulation_candidate	has_aspect	has_counterfactual;from_aspect	has_counterfactual;to_aspect	has_counterfactual;shared_in	witness_arena	1	positive_shift	#07462B	0.813721	0x9ed88e138466058b
1547	1547	111	lisp_semantics_object	propagator_cell_object	colored_bisimulation_candidate	has_aspect	has_counterfactual;from_aspect	has_counterfactual;to_aspect	has_counterfactual;shared_in	witness_arena	-1	negative_shift	#107190	1.12028	0x392c568325ced865
1548	1548	111	lisp_semantics_object	abductive_world_object	colored_bisimulation_candidate	has_aspect	has_counterfactual;from_aspect	has_counterfactual;to_aspect	has_counterfactual;shared_in	witness_arena	0	same_trit_relabel	#E19093	0.694671	0x4d6efd066e85e1e0
1549	1549	111	lisp_semantics_object	fuzz_soundness_object	colored_bisimulation_candidate	has_aspect	has_counterfactual;from_aspect	has_counterfactual;to_aspect	has_counterfactual;shared_in	witness_arena	1	positive_shift	#2296F1	1.10633	0x96f819829f0ddea9
1550	1550	111	lisp_semantics_object	ternary_regression_object	colored_bisimulation_candidate	has_aspect	has_counterfactual;from_aspect	has_counterfactual;to_aspect	has_counterfactual;shared_in	witness_arena	-1	negative_shift	#6B0350	1.044966	0xe5e94a8b62c25294
1551	1551	111	lisp_semantics_object	nonriemannian_gate_object	colored_bisimulation_candidate	has_aspect	has_counterfactual;from_aspect	has_counterfactual;to_aspect	has_counterfactual;shared_in	witness_arena	0	same_trit_relabel	#ECDC3A	0.745686	0xa014150fc337a489
1552	1552	111	lisp_semantics_object	exa_loop_object	colored_bisimulation_candidate	has_aspect	has_counterfactual;from_aspect	has_counterfactual;to_aspect	has_counterfactual;shared_in	witness_arena	1	positive_shift	#9973FB	0.942857	0x209c1caa6a82465f
1553	1553	111	lisp_semantics_object	aqua_hygiene_object	colored_bisimulation_candidate	has_aspect	has_counterfactual;from_aspect	has_counterfactual;to_aspect	has_counterfactual;shared_in	witness_arena	-1	negative_shift	#EDCBDF	0.852715	0x320b2d2089ce29d9
1554	1554	111	lisp_semantics_object	scip_catcolab_object	colored_bisimulation_candidate	has_aspect	has_counterfactual;from_aspect	has_counterfactual;to_aspect	has_counterfactual;shared_in	witness_arena	0	same_trit_relabel	#831F62	0.345031	0xbda0985d1fb4ff9e
1555	1555	112	entropy_source_object	color_space_object	colored_bisimulation_candidate	has_aspect	has_counterfactual;from_aspect	has_counterfactual;to_aspect	has_counterfactual;shared_in	witness_arena	0	same_trit_relabel	#059E24	0.822352	0x6d9e21bf5ba63755
1556	1556	112	entropy_source_object	trit_tick_object	colored_bisimulation_candidate	has_aspect	has_counterfactual;from_aspect	has_counterfactual;to_aspect	has_counterfactual;shared_in	witness_arena	1	positive_shift	#8CF62C	0.895214	0x6cd03eccb33d7246
1557	1557	112	entropy_source_object	rng_determinism_object	colored_bisimulation_candidate	has_aspect	has_counterfactual;from_aspect	has_counterfactual;to_aspect	has_counterfactual;shared_in	witness_arena	-1	negative_shift	#871F9C	0.689095	0x0bb9f300dd9c3b6b
1558	1558	112	entropy_source_object	parallel_invariance_object	colored_bisimulation_candidate	has_aspect	has_counterfactual;from_aspect	has_counterfactual;to_aspect	has_counterfactual;shared_in	witness_arena	0	same_trit_relabel	#1B0535	0.6764	0x424c75affa582af5
1559	1559	112	entropy_source_object	palette_interface_object	colored_bisimulation_candidate	has_aspect	has_counterfactual;from_aspect	has_counterfactual;to_aspect	has_counterfactual;shared_in	witness_arena	1	positive_shift	#3C1836	1.052735	0xe2157818f2295b89
1560	1560	112	entropy_source_object	lisp_semantics_object	colored_bisimulation_candidate	has_aspect	has_counterfactual;from_aspect	has_counterfactual;to_aspect	has_counterfactual;shared_in	witness_arena	-1	negative_shift	#35A9FC	0.767584	0xadc51edc7547512c
1561	1561	112	entropy_source_object	propagator_cell_object	colored_bisimulation_candidate	has_aspect	has_counterfactual;from_aspect	has_counterfactual;to_aspect	has_counterfactual;shared_in	witness_arena	1	positive_shift	#70035E	0.46952	0xfff8a4f55a11a6f7
1562	1562	112	entropy_source_object	abductive_world_object	colored_bisimulation_candidate	has_aspect	has_counterfactual;from_aspect	has_counterfactual;to_aspect	has_counterfactual;shared_in	witness_arena	-1	negative_shift	#203729	1.205845	0xc4b6ec8a3af73b50
1563	1563	112	entropy_source_object	fuzz_soundness_object	colored_bisimulation_candidate	has_aspect	has_counterfactual;from_aspect	has_counterfactual;to_aspect	has_counterfactual;shared_in	witness_arena	0	same_trit_relabel	#0FBBDB	0.304092	0x38292da8c506c409
1564	1564	112	entropy_source_object	ternary_regression_object	colored_bisimulation_candidate	has_aspect	has_counterfactual;from_aspect	has_counterfactual;to_aspect	has_counterfactual;shared_in	witness_arena	1	positive_shift	#4C5E77	0.976124	0xf3c723bb39146b1a
1565	1565	112	entropy_source_object	nonriemannian_gate_object	colored_bisimulation_candidate	has_aspect	has_counterfactual;from_aspect	has_counterfactual;to_aspect	has_counterfactual;shared_in	witness_arena	-1	negative_shift	#DACFD1	0.634299	0x745ed24dec3dce14
1566	1566	112	entropy_source_object	exa_loop_object	colored_bisimulation_candidate	has_aspect	has_counterfactual;from_aspect	has_counterfactual;to_aspect	has_counterfactual;shared_in	witness_arena	0	same_trit_relabel	#139EB0	0.50124	0x4f4efce6422cee3e
1567	1567	112	entropy_source_object	aqua_hygiene_object	colored_bisimulation_candidate	has_aspect	has_counterfactual;from_aspect	has_counterfactual;to_aspect	has_counterfactual;shared_in	witness_arena	1	positive_shift	#118CE2	1.04013	0xfeaa326c4a51bff2
1568	1568	112	entropy_source_object	scip_catcolab_object	colored_bisimulation_candidate	has_aspect	has_counterfactual;from_aspect	has_counterfactual;to_aspect	has_counterfactual;shared_in	witness_arena	-1	negative_shift	#39855D	1.230164	0x29f8afbc457d8cc7
1569	1569	113	propagator_cell_object	color_space_object	colored_bisimulation_candidate	has_aspect	has_counterfactual;from_aspect	has_counterfactual;to_aspect	has_counterfactual;shared_in	witness_arena	-1	negative_shift	#F56B34	1.3734	0x2b5621bc5f22ed77
1570	1570	113	propagator_cell_object	trit_tick_object	colored_bisimulation_candidate	has_aspect	has_counterfactual;from_aspect	has_counterfactual;to_aspect	has_counterfactual;shared_in	witness_arena	0	same_trit_relabel	#43B5FF	0.779544	0xebbcc517a71118ec
1571	1571	113	propagator_cell_object	rng_determinism_object	colored_bisimulation_candidate	has_aspect	has_counterfactual;from_aspect	has_counterfactual;to_aspect	has_counterfactual;shared_in	witness_arena	1	positive_shift	#2F4C8E	0.938349	0x20761d86d4ea6d7b
1572	1572	113	propagator_cell_object	parallel_invariance_object	colored_bisimulation_candidate	has_aspect	has_counterfactual;from_aspect	has_counterfactual;to_aspect	has_counterfactual;shared_in	witness_arena	-1	negative_shift	#6CAFDD	1.258607	0xf3b755447b1ae3bb
1573	1573	113	propagator_cell_object	palette_interface_object	colored_bisimulation_candidate	has_aspect	has_counterfactual;from_aspect	has_counterfactual;to_aspect	has_counterfactual;shared_in	witness_arena	0	same_trit_relabel	#365593	0.688556	0xb7ce209d9301070a
1574	1574	113	propagator_cell_object	lisp_semantics_object	colored_bisimulation_candidate	has_aspect	has_counterfactual;from_aspect	has_counterfactual;to_aspect	has_counterfactual;shared_in	witness_arena	1	positive_shift	#19239F	0.748094	0xee1791f59190e940
1575	1575	113	propagator_cell_object	entropy_source_object	colored_bisimulation_candidate	has_aspect	has_counterfactual;from_aspect	has_counterfactual;to_aspect	has_counterfactual;shared_in	witness_arena	-1	negative_shift	#F817D6	1.010721	0xe1712cc86f4ee8bb
1576	1576	113	propagator_cell_object	abductive_world_object	colored_bisimulation_candidate	has_aspect	has_counterfactual;from_aspect	has_counterfactual;to_aspect	has_counterfactual;shared_in	witness_arena	1	positive_shift	#16D9A0	1.463766	0xf930f9a36f882a6f
1577	1577	113	propagator_cell_object	fuzz_soundness_object	colored_bisimulation_candidate	has_aspect	has_counterfactual;from_aspect	has_counterfactual;to_aspect	has_counterfactual;shared_in	witness_arena	-1	negative_shift	#9C458E	0.686949	0xd69a4ee24abfba85
1578	1578	113	propagator_cell_object	ternary_regression_object	colored_bisimulation_candidate	has_aspect	has_counterfactual;from_aspect	has_counterfactual;to_aspect	has_counterfactual;shared_in	witness_arena	0	same_trit_relabel	#12B04C	0.53254	0xf2f02bc1d2dff76c
1579	1579	113	propagator_cell_object	nonriemannian_gate_object	colored_bisimulation_candidate	has_aspect	has_counterfactual;from_aspect	has_counterfactual;to_aspect	has_counterfactual;shared_in	witness_arena	1	positive_shift	#017143	0.940607	0xbe5a422a4ca08dc2
1580	1580	113	propagator_cell_object	exa_loop_object	colored_bisimulation_candidate	has_aspect	has_counterfactual;from_aspect	has_counterfactual;to_aspect	has_counterfactual;shared_in	witness_arena	-1	negative_shift	#B6E5BA	1.057911	0xf59dfd4b1399d460
1581	1581	113	propagator_cell_object	aqua_hygiene_object	colored_bisimulation_candidate	has_aspect	has_counterfactual;from_aspect	has_counterfactual;to_aspect	has_counterfactual;shared_in	witness_arena	0	same_trit_relabel	#18F55B	0.852614	0x3d327903c467b97a
1582	1582	113	propagator_cell_object	scip_catcolab_object	colored_bisimulation_candidate	has_aspect	has_counterfactual;from_aspect	has_counterfactual;to_aspect	has_counterfactual;shared_in	witness_arena	1	positive_shift	#390545	1.332048	0x47434ed85639a652
1583	1583	114	abductive_world_object	color_space_object	colored_bisimulation_candidate	has_aspect	has_counterfactual;from_aspect	has_counterfactual;to_aspect	has_counterfactual;shared_in	witness_arena	1	positive_shift	#A42C29	1.20706	0x67cd60b054a9dc49
1584	1584	114	abductive_world_object	trit_tick_object	colored_bisimulation_candidate	has_aspect	has_counterfactual;from_aspect	has_counterfactual;to_aspect	has_counterfactual;shared_in	witness_arena	-1	negative_shift	#4E8612	1.270605	0x40ad91c103d0f54a
1585	1585	114	abductive_world_object	rng_determinism_object	colored_bisimulation_candidate	has_aspect	has_counterfactual;from_aspect	has_counterfactual;to_aspect	has_counterfactual;shared_in	witness_arena	0	same_trit_relabel	#69BD2B	1.21342	0xbde18991abd8f3aa
1586	1586	114	abductive_world_object	parallel_invariance_object	colored_bisimulation_candidate	has_aspect	has_counterfactual;from_aspect	has_counterfactual;to_aspect	has_counterfactual;shared_in	witness_arena	1	positive_shift	#6ACE05	1.010415	0x9e7c0306a34dd1ec
1587	1587	114	abductive_world_object	palette_interface_object	colored_bisimulation_candidate	has_aspect	has_counterfactual;from_aspect	has_counterfactual;to_aspect	has_counterfactual;shared_in	witness_arena	-1	negative_shift	#CBA6EE	0.73073	0x1de97b3b64e1c26d
1588	1588	114	abductive_world_object	lisp_semantics_object	colored_bisimulation_candidate	has_aspect	has_counterfactual;from_aspect	has_counterfactual;to_aspect	has_counterfactual;shared_in	witness_arena	0	same_trit_relabel	#BC7F06	0.603743	0x5f4f4efad93c5099
1589	1589	114	abductive_world_object	entropy_source_object	colored_bisimulation_candidate	has_aspect	has_counterfactual;from_aspect	has_counterfactual;to_aspect	has_counterfactual;shared_in	witness_arena	1	positive_shift	#08516C	0.98847	0xb18f14be7471af38
1590	1590	114	abductive_world_object	propagator_cell_object	colored_bisimulation_candidate	has_aspect	has_counterfactual;from_aspect	has_counterfactual;to_aspect	has_counterfactual;shared_in	witness_arena	-1	negative_shift	#D8270F	1.389423	0xbc670cfe3b4c30f6
1591	1591	114	abductive_world_object	fuzz_soundness_object	colored_bisimulation_candidate	has_aspect	has_counterfactual;from_aspect	has_counterfactual;to_aspect	has_counterfactual;shared_in	witness_arena	1	positive_shift	#208ED2	1.383575	0xc817c6971fdf7450
1592	1592	114	abductive_world_object	ternary_regression_object	colored_bisimulation_candidate	has_aspect	has_counterfactual;from_aspect	has_counterfactual;to_aspect	has_counterfactual;shared_in	witness_arena	-1	negative_shift	#DEA850	1.276216	0x9557121dfa49696c
1593	1593	114	abductive_world_object	nonriemannian_gate_object	colored_bisimulation_candidate	has_aspect	has_counterfactual;from_aspect	has_counterfactual;to_aspect	has_counterfactual;shared_in	witness_arena	0	same_trit_relabel	#0585DB	0.949635	0x32d490defaf01cae
1594	1594	114	abductive_world_object	exa_loop_object	colored_bisimulation_candidate	has_aspect	has_counterfactual;from_aspect	has_counterfactual;to_aspect	has_counterfactual;shared_in	witness_arena	1	positive_shift	#A244A4	1.08924	0xca76ffa4390409a3
1595	1595	114	abductive_world_object	aqua_hygiene_object	colored_bisimulation_candidate	has_aspect	has_counterfactual;from_aspect	has_counterfactual;to_aspect	has_counterfactual;shared_in	witness_arena	-1	negative_shift	#8279DB	0.920391	0xa935f6868d209b41
1596	1596	114	abductive_world_object	scip_catcolab_object	colored_bisimulation_candidate	has_aspect	has_counterfactual;from_aspect	has_counterfactual;to_aspect	has_counterfactual;shared_in	witness_arena	0	same_trit_relabel	#5782E7	0.182848	0xc48bcfc308bd1e86
1597	1597	115	fuzz_soundness_object	color_space_object	colored_bisimulation_candidate	has_aspect	has_counterfactual;from_aspect	has_counterfactual;to_aspect	has_counterfactual;shared_in	witness_arena	0	same_trit_relabel	#CFF39A	0.803079	0x4b4ce7a1d137f78b
1598	1598	115	fuzz_soundness_object	trit_tick_object	colored_bisimulation_candidate	has_aspect	has_counterfactual;from_aspect	has_counterfactual;to_aspect	has_counterfactual;shared_in	witness_arena	1	positive_shift	#528BCD	0.915287	0x021dab8378427600
1599	1599	115	fuzz_soundness_object	rng_determinism_object	colored_bisimulation_candidate	has_aspect	has_counterfactual;from_aspect	has_counterfactual;to_aspect	has_counterfactual;shared_in	witness_arena	-1	negative_shift	#3ACC9D	0.752831	0x7254e4c45aa7c263
1600	1600	115	fuzz_soundness_object	parallel_invariance_object	colored_bisimulation_candidate	has_aspect	has_counterfactual;from_aspect	has_counterfactual;to_aspect	has_counterfactual;shared_in	witness_arena	0	same_trit_relabel	#96A4DB	0.559714	0xecef21ec65843bf8
1601	1601	115	fuzz_soundness_object	palette_interface_object	colored_bisimulation_candidate	has_aspect	has_counterfactual;from_aspect	has_counterfactual;to_aspect	has_counterfactual;shared_in	witness_arena	1	positive_shift	#CF914F	1.110873	0x1bb8d7c3ee20c03c
1602	1602	115	fuzz_soundness_object	lisp_semantics_object	colored_bisimulation_candidate	has_aspect	has_counterfactual;from_aspect	has_counterfactual;to_aspect	has_counterfactual;shared_in	witness_arena	-1	negative_shift	#5494F4	0.844779	0xea6f644ce991b11f
1603	1603	115	fuzz_soundness_object	entropy_source_object	colored_bisimulation_candidate	has_aspect	has_counterfactual;from_aspect	has_counterfactual;to_aspect	has_counterfactual;shared_in	witness_arena	0	same_trit_relabel	#A7B2E8	0.394581	0xd9b38b648f865363
1604	1604	115	fuzz_soundness_object	propagator_cell_object	colored_bisimulation_candidate	has_aspect	has_counterfactual;from_aspect	has_counterfactual;to_aspect	has_counterfactual;shared_in	witness_arena	1	positive_shift	#5F2812	0.605621	0x97864711d22209b5
1605	1605	115	fuzz_soundness_object	abductive_world_object	colored_bisimulation_candidate	has_aspect	has_counterfactual;from_aspect	has_counterfactual;to_aspect	has_counterfactual;shared_in	witness_arena	-1	negative_shift	#F2FBFE	1.126198	0xad5cbe10bf908f82
1606	1606	115	fuzz_soundness_object	ternary_regression_object	colored_bisimulation_candidate	has_aspect	has_counterfactual;from_aspect	has_counterfactual;to_aspect	has_counterfactual;shared_in	witness_arena	1	positive_shift	#CED0CF	1.112868	0xcb6ce56b37f98f11
1607	1607	115	fuzz_soundness_object	nonriemannian_gate_object	colored_bisimulation_candidate	has_aspect	has_counterfactual;from_aspect	has_counterfactual;to_aspect	has_counterfactual;shared_in	witness_arena	-1	negative_shift	#B41D7C	0.652622	0xe74faaf2a3d4c79d
1608	1608	115	fuzz_soundness_object	exa_loop_object	colored_bisimulation_candidate	has_aspect	has_counterfactual;from_aspect	has_counterfactual;to_aspect	has_counterfactual;shared_in	witness_arena	0	same_trit_relabel	#BE0B29	0.505837	0x81995f28fd603591
1609	1609	115	fuzz_soundness_object	aqua_hygiene_object	colored_bisimulation_candidate	has_aspect	has_counterfactual;from_aspect	has_counterfactual;to_aspect	has_counterfactual;shared_in	witness_arena	1	positive_shift	#35BCBC	1.047457	0x8b8ed1d7494984c1
1610	1610	115	fuzz_soundness_object	scip_catcolab_object	colored_bisimulation_candidate	has_aspect	has_counterfactual;from_aspect	has_counterfactual;to_aspect	has_counterfactual;shared_in	witness_arena	-1	negative_shift	#2226E8	1.211878	0x50204a510088ea59
1611	1611	116	ternary_regression_object	color_space_object	colored_bisimulation_candidate	has_aspect	has_counterfactual;from_aspect	has_counterfactual;to_aspect	has_counterfactual;shared_in	witness_arena	-1	negative_shift	#048FAA	0.882367	0x604bfe0b0eeb8a7b
1612	1612	116	ternary_regression_object	trit_tick_object	colored_bisimulation_candidate	has_aspect	has_counterfactual;from_aspect	has_counterfactual;to_aspect	has_counterfactual;shared_in	witness_arena	0	same_trit_relabel	#2A4BD0	0.733176	0x461bbd0625c7f8c5
1613	1613	116	ternary_regression_object	rng_determinism_object	colored_bisimulation_candidate	has_aspect	has_counterfactual;from_aspect	has_counterfactual;to_aspect	has_counterfactual;shared_in	witness_arena	1	positive_shift	#DDFEC1	1.481134	0x58df34ad043fc545
1614	1614	116	ternary_regression_object	parallel_invariance_object	colored_bisimulation_candidate	has_aspect	has_counterfactual;from_aspect	has_counterfactual;to_aspect	has_counterfactual;shared_in	witness_arena	-1	negative_shift	#F978A7	1.209196	0xf1d1bf83105ae162
1615	1615	116	ternary_regression_object	palette_interface_object	colored_bisimulation_candidate	has_aspect	has_counterfactual;from_aspect	has_counterfactual;to_aspect	has_counterfactual;shared_in	witness_arena	0	same_trit_relabel	#452704	0.50605	0x74943c502bfb204a
1616	1616	116	ternary_regression_object	lisp_semantics_object	colored_bisimulation_candidate	has_aspect	has_counterfactual;from_aspect	has_counterfactual;to_aspect	has_counterfactual;shared_in	witness_arena	1	positive_shift	#D7353B	1.109299	0x72eacb6b84027f14
1617	1617	116	ternary_regression_object	entropy_source_object	colored_bisimulation_candidate	has_aspect	has_counterfactual;from_aspect	has_counterfactual;to_aspect	has_counterfactual;shared_in	witness_arena	-1	negative_shift	#C4AB08	1.181118	0xf5878d955f446779
1618	1618	116	ternary_regression_object	propagator_cell_object	colored_bisimulation_candidate	has_aspect	has_counterfactual;from_aspect	has_counterfactual;to_aspect	has_counterfactual;shared_in	witness_arena	0	same_trit_relabel	#02345E	1.124479	0x5492bb1d5fb6f1b1
1619	1619	116	ternary_regression_object	abductive_world_object	colored_bisimulation_candidate	has_aspect	has_counterfactual;from_aspect	has_counterfactual;to_aspect	has_counterfactual;shared_in	witness_arena	1	positive_shift	#3156AB	0.721806	0x4957aae3b61f946a
1620	1620	116	ternary_regression_object	fuzz_soundness_object	colored_bisimulation_candidate	has_aspect	has_counterfactual;from_aspect	has_counterfactual;to_aspect	has_counterfactual;shared_in	witness_arena	-1	negative_shift	#A36667	1.532782	0x093759a60c4d043d
1621	1621	116	ternary_regression_object	nonriemannian_gate_object	colored_bisimulation_candidate	has_aspect	has_counterfactual;from_aspect	has_counterfactual;to_aspect	has_counterfactual;shared_in	witness_arena	1	positive_shift	#C619E0	1.197405	0xf82c3954838da8a6
1622	1622	116	ternary_regression_object	exa_loop_object	colored_bisimulation_candidate	has_aspect	has_counterfactual;from_aspect	has_counterfactual;to_aspect	has_counterfactual;shared_in	witness_arena	-1	negative_shift	#26D893	0.929438	0xe670495fc3052cf9
1623	1623	116	ternary_regression_object	aqua_hygiene_object	colored_bisimulation_candidate	has_aspect	has_counterfactual;from_aspect	has_counterfactual;to_aspect	has_counterfactual;shared_in	witness_arena	0	same_trit_relabel	#E001C4	0.352701	0x400650c9ad662f5f
1624	1624	116	ternary_regression_object	scip_catcolab_object	colored_bisimulation_candidate	has_aspect	has_counterfactual;from_aspect	has_counterfactual;to_aspect	has_counterfactual;shared_in	witness_arena	1	positive_shift	#4B2E20	0.590039	0x0b939eb6da76d4a2
1625	1625	117	nonriemannian_gate_object	color_space_object	colored_bisimulation_candidate	has_aspect	has_counterfactual;from_aspect	has_counterfactual;to_aspect	has_counterfactual;shared_in	witness_arena	1	positive_shift	#844F6B	0.77032	0xb31304ca77359936
1626	1626	117	nonriemannian_gate_object	trit_tick_object	colored_bisimulation_candidate	has_aspect	has_counterfactual;from_aspect	has_counterfactual;to_aspect	has_counterfactual;shared_in	witness_arena	-1	negative_shift	#E15396	0.745863	0xe1fc9883819e621c
1627	1627	117	nonriemannian_gate_object	rng_determinism_object	colored_bisimulation_candidate	has_aspect	has_counterfactual;from_aspect	has_counterfactual;to_aspect	has_counterfactual;shared_in	witness_arena	0	same_trit_relabel	#7AAB39	0.800394	0x93db65059b33e8cf
1628	1628	117	nonriemannian_gate_object	parallel_invariance_object	colored_bisimulation_candidate	has_aspect	has_counterfactual;from_aspect	has_counterfactual;to_aspect	has_counterfactual;shared_in	witness_arena	1	positive_shift	#6DE26C	1.627077	0x907e900700f8d1a4
1629	1629	117	nonriemannian_gate_object	palette_interface_object	colored_bisimulation_candidate	has_aspect	has_counterfactual;from_aspect	has_counterfactual;to_aspect	has_counterfactual;shared_in	witness_arena	-1	negative_shift	#995F80	1.167826	0x496a5213bcbeb23a
1630	1630	117	nonriemannian_gate_object	lisp_semantics_object	colored_bisimulation_candidate	has_aspect	has_counterfactual;from_aspect	has_counterfactual;to_aspect	has_counterfactual;shared_in	witness_arena	0	same_trit_relabel	#D2D68C	0.952376	0x4dd83231d998fb25
1631	1631	117	nonriemannian_gate_object	entropy_source_object	colored_bisimulation_candidate	has_aspect	has_counterfactual;from_aspect	has_counterfactual;to_aspect	has_counterfactual;shared_in	witness_arena	1	positive_shift	#D1A033	1.481047	0x6bd1d86d54c0921e
1632	1632	117	nonriemannian_gate_object	propagator_cell_object	colored_bisimulation_candidate	has_aspect	has_counterfactual;from_aspect	has_counterfactual;to_aspect	has_counterfactual;shared_in	witness_arena	-1	negative_shift	#138000	1.336711	0xfd976eabc82460c9
1633	1633	117	nonriemannian_gate_object	abductive_world_object	colored_bisimulation_candidate	has_aspect	has_counterfactual;from_aspect	has_counterfactual;to_aspect	has_counterfactual;shared_in	witness_arena	0	same_trit_relabel	#65FB23	0.836416	0x5859d607a9b3dbb3
1634	1634	117	nonriemannian_gate_object	fuzz_soundness_object	colored_bisimulation_candidate	has_aspect	has_counterfactual;from_aspect	has_counterfactual;to_aspect	has_counterfactual;shared_in	witness_arena	1	positive_shift	#E1128D	1.512115	0xb9ed6d716a245af7
1635	1635	117	nonriemannian_gate_object	ternary_regression_object	colored_bisimulation_candidate	has_aspect	has_counterfactual;from_aspect	has_counterfactual;to_aspect	has_counterfactual;shared_in	witness_arena	-1	negative_shift	#634A61	0.854031	0xf70af5cfce3c2962
1636	1636	117	nonriemannian_gate_object	exa_loop_object	colored_bisimulation_candidate	has_aspect	has_counterfactual;from_aspect	has_counterfactual;to_aspect	has_counterfactual;shared_in	witness_arena	1	positive_shift	#3A176F	0.862527	0x4be1d45d78b3b757
1637	1637	117	nonriemannian_gate_object	aqua_hygiene_object	colored_bisimulation_candidate	has_aspect	has_counterfactual;from_aspect	has_counterfactual;to_aspect	has_counterfactual;shared_in	witness_arena	-1	negative_shift	#3BC356	0.878995	0xe696c7fecf22a767
1638	1638	117	nonriemannian_gate_object	scip_catcolab_object	colored_bisimulation_candidate	has_aspect	has_counterfactual;from_aspect	has_counterfactual;to_aspect	has_counterfactual;shared_in	witness_arena	0	same_trit_relabel	#D1FCC5	0.954683	0x53ac43623046de77
1639	1639	118	exa_loop_object	color_space_object	colored_bisimulation_candidate	has_aspect	has_counterfactual;from_aspect	has_counterfactual;to_aspect	has_counterfactual;shared_in	witness_arena	0	same_trit_relabel	#23C4AA	0.761229	0x250f8e19cec3e1e5
1640	1640	118	exa_loop_object	trit_tick_object	colored_bisimulation_candidate	has_aspect	has_counterfactual;from_aspect	has_counterfactual;to_aspect	has_counterfactual;shared_in	witness_arena	1	positive_shift	#C77754	0.872332	0xd070762ea4334e1e
1641	1641	118	exa_loop_object	rng_determinism_object	colored_bisimulation_candidate	has_aspect	has_counterfactual;from_aspect	has_counterfactual;to_aspect	has_counterfactual;shared_in	witness_arena	-1	negative_shift	#03BA23	0.941189	0x29907edafa9d5309
1642	1642	118	exa_loop_object	parallel_invariance_object	colored_bisimulation_candidate	has_aspect	has_counterfactual;from_aspect	has_counterfactual;to_aspect	has_counterfactual;shared_in	witness_arena	0	same_trit_relabel	#3D9708	0.991265	0x3a3284bd91edd157
1643	1643	118	exa_loop_object	palette_interface_object	colored_bisimulation_candidate	has_aspect	has_counterfactual;from_aspect	has_counterfactual;to_aspect	has_counterfactual;shared_in	witness_arena	1	positive_shift	#3F1AD9	0.837144	0x4145c9c323686f35
1644	1644	118	exa_loop_object	lisp_semantics_object	colored_bisimulation_candidate	has_aspect	has_counterfactual;from_aspect	has_counterfactual;to_aspect	has_counterfactual;shared_in	witness_arena	-1	negative_shift	#DE8967	0.773773	0xb516f3f4b2a98038
1645	1645	118	exa_loop_object	entropy_source_object	colored_bisimulation_candidate	has_aspect	has_counterfactual;from_aspect	has_counterfactual;to_aspect	has_counterfactual;shared_in	witness_arena	0	same_trit_relabel	#188A21	0.765269	0x6a0f131ef8c6bc7e
1646	1646	118	exa_loop_object	propagator_cell_object	colored_bisimulation_candidate	has_aspect	has_counterfactual;from_aspect	has_counterfactual;to_aspect	has_counterfactual;shared_in	witness_arena	1	positive_shift	#FC37E4	0.893061	0xa96d8fffb446cd68
1647	1647	118	exa_loop_object	abductive_world_object	colored_bisimulation_candidate	has_aspect	has_counterfactual;from_aspect	has_counterfactual;to_aspect	has_counterfactual;shared_in	witness_arena	-1	negative_shift	#BC2469	1.270334	0xdecf4f42b723da51
1648	1648	118	exa_loop_object	fuzz_soundness_object	colored_bisimulation_candidate	has_aspect	has_counterfactual;from_aspect	has_counterfactual;to_aspect	has_counterfactual;shared_in	witness_arena	0	same_trit_relabel	#6F5C92	0.65229	0xda8ad1ab3d63df93
1649	1649	118	exa_loop_object	ternary_regression_object	colored_bisimulation_candidate	has_aspect	has_counterfactual;from_aspect	has_counterfactual;to_aspect	has_counterfactual;shared_in	witness_arena	1	positive_shift	#CDC1BF	0.500311	0xa6073a1d9e22b76a
1650	1650	118	exa_loop_object	nonriemannian_gate_object	colored_bisimulation_candidate	has_aspect	has_counterfactual;from_aspect	has_counterfactual;to_aspect	has_counterfactual;shared_in	witness_arena	-1	negative_shift	#53B8E1	0.843921	0x0011f1a638eae270
1651	1651	118	exa_loop_object	aqua_hygiene_object	colored_bisimulation_candidate	has_aspect	has_counterfactual;from_aspect	has_counterfactual;to_aspect	has_counterfactual;shared_in	witness_arena	1	positive_shift	#F4A9F7	0.915181	0x4df9f277bac6498b
1652	1652	118	exa_loop_object	scip_catcolab_object	colored_bisimulation_candidate	has_aspect	has_counterfactual;from_aspect	has_counterfactual;to_aspect	has_counterfactual;shared_in	witness_arena	-1	negative_shift	#1D9D07	1.15662	0xdabfc513b568fb45
1653	1653	119	aqua_hygiene_object	color_space_object	colored_bisimulation_candidate	has_aspect	has_counterfactual;from_aspect	has_counterfactual;to_aspect	has_counterfactual;shared_in	witness_arena	-1	negative_shift	#35BC06	1.301738	0x5075214bbbb3abc3
1654	1654	119	aqua_hygiene_object	trit_tick_object	colored_bisimulation_candidate	has_aspect	has_counterfactual;from_aspect	has_counterfactual;to_aspect	has_counterfactual;shared_in	witness_arena	0	same_trit_relabel	#782B48	0.90511	0x1fa2114ede364c75
1655	1655	119	aqua_hygiene_object	rng_determinism_object	colored_bisimulation_candidate	has_aspect	has_counterfactual;from_aspect	has_counterfactual;to_aspect	has_counterfactual;shared_in	witness_arena	1	positive_shift	#E0D4DF	1.251324	0xea72e2d866125d03
1656	1656	119	aqua_hygiene_object	parallel_invariance_object	colored_bisimulation_candidate	has_aspect	has_counterfactual;from_aspect	has_counterfactual;to_aspect	has_counterfactual;shared_in	witness_arena	-1	negative_shift	#14A029	0.503414	0x8fc3fd38b97234e2
1657	1657	119	aqua_hygiene_object	palette_interface_object	colored_bisimulation_candidate	has_aspect	has_counterfactual;from_aspect	has_counterfactual;to_aspect	has_counterfactual;shared_in	witness_arena	0	same_trit_relabel	#F5A5C1	0.88525	0x88d58953d7d8f435
1658	1658	119	aqua_hygiene_object	lisp_semantics_object	colored_bisimulation_candidate	has_aspect	has_counterfactual;from_aspect	has_counterfactual;to_aspect	has_counterfactual;shared_in	witness_arena	1	positive_shift	#9E59A4	1.038551	0x7111d94bfc081bae
1659	1659	119	aqua_hygiene_object	entropy_source_object	colored_bisimulation_candidate	has_aspect	has_counterfactual;from_aspect	has_counterfactual;to_aspect	has_counterfactual;shared_in	witness_arena	-1	negative_shift	#70F155	0.665766	0xc4ce34766b5165d0
1660	1660	119	aqua_hygiene_object	propagator_cell_object	colored_bisimulation_candidate	has_aspect	has_counterfactual;from_aspect	has_counterfactual;to_aspect	has_counterfactual;shared_in	witness_arena	0	same_trit_relabel	#F4D3AC	0.747581	0x9cf91b4f34a01893
1661	1661	119	aqua_hygiene_object	abductive_world_object	colored_bisimulation_candidate	has_aspect	has_counterfactual;from_aspect	has_counterfactual;to_aspect	has_counterfactual;shared_in	witness_arena	1	positive_shift	#34846F	1.043505	0x7f1d6b465600158e
1662	1662	119	aqua_hygiene_object	fuzz_soundness_object	colored_bisimulation_candidate	has_aspect	has_counterfactual;from_aspect	has_counterfactual;to_aspect	has_counterfactual;shared_in	witness_arena	-1	negative_shift	#98F9C0	1.081911	0x633bd56396da5c21
1663	1663	119	aqua_hygiene_object	ternary_regression_object	colored_bisimulation_candidate	has_aspect	has_counterfactual;from_aspect	has_counterfactual;to_aspect	has_counterfactual;shared_in	witness_arena	0	same_trit_relabel	#FF9713	1.154234	0xc0991bd224b5b4b8
1664	1664	119	aqua_hygiene_object	nonriemannian_gate_object	colored_bisimulation_candidate	has_aspect	has_counterfactual;from_aspect	has_counterfactual;to_aspect	has_counterfactual;shared_in	witness_arena	1	positive_shift	#CEE99E	1.073305	0x15760cb37c5edf6b
1665	1665	119	aqua_hygiene_object	exa_loop_object	colored_bisimulation_candidate	has_aspect	has_counterfactual;from_aspect	has_counterfactual;to_aspect	has_counterfactual;shared_in	witness_arena	-1	negative_shift	#6E6EE1	1.095834	0x1611a9904e118b1b
1666	1666	119	aqua_hygiene_object	scip_catcolab_object	colored_bisimulation_candidate	has_aspect	has_counterfactual;from_aspect	has_counterfactual;to_aspect	has_counterfactual;shared_in	witness_arena	1	positive_shift	#D6CA30	1.123439	0xe9ead985e908c28c
1667	1667	120	scip_catcolab_object	color_space_object	colored_bisimulation_candidate	has_aspect	has_counterfactual;from_aspect	has_counterfactual;to_aspect	has_counterfactual;shared_in	witness_arena	1	positive_shift	#8592BE	1.224738	0xd0dd5c679885fe7d
1668	1668	120	scip_catcolab_object	trit_tick_object	colored_bisimulation_candidate	has_aspect	has_counterfactual;from_aspect	has_counterfactual;to_aspect	has_counterfactual;shared_in	witness_arena	-1	negative_shift	#F66690	1.226642	0xff5b8ae4e365b099
1669	1669	120	scip_catcolab_object	rng_determinism_object	colored_bisimulation_candidate	has_aspect	has_counterfactual;from_aspect	has_counterfactual;to_aspect	has_counterfactual;shared_in	witness_arena	0	same_trit_relabel	#920362	1.12605	0x10d6c784857a87e4
1670	1670	120	scip_catcolab_object	parallel_invariance_object	colored_bisimulation_candidate	has_aspect	has_counterfactual;from_aspect	has_counterfactual;to_aspect	has_counterfactual;shared_in	witness_arena	1	positive_shift	#F02776	1.048684	0xe584953afbf13f20
1671	1671	120	scip_catcolab_object	palette_interface_object	colored_bisimulation_candidate	has_aspect	has_counterfactual;from_aspect	has_counterfactual;to_aspect	has_counterfactual;shared_in	witness_arena	-1	negative_shift	#A09CDE	0.572517	0x407f92f1db554208
1672	1672	120	scip_catcolab_object	lisp_semantics_object	colored_bisimulation_candidate	has_aspect	has_counterfactual;from_aspect	has_counterfactual;to_aspect	has_counterfactual;shared_in	witness_arena	0	same_trit_relabel	#C5F24C	0.455392	0x13f9dcce0d85b652
1673	1673	120	scip_catcolab_object	entropy_source_object	colored_bisimulation_candidate	has_aspect	has_counterfactual;from_aspect	has_counterfactual;to_aspect	has_counterfactual;shared_in	witness_arena	1	positive_shift	#27ACCD	0.953537	0xc921f70d6a1aa014
1674	1674	120	scip_catcolab_object	propagator_cell_object	colored_bisimulation_candidate	has_aspect	has_counterfactual;from_aspect	has_counterfactual;to_aspect	has_counterfactual;shared_in	witness_arena	-1	negative_shift	#50A581	1.278757	0x3c92f15f7b1dba61
1675	1675	120	scip_catcolab_object	abductive_world_object	colored_bisimulation_candidate	has_aspect	has_counterfactual;from_aspect	has_counterfactual;to_aspect	has_counterfactual;shared_in	witness_arena	0	same_trit_relabel	#932A93	0.737182	0xdcce37e30f9ec131
1676	1676	120	scip_catcolab_object	fuzz_soundness_object	colored_bisimulation_candidate	has_aspect	has_counterfactual;from_aspect	has_counterfactual;to_aspect	has_counterfactual;shared_in	witness_arena	1	positive_shift	#796FEE	1.260202	0x0087fa4e77bbae2f
1677	1677	120	scip_catcolab_object	ternary_regression_object	colored_bisimulation_candidate	has_aspect	has_counterfactual;from_aspect	has_counterfactual;to_aspect	has_counterfactual;shared_in	witness_arena	-1	negative_shift	#DA5947	1.130039	0xb9bff1b78b4a3439
1678	1678	120	scip_catcolab_object	nonriemannian_gate_object	colored_bisimulation_candidate	has_aspect	has_counterfactual;from_aspect	has_counterfactual;to_aspect	has_counterfactual;shared_in	witness_arena	0	same_trit_relabel	#F0E2B4	0.886318	0x5a83c0aa36f36bd2
1679	1679	120	scip_catcolab_object	exa_loop_object	colored_bisimulation_candidate	has_aspect	has_counterfactual;from_aspect	has_counterfactual;to_aspect	has_counterfactual;shared_in	witness_arena	1	positive_shift	#45E7DD	1.052447	0xb0d1419fa940f00d
1680	1680	120	scip_catcolab_object	aqua_hygiene_object	colored_bisimulation_candidate	has_aspect	has_counterfactual;from_aspect	has_counterfactual;to_aspect	has_counterfactual;shared_in	witness_arena	-1	negative_shift	#B50E4C	0.909911	0xcc36b4bfd8316d70
1681	1681	121	color_space_object	trit_tick_object	colored_bisimulation_candidate	has_aspect	has_counterfactual;from_aspect	has_counterfactual;to_aspect	has_counterfactual;shared_in	witness_arena	1	positive_shift	#73EAFF	0.717367	0x6107a403458cf636
1682	1682	121	color_space_object	rng_determinism_object	colored_bisimulation_candidate	has_aspect	has_counterfactual;from_aspect	has_counterfactual;to_aspect	has_counterfactual;shared_in	witness_arena	-1	negative_shift	#9B8376	0.537142	0xf93e793e97b7dc7c
1683	1683	121	color_space_object	parallel_invariance_object	colored_bisimulation_candidate	has_aspect	has_counterfactual;from_aspect	has_counterfactual;to_aspect	has_counterfactual;shared_in	witness_arena	0	same_trit_relabel	#2233F8	0.794686	0xcfae2cd3e82a124a
1684	1684	121	color_space_object	palette_interface_object	colored_bisimulation_candidate	has_aspect	has_counterfactual;from_aspect	has_counterfactual;to_aspect	has_counterfactual;shared_in	witness_arena	1	positive_shift	#CD2C03	1.156022	0x1ea24cf07ed6e8ad
1685	1685	121	color_space_object	lisp_semantics_object	colored_bisimulation_candidate	has_aspect	has_counterfactual;from_aspect	has_counterfactual;to_aspect	has_counterfactual;shared_in	witness_arena	-1	negative_shift	#129FEB	0.96512	0x341ff19102052b83
1686	1686	121	color_space_object	entropy_source_object	colored_bisimulation_candidate	has_aspect	has_counterfactual;from_aspect	has_counterfactual;to_aspect	has_counterfactual;shared_in	witness_arena	0	same_trit_relabel	#346CAF	0.633573	0x881b481eb1bb6565
1687	1687	121	color_space_object	propagator_cell_object	colored_bisimulation_candidate	has_aspect	has_counterfactual;from_aspect	has_counterfactual;to_aspect	has_counterfactual;shared_in	witness_arena	1	positive_shift	#8D305D	0.689333	0xea6a9602801068c3
1688	1688	121	color_space_object	abductive_world_object	colored_bisimulation_candidate	has_aspect	has_counterfactual;from_aspect	has_counterfactual;to_aspect	has_counterfactual;shared_in	witness_arena	-1	negative_shift	#34C8C1	1.126489	0x5158bb50bc8569d4
1689	1689	121	color_space_object	fuzz_soundness_object	colored_bisimulation_candidate	has_aspect	has_counterfactual;from_aspect	has_counterfactual;to_aspect	has_counterfactual;shared_in	witness_arena	0	same_trit_relabel	#43E6FD	0.564243	0x431e966bc1310f98
1690	1690	121	color_space_object	ternary_regression_object	colored_bisimulation_candidate	has_aspect	has_counterfactual;from_aspect	has_counterfactual;to_aspect	has_counterfactual;shared_in	witness_arena	1	positive_shift	#41145E	0.991573	0x1d7857e95afbc697
1691	1691	121	color_space_object	nonriemannian_gate_object	colored_bisimulation_candidate	has_aspect	has_counterfactual;from_aspect	has_counterfactual;to_aspect	has_counterfactual;shared_in	witness_arena	-1	negative_shift	#FEE18D	0.457406	0xf9b27f13f27d40e1
1692	1692	121	color_space_object	exa_loop_object	colored_bisimulation_candidate	has_aspect	has_counterfactual;from_aspect	has_counterfactual;to_aspect	has_counterfactual;shared_in	witness_arena	0	same_trit_relabel	#10C07C	0.400807	0x46c3868fae5730b3
1693	1693	121	color_space_object	aqua_hygiene_object	colored_bisimulation_candidate	has_aspect	has_counterfactual;from_aspect	has_counterfactual;to_aspect	has_counterfactual;shared_in	witness_arena	1	positive_shift	#6EC772	0.989971	0x076547cba94a44bb
1694	1694	121	color_space_object	scip_catcolab_object	colored_bisimulation_candidate	has_aspect	has_counterfactual;from_aspect	has_counterfactual;to_aspect	has_counterfactual;shared_in	witness_arena	-1	negative_shift	#D39322	1.28022	0x091bba1cd9163e01
1695	1695	122	trit_tick_object	color_space_object	colored_bisimulation_candidate	has_aspect	has_counterfactual;from_aspect	has_counterfactual;to_aspect	has_counterfactual;shared_in	witness_arena	-1	negative_shift	#A489C9	0.816578	0x64c7c3ff9dff5c93
1696	1696	122	trit_tick_object	rng_determinism_object	colored_bisimulation_candidate	has_aspect	has_counterfactual;from_aspect	has_counterfactual;to_aspect	has_counterfactual;shared_in	witness_arena	1	positive_shift	#0B87C1	1.374294	0xcf32829036860af9
1697	1697	122	trit_tick_object	parallel_invariance_object	colored_bisimulation_candidate	has_aspect	has_counterfactual;from_aspect	has_counterfactual;to_aspect	has_counterfactual;shared_in	witness_arena	-1	negative_shift	#5A2034	1.039662	0x2c80679c42c572cd
1698	1698	122	trit_tick_object	palette_interface_object	colored_bisimulation_candidate	has_aspect	has_counterfactual;from_aspect	has_counterfactual;to_aspect	has_counterfactual;shared_in	witness_arena	0	same_trit_relabel	#D66C9B	0.69903	0x5f58615310b10fd7
1699	1699	122	trit_tick_object	lisp_semantics_object	colored_bisimulation_candidate	has_aspect	has_counterfactual;from_aspect	has_counterfactual;to_aspect	has_counterfactual;shared_in	witness_arena	1	positive_shift	#53D1E3	1.156909	0x22b2400e74240b27
1700	1700	122	trit_tick_object	entropy_source_object	colored_bisimulation_candidate	has_aspect	has_counterfactual;from_aspect	has_counterfactual;to_aspect	has_counterfactual;shared_in	witness_arena	-1	negative_shift	#8CD3EF	1.075433	0x4044a26129bb40bb
1701	1701	122	trit_tick_object	propagator_cell_object	colored_bisimulation_candidate	has_aspect	has_counterfactual;from_aspect	has_counterfactual;to_aspect	has_counterfactual;shared_in	witness_arena	0	same_trit_relabel	#62CF82	1.045265	0xfc941438be556b8a
1702	1702	122	trit_tick_object	abductive_world_object	colored_bisimulation_candidate	has_aspect	has_counterfactual;from_aspect	has_counterfactual;to_aspect	has_counterfactual;shared_in	witness_arena	1	positive_shift	#876935	0.404895	0xb775554ad8be7f5e
1703	1703	122	trit_tick_object	fuzz_soundness_object	colored_bisimulation_candidate	has_aspect	has_counterfactual;from_aspect	has_counterfactual;to_aspect	has_counterfactual;shared_in	witness_arena	-1	negative_shift	#480276	1.473141	0x4742ad869c010f92
1704	1704	122	trit_tick_object	ternary_regression_object	colored_bisimulation_candidate	has_aspect	has_counterfactual;from_aspect	has_counterfactual;to_aspect	has_counterfactual;shared_in	witness_arena	0	same_trit_relabel	#52A0A3	0.987301	0x971ca17abf211e3e
1705	1705	122	trit_tick_object	nonriemannian_gate_object	colored_bisimulation_candidate	has_aspect	has_counterfactual;from_aspect	has_counterfactual;to_aspect	has_counterfactual;shared_in	witness_arena	1	positive_shift	#DC021A	1.090318	0xc01c27845802c165
1706	1706	122	trit_tick_object	exa_loop_object	colored_bisimulation_candidate	has_aspect	has_counterfactual;from_aspect	has_counterfactual;to_aspect	has_counterfactual;shared_in	witness_arena	-1	negative_shift	#73CA24	0.870603	0x81036483b6966cd0
1707	1707	122	trit_tick_object	aqua_hygiene_object	colored_bisimulation_candidate	has_aspect	has_counterfactual;from_aspect	has_counterfactual;to_aspect	has_counterfactual;shared_in	witness_arena	0	same_trit_relabel	#10EEC1	0.425901	0x5cd2ba397c5e27af
1708	1708	122	trit_tick_object	scip_catcolab_object	colored_bisimulation_candidate	has_aspect	has_counterfactual;from_aspect	has_counterfactual;to_aspect	has_counterfactual;shared_in	witness_arena	1	positive_shift	#43C215	0.765827	0x77ea39f3df096cca
1709	1709	123	rng_determinism_object	color_space_object	colored_bisimulation_candidate	has_aspect	has_counterfactual;from_aspect	has_counterfactual;to_aspect	has_counterfactual;shared_in	witness_arena	1	positive_shift	#292AFF	1.135867	0x5f44689a090da98d
1710	1710	123	rng_determinism_object	trit_tick_object	colored_bisimulation_candidate	has_aspect	has_counterfactual;from_aspect	has_counterfactual;to_aspect	has_counterfactual;shared_in	witness_arena	-1	negative_shift	#B4E14B	1.138879	0x22451af2c909bfe6
1711	1711	123	rng_determinism_object	parallel_invariance_object	colored_bisimulation_candidate	has_aspect	has_counterfactual;from_aspect	has_counterfactual;to_aspect	has_counterfactual;shared_in	witness_arena	1	positive_shift	#5A5727	0.834221	0x8b6177bf123219e3
1712	1712	123	rng_determinism_object	palette_interface_object	colored_bisimulation_candidate	has_aspect	has_counterfactual;from_aspect	has_counterfactual;to_aspect	has_counterfactual;shared_in	witness_arena	-1	negative_shift	#713A83	0.673878	0x741976c34ea7d069
1713	1713	123	rng_determinism_object	lisp_semantics_object	colored_bisimulation_candidate	has_aspect	has_counterfactual;from_aspect	has_counterfactual;to_aspect	has_counterfactual;shared_in	witness_arena	0	same_trit_relabel	#DDFDE1	0.422912	0xb979dc22b1b421ff
1714	1714	123	rng_determinism_object	entropy_source_object	colored_bisimulation_candidate	has_aspect	has_counterfactual;from_aspect	has_counterfactual;to_aspect	has_counterfactual;shared_in	witness_arena	1	positive_shift	#A9E0B6	0.775289	0x1c76e992ee15b5a6
1715	1715	123	rng_determinism_object	propagator_cell_object	colored_bisimulation_candidate	has_aspect	has_counterfactual;from_aspect	has_counterfactual;to_aspect	has_counterfactual;shared_in	witness_arena	-1	negative_shift	#F338FC	1.180791	0xdde2d6f37712d86d
1716	1716	123	rng_determinism_object	abductive_world_object	colored_bisimulation_candidate	has_aspect	has_counterfactual;from_aspect	has_counterfactual;to_aspect	has_counterfactual;shared_in	witness_arena	0	same_trit_relabel	#FEA381	0.580737	0x70645bbd9d4d220c
1717	1717	123	rng_determinism_object	fuzz_soundness_object	colored_bisimulation_candidate	has_aspect	has_counterfactual;from_aspect	has_counterfactual;to_aspect	has_counterfactual;shared_in	witness_arena	1	positive_shift	#CD4CBA	1.17554	0x92dcc3635bce51a4
1718	1718	123	rng_determinism_object	ternary_regression_object	colored_bisimulation_candidate	has_aspect	has_counterfactual;from_aspect	has_counterfactual;to_aspect	has_counterfactual;shared_in	witness_arena	-1	negative_shift	#8A66DB	1.172082	0x84b6a81dc7b0c691
1719	1719	123	rng_determinism_object	nonriemannian_gate_object	colored_bisimulation_candidate	has_aspect	has_counterfactual;from_aspect	has_counterfactual;to_aspect	has_counterfactual;shared_in	witness_arena	0	same_trit_relabel	#57FF95	0.769267	0xb160f9b1ce339730
1720	1720	123	rng_determinism_object	exa_loop_object	colored_bisimulation_candidate	has_aspect	has_counterfactual;from_aspect	has_counterfactual;to_aspect	has_counterfactual;shared_in	witness_arena	1	positive_shift	#55D732	0.950741	0x7880be6e35210fe2
1721	1721	123	rng_determinism_object	aqua_hygiene_object	colored_bisimulation_candidate	has_aspect	has_counterfactual;from_aspect	has_counterfactual;to_aspect	has_counterfactual;shared_in	witness_arena	-1	negative_shift	#F3D1A7	0.850891	0xc1201adb8a026b79
1722	1722	123	rng_determinism_object	scip_catcolab_object	colored_bisimulation_candidate	has_aspect	has_counterfactual;from_aspect	has_counterfactual;to_aspect	has_counterfactual;shared_in	witness_arena	0	same_trit_relabel	#7F6560	0.253359	0x4e6feee160d79799
1723	1723	124	parallel_invariance_object	color_space_object	colored_bisimulation_candidate	has_aspect	has_counterfactual;from_aspect	has_counterfactual;to_aspect	has_counterfactual;shared_in	witness_arena	0	same_trit_relabel	#492F70	0.678023	0x6af5756e911add50
1724	1724	124	parallel_invariance_object	trit_tick_object	colored_bisimulation_candidate	has_aspect	has_counterfactual;from_aspect	has_counterfactual;to_aspect	has_counterfactual;shared_in	witness_arena	1	positive_shift	#DD300C	0.931858	0x1008cdeb826cec19
1725	1725	124	parallel_invariance_object	rng_determinism_object	colored_bisimulation_candidate	has_aspect	has_counterfactual;from_aspect	has_counterfactual;to_aspect	has_counterfactual;shared_in	witness_arena	-1	negative_shift	#5E9277	1.169823	0x0701fc1bbcff4fef
1726	1726	124	parallel_invariance_object	palette_interface_object	colored_bisimulation_candidate	has_aspect	has_counterfactual;from_aspect	has_counterfactual;to_aspect	has_counterfactual;shared_in	witness_arena	1	positive_shift	#81EBB0	0.475595	0xa1cbe85f1f0f4d0b
1727	1727	124	parallel_invariance_object	lisp_semantics_object	colored_bisimulation_candidate	has_aspect	has_counterfactual;from_aspect	has_counterfactual;to_aspect	has_counterfactual;shared_in	witness_arena	-1	negative_shift	#307B14	0.671794	0x6418fdda670becd8
1728	1728	124	parallel_invariance_object	entropy_source_object	colored_bisimulation_candidate	has_aspect	has_counterfactual;from_aspect	has_counterfactual;to_aspect	has_counterfactual;shared_in	witness_arena	0	same_trit_relabel	#0CBD93	0.643806	0x67fda56e2924e8d3
1729	1729	124	parallel_invariance_object	propagator_cell_object	colored_bisimulation_candidate	has_aspect	has_counterfactual;from_aspect	has_counterfactual;to_aspect	has_counterfactual;shared_in	witness_arena	1	positive_shift	#236CFB	1.065323	0x999219dcf004ed43
1730	1730	124	parallel_invariance_object	abductive_world_object	colored_bisimulation_candidate	has_aspect	has_counterfactual;from_aspect	has_counterfactual;to_aspect	has_counterfactual;shared_in	witness_arena	-1	negative_shift	#B6036F	1.048619	0xacc845e46e3cb40e
1731	1731	124	parallel_invariance_object	fuzz_soundness_object	colored_bisimulation_candidate	has_aspect	has_counterfactual;from_aspect	has_counterfactual;to_aspect	has_counterfactual;shared_in	witness_arena	0	same_trit_relabel	#9B72DA	0.780008	0xc6d3165019888c07
1732	1732	124	parallel_invariance_object	ternary_regression_object	colored_bisimulation_candidate	has_aspect	has_counterfactual;from_aspect	has_counterfactual;to_aspect	has_counterfactual;shared_in	witness_arena	1	positive_shift	#9C0F8B	0.753838	0x4b16e7084db17eab
1733	1733	124	parallel_invariance_object	nonriemannian_gate_object	colored_bisimulation_candidate	has_aspect	has_counterfactual;from_aspect	has_counterfactual;to_aspect	has_counterfactual;shared_in	witness_arena	-1	negative_shift	#594465	0.953301	0xb383f6a8c9abb03d
1734	1734	124	parallel_invariance_object	exa_loop_object	colored_bisimulation_candidate	has_aspect	has_counterfactual;from_aspect	has_counterfactual;to_aspect	has_counterfactual;shared_in	witness_arena	0	same_trit_relabel	#EA1724	0.465165	0x506fb5c0a42f3555
1735	1735	124	parallel_invariance_object	aqua_hygiene_object	colored_bisimulation_candidate	has_aspect	has_counterfactual;from_aspect	has_counterfactual;to_aspect	has_counterfactual;shared_in	witness_arena	1	positive_shift	#F265EA	0.715742	0x341e4bf059d8de68
1736	1736	124	parallel_invariance_object	scip_catcolab_object	colored_bisimulation_candidate	has_aspect	has_counterfactual;from_aspect	has_counterfactual;to_aspect	has_counterfactual;shared_in	witness_arena	-1	negative_shift	#C12DA0	0.806285	0x599d67917ebc8ac1
1737	1737	125	palette_interface_object	color_space_object	colored_bisimulation_candidate	has_aspect	has_counterfactual;from_aspect	has_counterfactual;to_aspect	has_counterfactual;shared_in	witness_arena	-1	negative_shift	#54E15F	1.180982	0x76e4a225c389912c
1738	1738	125	palette_interface_object	trit_tick_object	colored_bisimulation_candidate	has_aspect	has_counterfactual;from_aspect	has_counterfactual;to_aspect	has_counterfactual;shared_in	witness_arena	0	same_trit_relabel	#2677EE	0.651807	0x56fbe9dda2f90afc
1739	1739	125	palette_interface_object	rng_determinism_object	colored_bisimulation_candidate	has_aspect	has_counterfactual;from_aspect	has_counterfactual;to_aspect	has_counterfactual;shared_in	witness_arena	1	positive_shift	#623FF5	0.82095	0x661e7a09dffadfe1
1740	1740	125	palette_interface_object	parallel_invariance_object	colored_bisimulation_candidate	has_aspect	has_counterfactual;from_aspect	has_counterfactual;to_aspect	has_counterfactual;shared_in	witness_arena	-1	negative_shift	#BD6EB4	0.863558	0x160cdb96b9bddd65
1741	1741	125	palette_interface_object	lisp_semantics_object	colored_bisimulation_candidate	has_aspect	has_counterfactual;from_aspect	has_counterfactual;to_aspect	has_counterfactual;shared_in	witness_arena	1	positive_shift	#88020F	0.95084	0x58b50f4df87a6599
1742	1742	125	palette_interface_object	entropy_source_object	colored_bisimulation_candidate	has_aspect	has_counterfactual;from_aspect	has_counterfactual;to_aspect	has_counterfactual;shared_in	witness_arena	-1	negative_shift	#A327F6	0.752813	0xbcb44aa7d13accad
1743	1743	125	palette_interface_object	propagator_cell_object	colored_bisimulation_candidate	has_aspect	has_counterfactual;from_aspect	has_counterfactual;to_aspect	has_counterfactual;shared_in	witness_arena	0	same_trit_relabel	#8EB494	0.375673	0x699e755ccd013b7c
1744	1744	125	palette_interface_object	abductive_world_object	colored_bisimulation_candidate	has_aspect	has_counterfactual;from_aspect	has_counterfactual;to_aspect	has_counterfactual;shared_in	witness_arena	1	positive_shift	#E32EBB	1.134668	0x61c2cf1e1fd37ebb
1745	1745	125	palette_interface_object	fuzz_soundness_object	colored_bisimulation_candidate	has_aspect	has_counterfactual;from_aspect	has_counterfactual;to_aspect	has_counterfactual;shared_in	witness_arena	-1	negative_shift	#D41B41	0.811733	0xa431e660a5825880
1746	1746	125	palette_interface_object	ternary_regression_object	colored_bisimulation_candidate	has_aspect	has_counterfactual;from_aspect	has_counterfactual;to_aspect	has_counterfactual;shared_in	witness_arena	0	same_trit_relabel	#B58000	0.902898	0xecf3c0da85bfa5bf
1747	1747	125	palette_interface_object	nonriemannian_gate_object	colored_bisimulation_candidate	has_aspect	has_counterfactual;from_aspect	has_counterfactual;to_aspect	has_counterfactual;shared_in	witness_arena	1	positive_shift	#54B09D	0.734964	0xcb7d639494aa7f34
1748	1748	125	palette_interface_object	exa_loop_object	colored_bisimulation_candidate	has_aspect	has_counterfactual;from_aspect	has_counterfactual;to_aspect	has_counterfactual;shared_in	witness_arena	-1	negative_shift	#698367	0.912691	0xe533a6fa45ec7f79
1749	1749	125	palette_interface_object	aqua_hygiene_object	colored_bisimulation_candidate	has_aspect	has_counterfactual;from_aspect	has_counterfactual;to_aspect	has_counterfactual;shared_in	witness_arena	0	same_trit_relabel	#86EA92	0.785147	0x6a3c2d220e06547b
1750	1750	125	palette_interface_object	scip_catcolab_object	colored_bisimulation_candidate	has_aspect	has_counterfactual;from_aspect	has_counterfactual;to_aspect	has_counterfactual;shared_in	witness_arena	1	positive_shift	#71DF5A	1.264497	0x31c24ded38b8b95f
1751	1751	126	lisp_semantics_object	color_space_object	colored_bisimulation_candidate	has_aspect	has_counterfactual;from_aspect	has_counterfactual;to_aspect	has_counterfactual;shared_in	witness_arena	1	positive_shift	#0CFF7D	1.137264	0x69f684d55d60ca86
1752	1752	126	lisp_semantics_object	trit_tick_object	colored_bisimulation_candidate	has_aspect	has_counterfactual;from_aspect	has_counterfactual;to_aspect	has_counterfactual;shared_in	witness_arena	-1	negative_shift	#E621C1	0.911243	0xee5af2fbed64f4ee
1753	1753	126	lisp_semantics_object	rng_determinism_object	colored_bisimulation_candidate	has_aspect	has_counterfactual;from_aspect	has_counterfactual;to_aspect	has_counterfactual;shared_in	witness_arena	0	same_trit_relabel	#E52375	0.343176	0x679a5942720eac21
1754	1754	126	lisp_semantics_object	parallel_invariance_object	colored_bisimulation_candidate	has_aspect	has_counterfactual;from_aspect	has_counterfactual;to_aspect	has_counterfactual;shared_in	witness_arena	1	positive_shift	#145454	1.077171	0x11e849bb0ad49861
1755	1755	126	lisp_semantics_object	palette_interface_object	colored_bisimulation_candidate	has_aspect	has_counterfactual;from_aspect	has_counterfactual;to_aspect	has_counterfactual;shared_in	witness_arena	-1	negative_shift	#71A267	1.318646	0x3ee5b141847203ab
1756	1756	126	lisp_semantics_object	entropy_source_object	colored_bisimulation_candidate	has_aspect	has_counterfactual;from_aspect	has_counterfactual;to_aspect	has_counterfactual;shared_in	witness_arena	1	positive_shift	#337F05	0.967622	0xa404c3a4aba82529
1757	1757	126	lisp_semantics_object	propagator_cell_object	colored_bisimulation_candidate	has_aspect	has_counterfactual;from_aspect	has_counterfactual;to_aspect	has_counterfactual;shared_in	witness_arena	-1	negative_shift	#5855AA	0.757189	0xa606116be7e3a236
1758	1758	126	lisp_semantics_object	abductive_world_object	colored_bisimulation_candidate	has_aspect	has_counterfactual;from_aspect	has_counterfactual;to_aspect	has_counterfactual;shared_in	witness_arena	0	same_trit_relabel	#1640C6	0.854128	0x56eae2d4a6a9f8d8
1759	1759	126	lisp_semantics_object	fuzz_soundness_object	colored_bisimulation_candidate	has_aspect	has_counterfactual;from_aspect	has_counterfactual;to_aspect	has_counterfactual;shared_in	witness_arena	1	positive_shift	#97D395	0.929321	0x289659a9e570ee32
1760	1760	126	lisp_semantics_object	ternary_regression_object	colored_bisimulation_candidate	has_aspect	has_counterfactual;from_aspect	has_counterfactual;to_aspect	has_counterfactual;shared_in	witness_arena	-1	negative_shift	#D3ED52	1.22672	0xfb3477519b64a65f
1761	1761	126	lisp_semantics_object	nonriemannian_gate_object	colored_bisimulation_candidate	has_aspect	has_counterfactual;from_aspect	has_counterfactual;to_aspect	has_counterfactual;shared_in	witness_arena	0	same_trit_relabel	#CDB0AA	0.340748	0xc86b7a1b89f8348a
1762	1762	126	lisp_semantics_object	exa_loop_object	colored_bisimulation_candidate	has_aspect	has_counterfactual;from_aspect	has_counterfactual;to_aspect	has_counterfactual;shared_in	witness_arena	1	positive_shift	#C98C73	0.908469	0x605084154062088b
1763	1763	126	lisp_semantics_object	aqua_hygiene_object	colored_bisimulation_candidate	has_aspect	has_counterfactual;from_aspect	has_counterfactual;to_aspect	has_counterfactual;shared_in	witness_arena	-1	negative_shift	#A1ADC4	1.153044	0xe9bb308fa798f9be
1764	1764	126	lisp_semantics_object	scip_catcolab_object	colored_bisimulation_candidate	has_aspect	has_counterfactual;from_aspect	has_counterfactual;to_aspect	has_counterfactual;shared_in	witness_arena	0	same_trit_relabel	#82F10D	1.055332	0x119da5975554a3a4
1765	1765	127	entropy_source_object	color_space_object	colored_bisimulation_candidate	has_aspect	has_counterfactual;from_aspect	has_counterfactual;to_aspect	has_counterfactual;shared_in	witness_arena	0	same_trit_relabel	#D90E43	0.282951	0x60e8d311bcdd6583
1766	1766	127	entropy_source_object	trit_tick_object	colored_bisimulation_candidate	has_aspect	has_counterfactual;from_aspect	has_counterfactual;to_aspect	has_counterfactual;shared_in	witness_arena	1	positive_shift	#CF914F	0.912306	0x6f0ea9a608b49dac
1767	1767	127	entropy_source_object	rng_determinism_object	colored_bisimulation_candidate	has_aspect	has_counterfactual;from_aspect	has_counterfactual;to_aspect	has_counterfactual;shared_in	witness_arena	-1	negative_shift	#F69F4F	1.379106	0x7c71b8d90d752e9e
1768	1768	127	entropy_source_object	parallel_invariance_object	colored_bisimulation_candidate	has_aspect	has_counterfactual;from_aspect	has_counterfactual;to_aspect	has_counterfactual;shared_in	witness_arena	0	same_trit_relabel	#4AC820	0.991048	0x3f8a6984b0e471bc
1769	1769	127	entropy_source_object	palette_interface_object	colored_bisimulation_candidate	has_aspect	has_counterfactual;from_aspect	has_counterfactual;to_aspect	has_counterfactual;shared_in	witness_arena	1	positive_shift	#A5D8A6	1.089261	0x32ee79631dfa1846
1770	1770	127	entropy_source_object	lisp_semantics_object	colored_bisimulation_candidate	has_aspect	has_counterfactual;from_aspect	has_counterfactual;to_aspect	has_counterfactual;shared_in	witness_arena	-1	negative_shift	#3761B4	1.275734	0x29379925cf8dd816
1771	1771	127	entropy_source_object	propagator_cell_object	colored_bisimulation_candidate	has_aspect	has_counterfactual;from_aspect	has_counterfactual;to_aspect	has_counterfactual;shared_in	witness_arena	1	positive_shift	#CF5CBF	1.470223	0x231e54ce09f918d9
1772	1772	127	entropy_source_object	abductive_world_object	colored_bisimulation_candidate	has_aspect	has_counterfactual;from_aspect	has_counterfactual;to_aspect	has_counterfactual;shared_in	witness_arena	-1	negative_shift	#916D5D	0.630701	0x3456c7922f263551
1773	1773	127	entropy_source_object	fuzz_soundness_object	colored_bisimulation_candidate	has_aspect	has_counterfactual;from_aspect	has_counterfactual;to_aspect	has_counterfactual;shared_in	witness_arena	0	same_trit_relabel	#182ED1	1.269529	0x2096624b43c244e2
1774	1774	127	entropy_source_object	ternary_regression_object	colored_bisimulation_candidate	has_aspect	has_counterfactual;from_aspect	has_counterfactual;to_aspect	has_counterfactual;shared_in	witness_arena	1	positive_shift	#A7046C	1.232211	0x428c4e4ad17fce95
1775	1775	127	entropy_source_object	nonriemannian_gate_object	colored_bisimulation_candidate	has_aspect	has_counterfactual;from_aspect	has_counterfactual;to_aspect	has_counterfactual;shared_in	witness_arena	-1	negative_shift	#7143E8	1.111367	0xa085b5f1396989e5
1776	1776	127	entropy_source_object	exa_loop_object	colored_bisimulation_candidate	has_aspect	has_counterfactual;from_aspect	has_counterfactual;to_aspect	has_counterfactual;shared_in	witness_arena	0	same_trit_relabel	#89E6FE	0.520092	0x92e1194c3e82d4fc
1777	1777	127	entropy_source_object	aqua_hygiene_object	colored_bisimulation_candidate	has_aspect	has_counterfactual;from_aspect	has_counterfactual;to_aspect	has_counterfactual;shared_in	witness_arena	1	positive_shift	#0B99D8	0.705035	0xf59cc817739fb734
1778	1778	127	entropy_source_object	scip_catcolab_object	colored_bisimulation_candidate	has_aspect	has_counterfactual;from_aspect	has_counterfactual;to_aspect	has_counterfactual;shared_in	witness_arena	-1	negative_shift	#547F01	0.915525	0x1869d028cafae05f
1779	1779	128	propagator_cell_object	color_space_object	colored_bisimulation_candidate	has_aspect	has_counterfactual;from_aspect	has_counterfactual;to_aspect	has_counterfactual;shared_in	witness_arena	-1	negative_shift	#6CA6AE	0.877641	0x54b516bbe15c1edd
1780	1780	128	propagator_cell_object	trit_tick_object	colored_bisimulation_candidate	has_aspect	has_counterfactual;from_aspect	has_counterfactual;to_aspect	has_counterfactual;shared_in	witness_arena	0	same_trit_relabel	#A7A5BF	0.615649	0xee6c73c0151d3a15
1781	1781	128	propagator_cell_object	rng_determinism_object	colored_bisimulation_candidate	has_aspect	has_counterfactual;from_aspect	has_counterfactual;to_aspect	has_counterfactual;shared_in	witness_arena	1	positive_shift	#E3067A	1.312462	0x520984806e5a783f
1782	1782	128	propagator_cell_object	parallel_invariance_object	colored_bisimulation_candidate	has_aspect	has_counterfactual;from_aspect	has_counterfactual;to_aspect	has_counterfactual;shared_in	witness_arena	-1	negative_shift	#3A03AC	1.135052	0x6918eec2450d377b
1783	1783	128	propagator_cell_object	palette_interface_object	colored_bisimulation_candidate	has_aspect	has_counterfactual;from_aspect	has_counterfactual;to_aspect	has_counterfactual;shared_in	witness_arena	0	same_trit_relabel	#9D4FAE	0.268506	0x2777459d6c4a8d49
1784	1784	128	propagator_cell_object	lisp_semantics_object	colored_bisimulation_candidate	has_aspect	has_counterfactual;from_aspect	has_counterfactual;to_aspect	has_counterfactual;shared_in	witness_arena	1	positive_shift	#4B83C9	0.883263	0x71d0c84df1f9b7c3
1785	1785	128	propagator_cell_object	entropy_source_object	colored_bisimulation_candidate	has_aspect	has_counterfactual;from_aspect	has_counterfactual;to_aspect	has_counterfactual;shared_in	witness_arena	-1	negative_shift	#7F0DC9	1.040217	0x58079c4eb0700334
1786	1786	128	propagator_cell_object	abductive_world_object	colored_bisimulation_candidate	has_aspect	has_counterfactual;from_aspect	has_counterfactual;to_aspect	has_counterfactual;shared_in	witness_arena	1	positive_shift	#55CAD2	0.818547	0x367826f28e559596
1787	1787	128	propagator_cell_object	fuzz_soundness_object	colored_bisimulation_candidate	has_aspect	has_counterfactual;from_aspect	has_counterfactual;to_aspect	has_counterfactual;shared_in	witness_arena	-1	negative_shift	#8DF34F	1.324257	0xee6609f111dfaa92
1788	1788	128	propagator_cell_object	ternary_regression_object	colored_bisimulation_candidate	has_aspect	has_counterfactual;from_aspect	has_counterfactual;to_aspect	has_counterfactual;shared_in	witness_arena	0	same_trit_relabel	#400105	0.641917	0x526dd2d253b25310
1789	1789	128	propagator_cell_object	nonriemannian_gate_object	colored_bisimulation_candidate	has_aspect	has_counterfactual;from_aspect	has_counterfactual;to_aspect	has_counterfactual;shared_in	witness_arena	1	positive_shift	#C13B14	1.043094	0x526e742d936c2dc5
1790	1790	128	propagator_cell_object	exa_loop_object	colored_bisimulation_candidate	has_aspect	has_counterfactual;from_aspect	has_counterfactual;to_aspect	has_counterfactual;shared_in	witness_arena	-1	negative_shift	#4283C0	0.79651	0x666e1ff4ac49208a
1791	1791	128	propagator_cell_object	aqua_hygiene_object	colored_bisimulation_candidate	has_aspect	has_counterfactual;from_aspect	has_counterfactual;to_aspect	has_counterfactual;shared_in	witness_arena	0	same_trit_relabel	#FFCE1B	0.239216	0xc11e50e04c632fa7
1792	1792	128	propagator_cell_object	scip_catcolab_object	colored_bisimulation_candidate	has_aspect	has_counterfactual;from_aspect	has_counterfactual;to_aspect	has_counterfactual;shared_in	witness_arena	1	positive_shift	#99318A	0.576755	0x3c61d8ceeda6c776
1793	1793	129	abductive_world_object	color_space_object	colored_bisimulation_candidate	has_aspect	has_counterfactual;from_aspect	has_counterfactual;to_aspect	has_counterfactual;shared_in	witness_arena	1	positive_shift	#307E10	0.986589	0xabafbf49b868687e
1794	1794	129	abductive_world_object	trit_tick_object	colored_bisimulation_candidate	has_aspect	has_counterfactual;from_aspect	has_counterfactual;to_aspect	has_counterfactual;shared_in	witness_arena	-1	negative_shift	#2EEB42	0.730594	0xebe08ab5009ffb7d
1795	1795	129	abductive_world_object	rng_determinism_object	colored_bisimulation_candidate	has_aspect	has_counterfactual;from_aspect	has_counterfactual;to_aspect	has_counterfactual;shared_in	witness_arena	0	same_trit_relabel	#A5F69A	0.501056	0x748b17e54903b4c7
1796	1796	129	abductive_world_object	parallel_invariance_object	colored_bisimulation_candidate	has_aspect	has_counterfactual;from_aspect	has_counterfactual;to_aspect	has_counterfactual;shared_in	witness_arena	1	positive_shift	#0C196F	1.446513	0x245a817b5a2d8c0f
1797	1797	129	abductive_world_object	palette_interface_object	colored_bisimulation_candidate	has_aspect	has_counterfactual;from_aspect	has_counterfactual;to_aspect	has_counterfactual;shared_in	witness_arena	-1	negative_shift	#B79EC2	1.026265	0xe94ecd9637a8720c
1798	1798	129	abductive_world_object	lisp_semantics_object	colored_bisimulation_candidate	has_aspect	has_counterfactual;from_aspect	has_counterfactual;to_aspect	has_counterfactual;shared_in	witness_arena	0	same_trit_relabel	#7A8333	0.656427	0x97feebe983b2b9a5
1799	1799	129	abductive_world_object	entropy_source_object	colored_bisimulation_candidate	has_aspect	has_counterfactual;from_aspect	has_counterfactual;to_aspect	has_counterfactual;shared_in	witness_arena	1	positive_shift	#B019A2	1.240107	0x3098717872e39a31
1800	1800	129	abductive_world_object	propagator_cell_object	colored_bisimulation_candidate	has_aspect	has_counterfactual;from_aspect	has_counterfactual;to_aspect	has_counterfactual;shared_in	witness_arena	-1	negative_shift	#9B33A2	0.958488	0x06148af31af9e2a0
1801	1801	129	abductive_world_object	fuzz_soundness_object	colored_bisimulation_candidate	has_aspect	has_counterfactual;from_aspect	has_counterfactual;to_aspect	has_counterfactual;shared_in	witness_arena	1	positive_shift	#882AF8	1.11849	0x45305bc254c89fff
1802	1802	129	abductive_world_object	ternary_regression_object	colored_bisimulation_candidate	has_aspect	has_counterfactual;from_aspect	has_counterfactual;to_aspect	has_counterfactual;shared_in	witness_arena	-1	negative_shift	#CDAB75	0.542541	0xb1e986613101a114
1803	1803	129	abductive_world_object	nonriemannian_gate_object	colored_bisimulation_candidate	has_aspect	has_counterfactual;from_aspect	has_counterfactual;to_aspect	has_counterfactual;shared_in	witness_arena	0	same_trit_relabel	#7D2F6D	0.444869	0xfbbbf619f0a560e9
1804	1804	129	abductive_world_object	exa_loop_object	colored_bisimulation_candidate	has_aspect	has_counterfactual;from_aspect	has_counterfactual;to_aspect	has_counterfactual;shared_in	witness_arena	1	positive_shift	#829F08	0.797836	0xb33afcd50cd73347
1805	1805	129	abductive_world_object	aqua_hygiene_object	colored_bisimulation_candidate	has_aspect	has_counterfactual;from_aspect	has_counterfactual;to_aspect	has_counterfactual;shared_in	witness_arena	-1	negative_shift	#71718A	0.927875	0x492de5eb4cd4045d
1806	1806	129	abductive_world_object	scip_catcolab_object	colored_bisimulation_candidate	has_aspect	has_counterfactual;from_aspect	has_counterfactual;to_aspect	has_counterfactual;shared_in	witness_arena	0	same_trit_relabel	#FE0EEF	0.945944	0x2a9ca6f0de9b80bf
1807	1807	130	fuzz_soundness_object	color_space_object	colored_bisimulation_candidate	has_aspect	has_counterfactual;from_aspect	has_counterfactual;to_aspect	has_counterfactual;shared_in	witness_arena	0	same_trit_relabel	#3A13CF	0.489081	0x66b2d2522977ca3e
1808	1808	130	fuzz_soundness_object	trit_tick_object	colored_bisimulation_candidate	has_aspect	has_counterfactual;from_aspect	has_counterfactual;to_aspect	has_counterfactual;shared_in	witness_arena	1	positive_shift	#4F4612	0.599913	0x9798e5f43329ec61
1809	1809	130	fuzz_soundness_object	rng_determinism_object	colored_bisimulation_candidate	has_aspect	has_counterfactual;from_aspect	has_counterfactual;to_aspect	has_counterfactual;shared_in	witness_arena	-1	negative_shift	#28D117	0.857652	0xb9ff23cc249fc819
1810	1810	130	fuzz_soundness_object	parallel_invariance_object	colored_bisimulation_candidate	has_aspect	has_counterfactual;from_aspect	has_counterfactual;to_aspect	has_counterfactual;shared_in	witness_arena	0	same_trit_relabel	#053A4F	1.16897	0xad3b366956bd75d1
1811	1811	130	fuzz_soundness_object	palette_interface_object	colored_bisimulation_candidate	has_aspect	has_counterfactual;from_aspect	has_counterfactual;to_aspect	has_counterfactual;shared_in	witness_arena	1	positive_shift	#D8F21A	1.157301	0x04d50326cafe0d60
1812	1812	130	fuzz_soundness_object	lisp_semantics_object	colored_bisimulation_candidate	has_aspect	has_counterfactual;from_aspect	has_counterfactual;to_aspect	has_counterfactual;shared_in	witness_arena	-1	negative_shift	#5B9890	1.162168	0x8f6724bfe6d06539
1813	1813	130	fuzz_soundness_object	entropy_source_object	colored_bisimulation_candidate	has_aspect	has_counterfactual;from_aspect	has_counterfactual;to_aspect	has_counterfactual;shared_in	witness_arena	0	same_trit_relabel	#E53964	1.001675	0xdd85fe2a9726984c
1814	1814	130	fuzz_soundness_object	propagator_cell_object	colored_bisimulation_candidate	has_aspect	has_counterfactual;from_aspect	has_counterfactual;to_aspect	has_counterfactual;shared_in	witness_arena	1	positive_shift	#9F5BE5	1.094744	0xae79b4cd4bf8eca4
1815	1815	130	fuzz_soundness_object	abductive_world_object	colored_bisimulation_candidate	has_aspect	has_counterfactual;from_aspect	has_counterfactual;to_aspect	has_counterfactual;shared_in	witness_arena	-1	negative_shift	#0CEF43	1.185009	0x0c943578e9177f66
1816	1816	130	fuzz_soundness_object	ternary_regression_object	colored_bisimulation_candidate	has_aspect	has_counterfactual;from_aspect	has_counterfactual;to_aspect	has_counterfactual;shared_in	witness_arena	1	positive_shift	#B2850E	0.771655	0x3d4ab8c998d85b72
1817	1817	130	fuzz_soundness_object	nonriemannian_gate_object	colored_bisimulation_candidate	has_aspect	has_counterfactual;from_aspect	has_counterfactual;to_aspect	has_counterfactual;shared_in	witness_arena	-1	negative_shift	#338E8F	0.776974	0xa9f8459d094866f5
1818	1818	130	fuzz_soundness_object	exa_loop_object	colored_bisimulation_candidate	has_aspect	has_counterfactual;from_aspect	has_counterfactual;to_aspect	has_counterfactual;shared_in	witness_arena	0	same_trit_relabel	#A9644A	0.426515	0x95c7b311d01ce13b
1819	1819	130	fuzz_soundness_object	aqua_hygiene_object	colored_bisimulation_candidate	has_aspect	has_counterfactual;from_aspect	has_counterfactual;to_aspect	has_counterfactual;shared_in	witness_arena	1	positive_shift	#3D9109	0.904188	0x7dfd6a6eca989411
1820	1820	130	fuzz_soundness_object	scip_catcolab_object	colored_bisimulation_candidate	has_aspect	has_counterfactual;from_aspect	has_counterfactual;to_aspect	has_counterfactual;shared_in	witness_arena	-1	negative_shift	#F1B56F	1.318654	0x48628c067928fa30
1821	1821	131	ternary_regression_object	color_space_object	colored_bisimulation_candidate	has_aspect	has_counterfactual;from_aspect	has_counterfactual;to_aspect	has_counterfactual;shared_in	witness_arena	-1	negative_shift	#FF6DB1	1.145269	0x7fffc75caa2e4c1f
1822	1822	131	ternary_regression_object	trit_tick_object	colored_bisimulation_candidate	has_aspect	has_counterfactual;from_aspect	has_counterfactual;to_aspect	has_counterfactual;shared_in	witness_arena	0	same_trit_relabel	#42C5B4	0.828148	0x7c697b5241e7d1a7
1823	1823	131	ternary_regression_object	rng_determinism_object	colored_bisimulation_candidate	has_aspect	has_counterfactual;from_aspect	has_counterfactual;to_aspect	has_counterfactual;shared_in	witness_arena	1	positive_shift	#8A494C	1.291746	0xc6aa4220ca588714
1824	1824	131	ternary_regression_object	parallel_invariance_object	colored_bisimulation_candidate	has_aspect	has_counterfactual;from_aspect	has_counterfactual;to_aspect	has_counterfactual;shared_in	witness_arena	-1	negative_shift	#780E60	0.69905	0xba0a7abc690325d1
1825	1825	131	ternary_regression_object	palette_interface_object	colored_bisimulation_candidate	has_aspect	has_counterfactual;from_aspect	has_counterfactual;to_aspect	has_counterfactual;shared_in	witness_arena	0	same_trit_relabel	#580C4C	0.898938	0x8951295228277f7b
1826	1826	131	ternary_regression_object	lisp_semantics_object	colored_bisimulation_candidate	has_aspect	has_counterfactual;from_aspect	has_counterfactual;to_aspect	has_counterfactual;shared_in	witness_arena	1	positive_shift	#DC5540	1.145969	0x94a329363f539231
1827	1827	131	ternary_regression_object	entropy_source_object	colored_bisimulation_candidate	has_aspect	has_counterfactual;from_aspect	has_counterfactual;to_aspect	has_counterfactual;shared_in	witness_arena	-1	negative_shift	#98AD90	0.843891	0x0a2d87c3021b9b9e
1828	1828	131	ternary_regression_object	propagator_cell_object	colored_bisimulation_candidate	has_aspect	has_counterfactual;from_aspect	has_counterfactual;to_aspect	has_counterfactual;shared_in	witness_arena	0	same_trit_relabel	#12ADD9	0.881952	0x4664e9799c1ca1a0
1829	1829	131	ternary_regression_object	abductive_world_object	colored_bisimulation_candidate	has_aspect	has_counterfactual;from_aspect	has_counterfactual;to_aspect	has_counterfactual;shared_in	witness_arena	1	positive_shift	#4F628C	0.838912	0x488a34dcd3a5ccdf
1830	1830	131	ternary_regression_object	fuzz_soundness_object	colored_bisimulation_candidate	has_aspect	has_counterfactual;from_aspect	has_counterfactual;to_aspect	has_counterfactual;shared_in	witness_arena	-1	negative_shift	#464176	1.269956	0xa3fd1db7193c8d3f
1831	1831	131	ternary_regression_object	nonriemannian_gate_object	colored_bisimulation_candidate	has_aspect	has_counterfactual;from_aspect	has_counterfactual;to_aspect	has_counterfactual;shared_in	witness_arena	1	positive_shift	#16F2A8	1.071453	0xf61d05cb8d816375
1832	1832	131	ternary_regression_object	exa_loop_object	colored_bisimulation_candidate	has_aspect	has_counterfactual;from_aspect	has_counterfactual;to_aspect	has_counterfactual;shared_in	witness_arena	-1	negative_shift	#F0B456	1.027839	0xe7bd47c116e790fe
1833	1833	131	ternary_regression_object	aqua_hygiene_object	colored_bisimulation_candidate	has_aspect	has_counterfactual;from_aspect	has_counterfactual;to_aspect	has_counterfactual;shared_in	witness_arena	0	same_trit_relabel	#5946F0	0.751234	0x1d5de818a82e89b1
1834	1834	131	ternary_regression_object	scip_catcolab_object	colored_bisimulation_candidate	has_aspect	has_counterfactual;from_aspect	has_counterfactual;to_aspect	has_counterfactual;shared_in	witness_arena	1	positive_shift	#E4CB35	1.054017	0xc270640e39f2df88
1835	1835	132	nonriemannian_gate_object	color_space_object	colored_bisimulation_candidate	has_aspect	has_counterfactual;from_aspect	has_counterfactual;to_aspect	has_counterfactual;shared_in	witness_arena	1	positive_shift	#BBA731	1.216801	0xeac3fe55a16f8458
1836	1836	132	nonriemannian_gate_object	trit_tick_object	colored_bisimulation_candidate	has_aspect	has_counterfactual;from_aspect	has_counterfactual;to_aspect	has_counterfactual;shared_in	witness_arena	-1	negative_shift	#AAE08D	1.192953	0xcb551b5d1c1f89a8
1837	1837	132	nonriemannian_gate_object	rng_determinism_object	colored_bisimulation_candidate	has_aspect	has_counterfactual;from_aspect	has_counterfactual;to_aspect	has_counterfactual;shared_in	witness_arena	0	same_trit_relabel	#3AD6E1	0.942328	0x207cfba9d331db25
1838	1838	132	nonriemannian_gate_object	parallel_invariance_object	colored_bisimulation_candidate	has_aspect	has_counterfactual;from_aspect	has_counterfactual;to_aspect	has_counterfactual;shared_in	witness_arena	1	positive_shift	#B21A00	0.536083	0xa366013dca62ad15
1839	1839	132	nonriemannian_gate_object	palette_interface_object	colored_bisimulation_candidate	has_aspect	has_counterfactual;from_aspect	has_counterfactual;to_aspect	has_counterfactual;shared_in	witness_arena	-1	negative_shift	#45B787	1.171614	0xe27c889137625be6
1840	1840	132	nonriemannian_gate_object	lisp_semantics_object	colored_bisimulation_candidate	has_aspect	has_counterfactual;from_aspect	has_counterfactual;to_aspect	has_counterfactual;shared_in	witness_arena	0	same_trit_relabel	#01D340	0.711297	0x8ef7efb367459cd4
1841	1841	132	nonriemannian_gate_object	entropy_source_object	colored_bisimulation_candidate	has_aspect	has_counterfactual;from_aspect	has_counterfactual;to_aspect	has_counterfactual;shared_in	witness_arena	1	positive_shift	#517396	0.705903	0x9dcfc1c97dcdf5b1
1842	1842	132	nonriemannian_gate_object	propagator_cell_object	colored_bisimulation_candidate	has_aspect	has_counterfactual;from_aspect	has_counterfactual;to_aspect	has_counterfactual;shared_in	witness_arena	-1	negative_shift	#F580C5	1.137408	0x4164f5746d8138c9
1843	1843	132	nonriemannian_gate_object	abductive_world_object	colored_bisimulation_candidate	has_aspect	has_counterfactual;from_aspect	has_counterfactual;to_aspect	has_counterfactual;shared_in	witness_arena	0	same_trit_relabel	#5343D0	0.591975	0xbe45f6cad0988917
1844	1844	132	nonriemannian_gate_object	fuzz_soundness_object	colored_bisimulation_candidate	has_aspect	has_counterfactual;from_aspect	has_counterfactual;to_aspect	has_counterfactual;shared_in	witness_arena	1	positive_shift	#F475F0	1.15856	0x353a79a4b910d16a
1845	1845	132	nonriemannian_gate_object	ternary_regression_object	colored_bisimulation_candidate	has_aspect	has_counterfactual;from_aspect	has_counterfactual;to_aspect	has_counterfactual;shared_in	witness_arena	-1	negative_shift	#D5BFC0	1.465859	0x67f86d5bd0c8df7b
1846	1846	132	nonriemannian_gate_object	exa_loop_object	colored_bisimulation_candidate	has_aspect	has_counterfactual;from_aspect	has_counterfactual;to_aspect	has_counterfactual;shared_in	witness_arena	1	positive_shift	#A114A5	1.043321	0xe8e214795492d23f
1847	1847	132	nonriemannian_gate_object	aqua_hygiene_object	colored_bisimulation_candidate	has_aspect	has_counterfactual;from_aspect	has_counterfactual;to_aspect	has_counterfactual;shared_in	witness_arena	-1	negative_shift	#860FE8	1.102811	0x9b4bbd22220e38aa
1848	1848	132	nonriemannian_gate_object	scip_catcolab_object	colored_bisimulation_candidate	has_aspect	has_counterfactual;from_aspect	has_counterfactual;to_aspect	has_counterfactual;shared_in	witness_arena	0	same_trit_relabel	#B8871A	0.698315	0x1d5500f3c20b1528
1849	1849	133	exa_loop_object	color_space_object	colored_bisimulation_candidate	has_aspect	has_counterfactual;from_aspect	has_counterfactual;to_aspect	has_counterfactual;shared_in	witness_arena	0	same_trit_relabel	#C5BC0C	0.177166	0xc36f38c5255d9387
1850	1850	133	exa_loop_object	trit_tick_object	colored_bisimulation_candidate	has_aspect	has_counterfactual;from_aspect	has_counterfactual;to_aspect	has_counterfactual;shared_in	witness_arena	1	positive_shift	#BAE24A	0.507391	0x814139b50615a8e2
1851	1851	133	exa_loop_object	rng_determinism_object	colored_bisimulation_candidate	has_aspect	has_counterfactual;from_aspect	has_counterfactual;to_aspect	has_counterfactual;shared_in	witness_arena	-1	negative_shift	#7B9074	0.998025	0xfd1406069a21ec0f
1852	1852	133	exa_loop_object	parallel_invariance_object	colored_bisimulation_candidate	has_aspect	has_counterfactual;from_aspect	has_counterfactual;to_aspect	has_counterfactual;shared_in	witness_arena	0	same_trit_relabel	#0406E7	0.979584	0x6598b737d2f0acab
1853	1853	133	exa_loop_object	palette_interface_object	colored_bisimulation_candidate	has_aspect	has_counterfactual;from_aspect	has_counterfactual;to_aspect	has_counterfactual;shared_in	witness_arena	1	positive_shift	#5385B7	1.003841	0x4e9858a0c9641529
1854	1854	133	exa_loop_object	lisp_semantics_object	colored_bisimulation_candidate	has_aspect	has_counterfactual;from_aspect	has_counterfactual;to_aspect	has_counterfactual;shared_in	witness_arena	-1	negative_shift	#CD059A	1.08428	0x9be504950e9a03f4
1855	1855	133	exa_loop_object	entropy_source_object	colored_bisimulation_candidate	has_aspect	has_counterfactual;from_aspect	has_counterfactual;to_aspect	has_counterfactual;shared_in	witness_arena	0	same_trit_relabel	#6FC776	0.8618	0x5819456d23cf1568
1856	1856	133	exa_loop_object	propagator_cell_object	colored_bisimulation_candidate	has_aspect	has_counterfactual;from_aspect	has_counterfactual;to_aspect	has_counterfactual;shared_in	witness_arena	1	positive_shift	#840D78	1.152078	0xa9d14a8d44b2a114
1857	1857	133	exa_loop_object	abductive_world_object	colored_bisimulation_candidate	has_aspect	has_counterfactual;from_aspect	has_counterfactual;to_aspect	has_counterfactual;shared_in	witness_arena	-1	negative_shift	#35CA02	0.864253	0xe02cfe4469fa8990
1858	1858	133	exa_loop_object	fuzz_soundness_object	colored_bisimulation_candidate	has_aspect	has_counterfactual;from_aspect	has_counterfactual;to_aspect	has_counterfactual;shared_in	witness_arena	0	same_trit_relabel	#AD2269	0.988406	0xa69b807546559722
1859	1859	133	exa_loop_object	ternary_regression_object	colored_bisimulation_candidate	has_aspect	has_counterfactual;from_aspect	has_counterfactual;to_aspect	has_counterfactual;shared_in	witness_arena	1	positive_shift	#7EA0D0	0.882913	0x6f998dca1d9c8737
1860	1860	133	exa_loop_object	nonriemannian_gate_object	colored_bisimulation_candidate	has_aspect	has_counterfactual;from_aspect	has_counterfactual;to_aspect	has_counterfactual;shared_in	witness_arena	-1	negative_shift	#BAAF3A	0.770531	0xa2171b7f8e2b7a2b
1861	1861	133	exa_loop_object	aqua_hygiene_object	colored_bisimulation_candidate	has_aspect	has_counterfactual;from_aspect	has_counterfactual;to_aspect	has_counterfactual;shared_in	witness_arena	1	positive_shift	#1BD8AB	0.627503	0x4b4a0165dbbd95f0
1862	1862	133	exa_loop_object	scip_catcolab_object	colored_bisimulation_candidate	has_aspect	has_counterfactual;from_aspect	has_counterfactual;to_aspect	has_counterfactual;shared_in	witness_arena	-1	negative_shift	#877223	1.051345	0x4b47c66ab925e33f
1863	1863	134	aqua_hygiene_object	color_space_object	colored_bisimulation_candidate	has_aspect	has_counterfactual;from_aspect	has_counterfactual;to_aspect	has_counterfactual;shared_in	witness_arena	-1	negative_shift	#8F6F32	1.293381	0xceeadadb856b20e7
1864	1864	134	aqua_hygiene_object	trit_tick_object	colored_bisimulation_candidate	has_aspect	has_counterfactual;from_aspect	has_counterfactual;to_aspect	has_counterfactual;shared_in	witness_arena	0	same_trit_relabel	#78B4B0	0.662432	0xa084d6c200164e25
1865	1865	134	aqua_hygiene_object	rng_determinism_object	colored_bisimulation_candidate	has_aspect	has_counterfactual;from_aspect	has_counterfactual;to_aspect	has_counterfactual;shared_in	witness_arena	1	positive_shift	#37EFE3	0.518064	0xaf9287937a1d295a
1866	1866	134	aqua_hygiene_object	parallel_invariance_object	colored_bisimulation_candidate	has_aspect	has_counterfactual;from_aspect	has_counterfactual;to_aspect	has_counterfactual;shared_in	witness_arena	-1	negative_shift	#C46C10	1.302294	0x8850425ed6c2688a
1867	1867	134	aqua_hygiene_object	palette_interface_object	colored_bisimulation_candidate	has_aspect	has_counterfactual;from_aspect	has_counterfactual;to_aspect	has_counterfactual;shared_in	witness_arena	0	same_trit_relabel	#E4470E	1.049604	0xf64bd3321278d27b
1868	1868	134	aqua_hygiene_object	lisp_semantics_object	colored_bisimulation_candidate	has_aspect	has_counterfactual;from_aspect	has_counterfactual;to_aspect	has_counterfactual;shared_in	witness_arena	1	positive_shift	#3E28FA	1.123011	0x81c5056f95d29aa0
1869	1869	134	aqua_hygiene_object	entropy_source_object	colored_bisimulation_candidate	has_aspect	has_counterfactual;from_aspect	has_counterfactual;to_aspect	has_counterfactual;shared_in	witness_arena	-1	negative_shift	#DEE3CB	1.126926	0x2e97e6cd986a8da3
1870	1870	134	aqua_hygiene_object	propagator_cell_object	colored_bisimulation_candidate	has_aspect	has_counterfactual;from_aspect	has_counterfactual;to_aspect	has_counterfactual;shared_in	witness_arena	0	same_trit_relabel	#2EA765	0.320539	0xb2fd818aef8a0cc6
1871	1871	134	aqua_hygiene_object	abductive_world_object	colored_bisimulation_candidate	has_aspect	has_counterfactual;from_aspect	has_counterfactual;to_aspect	has_counterfactual;shared_in	witness_arena	1	positive_shift	#D025A9	1.433115	0xcd4bb1ebb23b6d06
1872	1872	134	aqua_hygiene_object	fuzz_soundness_object	colored_bisimulation_candidate	has_aspect	has_counterfactual;from_aspect	has_counterfactual;to_aspect	has_counterfactual;shared_in	witness_arena	-1	negative_shift	#1AABB8	0.845875	0x00d3ef5c97b71cfa
1873	1873	134	aqua_hygiene_object	ternary_regression_object	colored_bisimulation_candidate	has_aspect	has_counterfactual;from_aspect	has_counterfactual;to_aspect	has_counterfactual;shared_in	witness_arena	0	same_trit_relabel	#6C3C1B	0.807481	0x8ab3e0f2523c7beb
1874	1874	134	aqua_hygiene_object	nonriemannian_gate_object	colored_bisimulation_candidate	has_aspect	has_counterfactual;from_aspect	has_counterfactual;to_aspect	has_counterfactual;shared_in	witness_arena	1	positive_shift	#E6D550	0.7563	0xbe446bacdd47b91c
1875	1875	134	aqua_hygiene_object	exa_loop_object	colored_bisimulation_candidate	has_aspect	has_counterfactual;from_aspect	has_counterfactual;to_aspect	has_counterfactual;shared_in	witness_arena	-1	negative_shift	#C6D375	1.035174	0x8bcc526f5f0a32e9
1876	1876	134	aqua_hygiene_object	scip_catcolab_object	colored_bisimulation_candidate	has_aspect	has_counterfactual;from_aspect	has_counterfactual;to_aspect	has_counterfactual;shared_in	witness_arena	1	positive_shift	#F5B58C	1.555486	0xad46bed9baf8d640
1877	1877	135	scip_catcolab_object	color_space_object	colored_bisimulation_candidate	has_aspect	has_counterfactual;from_aspect	has_counterfactual;to_aspect	has_counterfactual;shared_in	witness_arena	1	positive_shift	#1A188B	0.696687	0xaff98fbee274be3c
1878	1878	135	scip_catcolab_object	trit_tick_object	colored_bisimulation_candidate	has_aspect	has_counterfactual;from_aspect	has_counterfactual;to_aspect	has_counterfactual;shared_in	witness_arena	-1	negative_shift	#9604DF	0.884673	0x5f63b373001121f2
1879	1879	135	scip_catcolab_object	rng_determinism_object	colored_bisimulation_candidate	has_aspect	has_counterfactual;from_aspect	has_counterfactual;to_aspect	has_counterfactual;shared_in	witness_arena	0	same_trit_relabel	#9268A1	0.966163	0x3e29534ada5605ce
1880	1880	135	scip_catcolab_object	parallel_invariance_object	colored_bisimulation_candidate	has_aspect	has_counterfactual;from_aspect	has_counterfactual;to_aspect	has_counterfactual;shared_in	witness_arena	1	positive_shift	#75FE93	1.108605	0xa83c017bcee08529
1881	1881	135	scip_catcolab_object	palette_interface_object	colored_bisimulation_candidate	has_aspect	has_counterfactual;from_aspect	has_counterfactual;to_aspect	has_counterfactual;shared_in	witness_arena	-1	negative_shift	#6CDE2F	0.897603	0x9b3efe7485d36c11
1882	1882	135	scip_catcolab_object	lisp_semantics_object	colored_bisimulation_candidate	has_aspect	has_counterfactual;from_aspect	has_counterfactual;to_aspect	has_counterfactual;shared_in	witness_arena	0	same_trit_relabel	#D891A6	0.735009	0xe8be41bced5e2c48
1883	1883	135	scip_catcolab_object	entropy_source_object	colored_bisimulation_candidate	has_aspect	has_counterfactual;from_aspect	has_counterfactual;to_aspect	has_counterfactual;shared_in	witness_arena	1	positive_shift	#8D8B70	1.081809	0xd6711b54564880f7
1884	1884	135	scip_catcolab_object	propagator_cell_object	colored_bisimulation_candidate	has_aspect	has_counterfactual;from_aspect	has_counterfactual;to_aspect	has_counterfactual;shared_in	witness_arena	-1	negative_shift	#5D4B34	1.316928	0x80ae0104b586f7d2
1885	1885	135	scip_catcolab_object	abductive_world_object	colored_bisimulation_candidate	has_aspect	has_counterfactual;from_aspect	has_counterfactual;to_aspect	has_counterfactual;shared_in	witness_arena	0	same_trit_relabel	#874F3E	0.183142	0x013096f2a08a500b
1886	1886	135	scip_catcolab_object	fuzz_soundness_object	colored_bisimulation_candidate	has_aspect	has_counterfactual;from_aspect	has_counterfactual;to_aspect	has_counterfactual;shared_in	witness_arena	1	positive_shift	#212210	1.421199	0x006d8100bef5a7ef
1887	1887	135	scip_catcolab_object	ternary_regression_object	colored_bisimulation_candidate	has_aspect	has_counterfactual;from_aspect	has_counterfactual;to_aspect	has_counterfactual;shared_in	witness_arena	-1	negative_shift	#BE3B8C	1.149717	0x66ce0af132a3968f
1888	1888	135	scip_catcolab_object	nonriemannian_gate_object	colored_bisimulation_candidate	has_aspect	has_counterfactual;from_aspect	has_counterfactual;to_aspect	has_counterfactual;shared_in	witness_arena	0	same_trit_relabel	#46126C	0.679383	0x8e37a5c7d14cb510
1889	1889	135	scip_catcolab_object	exa_loop_object	colored_bisimulation_candidate	has_aspect	has_counterfactual;from_aspect	has_counterfactual;to_aspect	has_counterfactual;shared_in	witness_arena	1	positive_shift	#867BFE	0.75274	0xcf3cbd966b3eda86
1890	1890	135	scip_catcolab_object	aqua_hygiene_object	colored_bisimulation_candidate	has_aspect	has_counterfactual;from_aspect	has_counterfactual;to_aspect	has_counterfactual;shared_in	witness_arena	-1	negative_shift	#DAA232	0.578392	0x0d7f9b2446e39d42
1891	1891	136	color_space_object	trit_tick_object	colored_bisimulation_candidate	has_aspect	has_counterfactual;from_aspect	has_counterfactual;to_aspect	has_counterfactual;shared_in	witness_arena	1	positive_shift	#4B8D04	1.178893	0x44a7680f13f9d51a
1892	1892	136	color_space_object	rng_determinism_object	colored_bisimulation_candidate	has_aspect	has_counterfactual;from_aspect	has_counterfactual;to_aspect	has_counterfactual;shared_in	witness_arena	-1	negative_shift	#B72919	1.315684	0x82fee39878fd54b5
1893	1893	136	color_space_object	parallel_invariance_object	colored_bisimulation_candidate	has_aspect	has_counterfactual;from_aspect	has_counterfactual;to_aspect	has_counterfactual;shared_in	witness_arena	0	same_trit_relabel	#6B211D	1.068755	0x4cf6fbcf26b729ab
1894	1894	136	color_space_object	palette_interface_object	colored_bisimulation_candidate	has_aspect	has_counterfactual;from_aspect	has_counterfactual;to_aspect	has_counterfactual;shared_in	witness_arena	1	positive_shift	#211040	0.719344	0xf4e7c36df03e2002
1895	1895	136	color_space_object	lisp_semantics_object	colored_bisimulation_candidate	has_aspect	has_counterfactual;from_aspect	has_counterfactual;to_aspect	has_counterfactual;shared_in	witness_arena	-1	negative_shift	#AA02E5	0.815192	0xea83bea061422cef
1896	1896	136	color_space_object	entropy_source_object	colored_bisimulation_candidate	has_aspect	has_counterfactual;from_aspect	has_counterfactual;to_aspect	has_counterfactual;shared_in	witness_arena	0	same_trit_relabel	#C75B9B	0.862112	0x791eb642d982b43b
1897	1897	136	color_space_object	propagator_cell_object	colored_bisimulation_candidate	has_aspect	has_counterfactual;from_aspect	has_counterfactual;to_aspect	has_counterfactual;shared_in	witness_arena	1	positive_shift	#DF6271	1.175659	0xa5a00d7b799b54c8
1898	1898	136	color_space_object	abductive_world_object	colored_bisimulation_candidate	has_aspect	has_counterfactual;from_aspect	has_counterfactual;to_aspect	has_counterfactual;shared_in	witness_arena	-1	negative_shift	#FFC6A4	1.384767	0x024b88035091b846
1899	1899	136	color_space_object	fuzz_soundness_object	colored_bisimulation_candidate	has_aspect	has_counterfactual;from_aspect	has_counterfactual;to_aspect	has_counterfactual;shared_in	witness_arena	0	same_trit_relabel	#255426	0.84636	0xcbb8b7331a9b03a0
1900	1900	136	color_space_object	ternary_regression_object	colored_bisimulation_candidate	has_aspect	has_counterfactual;from_aspect	has_counterfactual;to_aspect	has_counterfactual;shared_in	witness_arena	1	positive_shift	#2C5161	0.768698	0x05ff1f32612b70bc
1901	1901	136	color_space_object	nonriemannian_gate_object	colored_bisimulation_candidate	has_aspect	has_counterfactual;from_aspect	has_counterfactual;to_aspect	has_counterfactual;shared_in	witness_arena	-1	negative_shift	#FCA1F4	1.177519	0xed27f99f07562d57
1902	1902	136	color_space_object	exa_loop_object	colored_bisimulation_candidate	has_aspect	has_counterfactual;from_aspect	has_counterfactual;to_aspect	has_counterfactual;shared_in	witness_arena	0	same_trit_relabel	#B998C4	0.755337	0xecff41dcc653fb35
1903	1903	136	color_space_object	aqua_hygiene_object	colored_bisimulation_candidate	has_aspect	has_counterfactual;from_aspect	has_counterfactual;to_aspect	has_counterfactual;shared_in	witness_arena	1	positive_shift	#C49570	1.033375	0x9c3096a614997c65
1904	1904	136	color_space_object	scip_catcolab_object	colored_bisimulation_candidate	has_aspect	has_counterfactual;from_aspect	has_counterfactual;to_aspect	has_counterfactual;shared_in	witness_arena	-1	negative_shift	#946612	1.089434	0x47fa98be13cb9272
1905	1905	137	trit_tick_object	color_space_object	colored_bisimulation_candidate	has_aspect	has_counterfactual;from_aspect	has_counterfactual;to_aspect	has_counterfactual;shared_in	witness_arena	-1	negative_shift	#17113E	0.526607	0x8e6fd23bf1d9a05b
1906	1906	137	trit_tick_object	rng_determinism_object	colored_bisimulation_candidate	has_aspect	has_counterfactual;from_aspect	has_counterfactual;to_aspect	has_counterfactual;shared_in	witness_arena	1	positive_shift	#3116EE	1.103989	0x78a4b8f81861a417
1907	1907	137	trit_tick_object	parallel_invariance_object	colored_bisimulation_candidate	has_aspect	has_counterfactual;from_aspect	has_counterfactual;to_aspect	has_counterfactual;shared_in	witness_arena	-1	negative_shift	#B1C8BC	1.145572	0x91f665f485a892ff
1908	1908	137	trit_tick_object	palette_interface_object	colored_bisimulation_candidate	has_aspect	has_counterfactual;from_aspect	has_counterfactual;to_aspect	has_counterfactual;shared_in	witness_arena	0	same_trit_relabel	#8B6DB6	0.589332	0xede7e5730678e11b
1909	1909	137	trit_tick_object	lisp_semantics_object	colored_bisimulation_candidate	has_aspect	has_counterfactual;from_aspect	has_counterfactual;to_aspect	has_counterfactual;shared_in	witness_arena	1	positive_shift	#A80B85	1.027673	0x16b5abc0f292772d
1910	1910	137	trit_tick_object	entropy_source_object	colored_bisimulation_candidate	has_aspect	has_counterfactual;from_aspect	has_counterfactual;to_aspect	has_counterfactual;shared_in	witness_arena	-1	negative_shift	#08103D	1.071297	0x4e13a8fbd4a1d3af
1911	1911	137	trit_tick_object	propagator_cell_object	colored_bisimulation_candidate	has_aspect	has_counterfactual;from_aspect	has_counterfactual;to_aspect	has_counterfactual;shared_in	witness_arena	0	same_trit_relabel	#E637C7	0.845905	0x9533b47d67347ffa
1912	1912	137	trit_tick_object	abductive_world_object	colored_bisimulation_candidate	has_aspect	has_counterfactual;from_aspect	has_counterfactual;to_aspect	has_counterfactual;shared_in	witness_arena	1	positive_shift	#E46C0E	0.635905	0x97bf7a068d8c3ce8
1913	1913	137	trit_tick_object	fuzz_soundness_object	colored_bisimulation_candidate	has_aspect	has_counterfactual;from_aspect	has_counterfactual;to_aspect	has_counterfactual;shared_in	witness_arena	-1	negative_shift	#CC4600	1.318123	0xed27e4db3654dbc5
1914	1914	137	trit_tick_object	ternary_regression_object	colored_bisimulation_candidate	has_aspect	has_counterfactual;from_aspect	has_counterfactual;to_aspect	has_counterfactual;shared_in	witness_arena	0	same_trit_relabel	#2AC64B	0.676809	0x5049386ef8a9a452
1915	1915	137	trit_tick_object	nonriemannian_gate_object	colored_bisimulation_candidate	has_aspect	has_counterfactual;from_aspect	has_counterfactual;to_aspect	has_counterfactual;shared_in	witness_arena	1	positive_shift	#C83C56	0.827155	0x7301bbbaf0d0233f
1916	1916	137	trit_tick_object	exa_loop_object	colored_bisimulation_candidate	has_aspect	has_counterfactual;from_aspect	has_counterfactual;to_aspect	has_counterfactual;shared_in	witness_arena	-1	negative_shift	#77DA5E	0.563673	0x83988bb272c65e38
1917	1917	137	trit_tick_object	aqua_hygiene_object	colored_bisimulation_candidate	has_aspect	has_counterfactual;from_aspect	has_counterfactual;to_aspect	has_counterfactual;shared_in	witness_arena	0	same_trit_relabel	#E923A4	0.17855	0xbcad677329af5081
1918	1918	137	trit_tick_object	scip_catcolab_object	colored_bisimulation_candidate	has_aspect	has_counterfactual;from_aspect	has_counterfactual;to_aspect	has_counterfactual;shared_in	witness_arena	1	positive_shift	#22D528	0.863036	0x98a500428379f7d3
1919	1919	138	rng_determinism_object	color_space_object	colored_bisimulation_candidate	has_aspect	has_counterfactual;from_aspect	has_counterfactual;to_aspect	has_counterfactual;shared_in	witness_arena	1	positive_shift	#622B80	0.849582	0xea0d3b80aeb05bcb
1920	1920	138	rng_determinism_object	trit_tick_object	colored_bisimulation_candidate	has_aspect	has_counterfactual;from_aspect	has_counterfactual;to_aspect	has_counterfactual;shared_in	witness_arena	-1	negative_shift	#9F2FEF	0.699218	0xd4e57fa08d18df85
1921	1921	138	rng_determinism_object	parallel_invariance_object	colored_bisimulation_candidate	has_aspect	has_counterfactual;from_aspect	has_counterfactual;to_aspect	has_counterfactual;shared_in	witness_arena	1	positive_shift	#05C266	1.228998	0xe95bd5580ba161a2
1922	1922	138	rng_determinism_object	palette_interface_object	colored_bisimulation_candidate	has_aspect	has_counterfactual;from_aspect	has_counterfactual;to_aspect	has_counterfactual;shared_in	witness_arena	-1	negative_shift	#E64011	0.727895	0xb86e514bbf5c802d
1923	1923	138	rng_determinism_object	lisp_semantics_object	colored_bisimulation_candidate	has_aspect	has_counterfactual;from_aspect	has_counterfactual;to_aspect	has_counterfactual;shared_in	witness_arena	0	same_trit_relabel	#4AA8C7	0.455071	0x4728a7890d98bf75
1924	1924	138	rng_determinism_object	entropy_source_object	colored_bisimulation_candidate	has_aspect	has_counterfactual;from_aspect	has_counterfactual;to_aspect	has_counterfactual;shared_in	witness_arena	1	positive_shift	#A63984	1.044198	0x9d98ace98bbc870a
1925	1925	138	rng_determinism_object	propagator_cell_object	colored_bisimulation_candidate	has_aspect	has_counterfactual;from_aspect	has_counterfactual;to_aspect	has_counterfactual;shared_in	witness_arena	-1	negative_shift	#325DFA	0.981069	0x9821c757915b27c3
1926	1926	138	rng_determinism_object	abductive_world_object	colored_bisimulation_candidate	has_aspect	has_counterfactual;from_aspect	has_counterfactual;to_aspect	has_counterfactual;shared_in	witness_arena	0	same_trit_relabel	#CBA2F1	0.69102	0xe05470f4807f5dbf
1927	1927	138	rng_determinism_object	fuzz_soundness_object	colored_bisimulation_candidate	has_aspect	has_counterfactual;from_aspect	has_counterfactual;to_aspect	has_counterfactual;shared_in	witness_arena	1	positive_shift	#D9249F	1.099124	0x15fc48acf68006c9
1928	1928	138	rng_determinism_object	ternary_regression_object	colored_bisimulation_candidate	has_aspect	has_counterfactual;from_aspect	has_counterfactual;to_aspect	has_counterfactual;shared_in	witness_arena	-1	negative_shift	#1FC918	0.599336	0x932418cf1a27193e
1929	1929	138	rng_determinism_object	nonriemannian_gate_object	colored_bisimulation_candidate	has_aspect	has_counterfactual;from_aspect	has_counterfactual;to_aspect	has_counterfactual;shared_in	witness_arena	0	same_trit_relabel	#393D7B	0.435382	0x634d37afec2d3195
1930	1930	138	rng_determinism_object	exa_loop_object	colored_bisimulation_candidate	has_aspect	has_counterfactual;from_aspect	has_counterfactual;to_aspect	has_counterfactual;shared_in	witness_arena	1	positive_shift	#35FF74	0.627032	0x7ae94858d00ce055
1931	1931	138	rng_determinism_object	aqua_hygiene_object	colored_bisimulation_candidate	has_aspect	has_counterfactual;from_aspect	has_counterfactual;to_aspect	has_counterfactual;shared_in	witness_arena	-1	negative_shift	#18BFDC	0.653992	0xe75f90a959b9e47a
1932	1932	138	rng_determinism_object	scip_catcolab_object	colored_bisimulation_candidate	has_aspect	has_counterfactual;from_aspect	has_counterfactual;to_aspect	has_counterfactual;shared_in	witness_arena	0	same_trit_relabel	#454977	0.627181	0xe4fc83749eadf77e
1933	1933	139	parallel_invariance_object	color_space_object	colored_bisimulation_candidate	has_aspect	has_counterfactual;from_aspect	has_counterfactual;to_aspect	has_counterfactual;shared_in	witness_arena	0	same_trit_relabel	#DDDAB0	0.683355	0x4ae1b86d44c657b0
1934	1934	139	parallel_invariance_object	trit_tick_object	colored_bisimulation_candidate	has_aspect	has_counterfactual;from_aspect	has_counterfactual;to_aspect	has_counterfactual;shared_in	witness_arena	1	positive_shift	#60DC45	0.776904	0x86e680452b6f1633
1935	1935	139	parallel_invariance_object	rng_determinism_object	colored_bisimulation_candidate	has_aspect	has_counterfactual;from_aspect	has_counterfactual;to_aspect	has_counterfactual;shared_in	witness_arena	-1	negative_shift	#DDB34F	0.687254	0xd1ae115f313114fb
1936	1936	139	parallel_invariance_object	palette_interface_object	colored_bisimulation_candidate	has_aspect	has_counterfactual;from_aspect	has_counterfactual;to_aspect	has_counterfactual;shared_in	witness_arena	1	positive_shift	#A15533	1.024665	0x509e36c0228e816d
1937	1937	139	parallel_invariance_object	lisp_semantics_object	colored_bisimulation_candidate	has_aspect	has_counterfactual;from_aspect	has_counterfactual;to_aspect	has_counterfactual;shared_in	witness_arena	-1	negative_shift	#82F10D	0.800955	0x3cd83d442e1ef3ae
1938	1938	139	parallel_invariance_object	entropy_source_object	colored_bisimulation_candidate	has_aspect	has_counterfactual;from_aspect	has_counterfactual;to_aspect	has_counterfactual;shared_in	witness_arena	0	same_trit_relabel	#1EE1B7	0.451406	0xbf6cd4f90349802a
1939	1939	139	parallel_invariance_object	propagator_cell_object	colored_bisimulation_candidate	has_aspect	has_counterfactual;from_aspect	has_counterfactual;to_aspect	has_counterfactual;shared_in	witness_arena	1	positive_shift	#809D50	0.622281	0xcf855a8a20d79d82
1940	1940	139	parallel_invariance_object	abductive_world_object	colored_bisimulation_candidate	has_aspect	has_counterfactual;from_aspect	has_counterfactual;to_aspect	has_counterfactual;shared_in	witness_arena	-1	negative_shift	#A3AF39	1.063156	0x4c2036dccbb6f017
1941	1941	139	parallel_invariance_object	fuzz_soundness_object	colored_bisimulation_candidate	has_aspect	has_counterfactual;from_aspect	has_counterfactual;to_aspect	has_counterfactual;shared_in	witness_arena	0	same_trit_relabel	#24B9ED	0.453175	0xc9963255871bfa7f
1942	1942	139	parallel_invariance_object	ternary_regression_object	colored_bisimulation_candidate	has_aspect	has_counterfactual;from_aspect	has_counterfactual;to_aspect	has_counterfactual;shared_in	witness_arena	1	positive_shift	#51D605	0.978071	0x9cea2df6347a74a7
1943	1943	139	parallel_invariance_object	nonriemannian_gate_object	colored_bisimulation_candidate	has_aspect	has_counterfactual;from_aspect	has_counterfactual;to_aspect	has_counterfactual;shared_in	witness_arena	-1	negative_shift	#C9C0E2	0.518147	0x91056312803ef5f9
1944	1944	139	parallel_invariance_object	exa_loop_object	colored_bisimulation_candidate	has_aspect	has_counterfactual;from_aspect	has_counterfactual;to_aspect	has_counterfactual;shared_in	witness_arena	0	same_trit_relabel	#C55CD1	0.374546	0xca50b745b18fee11
1945	1945	139	parallel_invariance_object	aqua_hygiene_object	colored_bisimulation_candidate	has_aspect	has_counterfactual;from_aspect	has_counterfactual;to_aspect	has_counterfactual;shared_in	witness_arena	1	positive_shift	#15D8A7	0.929889	0xe904e71738cbb74f
1946	1946	139	parallel_invariance_object	scip_catcolab_object	colored_bisimulation_candidate	has_aspect	has_counterfactual;from_aspect	has_counterfactual;to_aspect	has_counterfactual;shared_in	witness_arena	-1	negative_shift	#1505D5	1.148991	0xbc090195deaad7fb
1947	1947	140	palette_interface_object	color_space_object	colored_bisimulation_candidate	has_aspect	has_counterfactual;from_aspect	has_counterfactual;to_aspect	has_counterfactual;shared_in	witness_arena	-1	negative_shift	#E00CE4	0.895829	0x04bc72fc205f6c06
1948	1948	140	palette_interface_object	trit_tick_object	colored_bisimulation_candidate	has_aspect	has_counterfactual;from_aspect	has_counterfactual;to_aspect	has_counterfactual;shared_in	witness_arena	0	same_trit_relabel	#879791	0.655747	0xfac6285ff3466f7e
1949	1949	140	palette_interface_object	rng_determinism_object	colored_bisimulation_candidate	has_aspect	has_counterfactual;from_aspect	has_counterfactual;to_aspect	has_counterfactual;shared_in	witness_arena	1	positive_shift	#BEF131	1.249588	0x9868f65527194ec5
1950	1950	140	palette_interface_object	parallel_invariance_object	colored_bisimulation_candidate	has_aspect	has_counterfactual;from_aspect	has_counterfactual;to_aspect	has_counterfactual;shared_in	witness_arena	-1	negative_shift	#B3E4D7	0.912957	0xfede3f6de54c3ddc
1951	1951	140	palette_interface_object	lisp_semantics_object	colored_bisimulation_candidate	has_aspect	has_counterfactual;from_aspect	has_counterfactual;to_aspect	has_counterfactual;shared_in	witness_arena	1	positive_shift	#479621	1.165076	0x6d1103ea1f9e2858
1952	1952	140	palette_interface_object	entropy_source_object	colored_bisimulation_candidate	has_aspect	has_counterfactual;from_aspect	has_counterfactual;to_aspect	has_counterfactual;shared_in	witness_arena	-1	negative_shift	#348215	0.97825	0x83652fd8742f76db
1953	1953	140	palette_interface_object	propagator_cell_object	colored_bisimulation_candidate	has_aspect	has_counterfactual;from_aspect	has_counterfactual;to_aspect	has_counterfactual;shared_in	witness_arena	0	same_trit_relabel	#EC4487	0.92657	0xa7eaa6e4ae707118
1954	1954	140	palette_interface_object	abductive_world_object	colored_bisimulation_candidate	has_aspect	has_counterfactual;from_aspect	has_counterfactual;to_aspect	has_counterfactual;shared_in	witness_arena	1	positive_shift	#DB3A0F	0.593343	0x54f836c5047280fe
1955	1955	140	palette_interface_object	fuzz_soundness_object	colored_bisimulation_candidate	has_aspect	has_counterfactual;from_aspect	has_counterfactual;to_aspect	has_counterfactual;shared_in	witness_arena	-1	negative_shift	#F1E127	1.362317	0xa2f2e806933f8259
1956	1956	140	palette_interface_object	ternary_regression_object	colored_bisimulation_candidate	has_aspect	has_counterfactual;from_aspect	has_counterfactual;to_aspect	has_counterfactual;shared_in	witness_arena	0	same_trit_relabel	#799900	1.05049	0xdf42d93aa4cf0283
1957	1957	140	palette_interface_object	nonriemannian_gate_object	colored_bisimulation_candidate	has_aspect	has_counterfactual;from_aspect	has_counterfactual;to_aspect	has_counterfactual;shared_in	witness_arena	1	positive_shift	#4390CA	0.994464	0xd880b643fb9d685c
1958	1958	140	palette_interface_object	exa_loop_object	colored_bisimulation_candidate	has_aspect	has_counterfactual;from_aspect	has_counterfactual;to_aspect	has_counterfactual;shared_in	witness_arena	-1	negative_shift	#F05A41	0.873557	0x6b85769218d5cb7a
1959	1959	140	palette_interface_object	aqua_hygiene_object	colored_bisimulation_candidate	has_aspect	has_counterfactual;from_aspect	has_counterfactual;to_aspect	has_counterfactual;shared_in	witness_arena	0	same_trit_relabel	#680B3B	0.565332	0x38a7a6f7c5c98ff3
1960	1960	140	palette_interface_object	scip_catcolab_object	colored_bisimulation_candidate	has_aspect	has_counterfactual;from_aspect	has_counterfactual;to_aspect	has_counterfactual;shared_in	witness_arena	1	positive_shift	#71E0A5	0.964279	0x4768f5bc39630e9e
1961	1961	141	lisp_semantics_object	color_space_object	colored_bisimulation_candidate	has_aspect	has_counterfactual;from_aspect	has_counterfactual;to_aspect	has_counterfactual;shared_in	witness_arena	1	positive_shift	#4C6899	0.800543	0x4ff1458771cee8b4
1962	1962	141	lisp_semantics_object	trit_tick_object	colored_bisimulation_candidate	has_aspect	has_counterfactual;from_aspect	has_counterfactual;to_aspect	has_counterfactual;shared_in	witness_arena	-1	negative_shift	#C28F03	0.826033	0x85ea71995ca72907
1963	1963	141	lisp_semantics_object	rng_determinism_object	colored_bisimulation_candidate	has_aspect	has_counterfactual;from_aspect	has_counterfactual;to_aspect	has_counterfactual;shared_in	witness_arena	0	same_trit_relabel	#8E962D	0.833755	0x8782354bf5d2c7e9
1964	1964	141	lisp_semantics_object	parallel_invariance_object	colored_bisimulation_candidate	has_aspect	has_counterfactual;from_aspect	has_counterfactual;to_aspect	has_counterfactual;shared_in	witness_arena	1	positive_shift	#AA8B30	1.024442	0x68d4adfea94a5103
1965	1965	141	lisp_semantics_object	palette_interface_object	colored_bisimulation_candidate	has_aspect	has_counterfactual;from_aspect	has_counterfactual;to_aspect	has_counterfactual;shared_in	witness_arena	-1	negative_shift	#5FA705	0.644425	0x673341bdd9d2cc0e
1966	1966	141	lisp_semantics_object	entropy_source_object	colored_bisimulation_candidate	has_aspect	has_counterfactual;from_aspect	has_counterfactual;to_aspect	has_counterfactual;shared_in	witness_arena	1	positive_shift	#929C2E	0.919487	0xd644679ab9db6753
1967	1967	141	lisp_semantics_object	propagator_cell_object	colored_bisimulation_candidate	has_aspect	has_counterfactual;from_aspect	has_counterfactual;to_aspect	has_counterfactual;shared_in	witness_arena	-1	negative_shift	#2E4B2A	1.119508	0x3208f08ca082403c
1968	1968	141	lisp_semantics_object	abductive_world_object	colored_bisimulation_candidate	has_aspect	has_counterfactual;from_aspect	has_counterfactual;to_aspect	has_counterfactual;shared_in	witness_arena	0	same_trit_relabel	#A50C2F	0.410249	0xb99700d95a34fe53
1969	1969	141	lisp_semantics_object	fuzz_soundness_object	colored_bisimulation_candidate	has_aspect	has_counterfactual;from_aspect	has_counterfactual;to_aspect	has_counterfactual;shared_in	witness_arena	1	positive_shift	#41D940	1.201773	0x02ff1d3a0d1de675
1970	1970	141	lisp_semantics_object	ternary_regression_object	colored_bisimulation_candidate	has_aspect	has_counterfactual;from_aspect	has_counterfactual;to_aspect	has_counterfactual;shared_in	witness_arena	-1	negative_shift	#695702	0.938692	0xa98d97100dfbdae0
1971	1971	141	lisp_semantics_object	nonriemannian_gate_object	colored_bisimulation_candidate	has_aspect	has_counterfactual;from_aspect	has_counterfactual;to_aspect	has_counterfactual;shared_in	witness_arena	0	same_trit_relabel	#8075F6	0.556504	0x2de13b8bbc8eb406
1972	1972	141	lisp_semantics_object	exa_loop_object	colored_bisimulation_candidate	has_aspect	has_counterfactual;from_aspect	has_counterfactual;to_aspect	has_counterfactual;shared_in	witness_arena	1	positive_shift	#098307	0.652911	0x3c29455c4fc9baa2
1973	1973	141	lisp_semantics_object	aqua_hygiene_object	colored_bisimulation_candidate	has_aspect	has_counterfactual;from_aspect	has_counterfactual;to_aspect	has_counterfactual;shared_in	witness_arena	-1	negative_shift	#30F65E	0.497572	0xde0bbcf4bcfa2d53
1974	1974	141	lisp_semantics_object	scip_catcolab_object	colored_bisimulation_candidate	has_aspect	has_counterfactual;from_aspect	has_counterfactual;to_aspect	has_counterfactual;shared_in	witness_arena	0	same_trit_relabel	#74278D	0.308436	0x89fb4970a87d91d3
1975	1975	142	entropy_source_object	color_space_object	colored_bisimulation_candidate	has_aspect	has_counterfactual;from_aspect	has_counterfactual;to_aspect	has_counterfactual;shared_in	witness_arena	0	same_trit_relabel	#765ABC	0.409123	0xc58e17f5172e0376
1976	1976	142	entropy_source_object	trit_tick_object	colored_bisimulation_candidate	has_aspect	has_counterfactual;from_aspect	has_counterfactual;to_aspect	has_counterfactual;shared_in	witness_arena	1	positive_shift	#706539	1.025076	0x0132c3709dc69fe8
1977	1977	142	entropy_source_object	rng_determinism_object	colored_bisimulation_candidate	has_aspect	has_counterfactual;from_aspect	has_counterfactual;to_aspect	has_counterfactual;shared_in	witness_arena	-1	negative_shift	#D41DAE	1.461642	0xfc78db9b5453b9a8
1978	1978	142	entropy_source_object	parallel_invariance_object	colored_bisimulation_candidate	has_aspect	has_counterfactual;from_aspect	has_counterfactual;to_aspect	has_counterfactual;shared_in	witness_arena	0	same_trit_relabel	#CD4E61	0.962008	0x0812baab67170460
1979	1979	142	entropy_source_object	palette_interface_object	colored_bisimulation_candidate	has_aspect	has_counterfactual;from_aspect	has_counterfactual;to_aspect	has_counterfactual;shared_in	witness_arena	1	positive_shift	#B54746	1.184169	0xf6f46345f495ae5f
1980	1980	142	entropy_source_object	lisp_semantics_object	colored_bisimulation_candidate	has_aspect	has_counterfactual;from_aspect	has_counterfactual;to_aspect	has_counterfactual;shared_in	witness_arena	-1	negative_shift	#66BA4F	1.351054	0x1967c64d82487ffd
1981	1981	142	entropy_source_object	propagator_cell_object	colored_bisimulation_candidate	has_aspect	has_counterfactual;from_aspect	has_counterfactual;to_aspect	has_counterfactual;shared_in	witness_arena	1	positive_shift	#09945A	1.539495	0x0fa814cc667f2cd9
1982	1982	142	entropy_source_object	abductive_world_object	colored_bisimulation_candidate	has_aspect	has_counterfactual;from_aspect	has_counterfactual;to_aspect	has_counterfactual;shared_in	witness_arena	-1	negative_shift	#6619CE	0.579925	0x7b381ec5b31378aa
1983	1983	142	entropy_source_object	fuzz_soundness_object	colored_bisimulation_candidate	has_aspect	has_counterfactual;from_aspect	has_counterfactual;to_aspect	has_counterfactual;shared_in	witness_arena	0	same_trit_relabel	#225EEC	1.330626	0x5bb718507242a2c7
1984	1984	142	entropy_source_object	ternary_regression_object	colored_bisimulation_candidate	has_aspect	has_counterfactual;from_aspect	has_counterfactual;to_aspect	has_counterfactual;shared_in	witness_arena	1	positive_shift	#1BCF0A	1.378922	0x2fb236b5a332d70e
1985	1985	142	entropy_source_object	nonriemannian_gate_object	colored_bisimulation_candidate	has_aspect	has_counterfactual;from_aspect	has_counterfactual;to_aspect	has_counterfactual;shared_in	witness_arena	-1	negative_shift	#A35695	1.190965	0x1e9ae0f95ea1b680
1986	1986	142	entropy_source_object	exa_loop_object	colored_bisimulation_candidate	has_aspect	has_counterfactual;from_aspect	has_counterfactual;to_aspect	has_counterfactual;shared_in	witness_arena	0	same_trit_relabel	#9DB785	0.619695	0x31bb617dc5ee9db7
1987	1987	142	entropy_source_object	aqua_hygiene_object	colored_bisimulation_candidate	has_aspect	has_counterfactual;from_aspect	has_counterfactual;to_aspect	has_counterfactual;shared_in	witness_arena	1	positive_shift	#FD923F	0.827109	0x20689594743f4283
1988	1988	142	entropy_source_object	scip_catcolab_object	colored_bisimulation_candidate	has_aspect	has_counterfactual;from_aspect	has_counterfactual;to_aspect	has_counterfactual;shared_in	witness_arena	-1	negative_shift	#043A5D	0.946228	0x88e10b2ecdfab649
1989	1989	143	propagator_cell_object	color_space_object	colored_bisimulation_candidate	has_aspect	has_counterfactual;from_aspect	has_counterfactual;to_aspect	has_counterfactual;shared_in	witness_arena	-1	negative_shift	#0F0D1B	0.689355	0x505e5977c3c8fa42
1990	1990	143	propagator_cell_object	trit_tick_object	colored_bisimulation_candidate	has_aspect	has_counterfactual;from_aspect	has_counterfactual;to_aspect	has_counterfactual;shared_in	witness_arena	0	same_trit_relabel	#48E4A9	0.306911	0x5fec6f076a5eef45
1991	1991	143	propagator_cell_object	rng_determinism_object	colored_bisimulation_candidate	has_aspect	has_counterfactual;from_aspect	has_counterfactual;to_aspect	has_counterfactual;shared_in	witness_arena	1	positive_shift	#465753	0.980452	0x7151bb2a545bc5ef
1992	1992	143	propagator_cell_object	parallel_invariance_object	colored_bisimulation_candidate	has_aspect	has_counterfactual;from_aspect	has_counterfactual;to_aspect	has_counterfactual;shared_in	witness_arena	-1	negative_shift	#16D9E7	1.012727	0x09d3cdbe60c6f91c
1993	1993	143	propagator_cell_object	palette_interface_object	colored_bisimulation_candidate	has_aspect	has_counterfactual;from_aspect	has_counterfactual;to_aspect	has_counterfactual;shared_in	witness_arena	0	same_trit_relabel	#F49E64	0.494755	0x4d852504273d3bce
1994	1994	143	propagator_cell_object	lisp_semantics_object	colored_bisimulation_candidate	has_aspect	has_counterfactual;from_aspect	has_counterfactual;to_aspect	has_counterfactual;shared_in	witness_arena	1	positive_shift	#237497	0.852049	0xc2ce290228de2417
1995	1995	143	propagator_cell_object	entropy_source_object	colored_bisimulation_candidate	has_aspect	has_counterfactual;from_aspect	has_counterfactual;to_aspect	has_counterfactual;shared_in	witness_arena	-1	negative_shift	#2AD292	0.900715	0xf3a790c3c5550248
1996	1996	143	propagator_cell_object	abductive_world_object	colored_bisimulation_candidate	has_aspect	has_counterfactual;from_aspect	has_counterfactual;to_aspect	has_counterfactual;shared_in	witness_arena	1	positive_shift	#23ECB0	0.725569	0xd0245277cf0bbc86
1997	1997	143	propagator_cell_object	fuzz_soundness_object	colored_bisimulation_candidate	has_aspect	has_counterfactual;from_aspect	has_counterfactual;to_aspect	has_counterfactual;shared_in	witness_arena	-1	negative_shift	#2065CF	1.127594	0xdecdd50b633703d4
1998	1998	143	propagator_cell_object	ternary_regression_object	colored_bisimulation_candidate	has_aspect	has_counterfactual;from_aspect	has_counterfactual;to_aspect	has_counterfactual;shared_in	witness_arena	0	same_trit_relabel	#934972	0.594127	0x00458944330890cc
1999	1999	143	propagator_cell_object	nonriemannian_gate_object	colored_bisimulation_candidate	has_aspect	has_counterfactual;from_aspect	has_counterfactual;to_aspect	has_counterfactual;shared_in	witness_arena	1	positive_shift	#D21985	0.692794	0x907d8063ed8c9967
2000	2000	143	propagator_cell_object	exa_loop_object	colored_bisimulation_candidate	has_aspect	has_counterfactual;from_aspect	has_counterfactual;to_aspect	has_counterfactual;shared_in	witness_arena	-1	negative_shift	#D2F88B	0.45616	0x855864ea0482d607
2001	2001	143	propagator_cell_object	aqua_hygiene_object	colored_bisimulation_candidate	has_aspect	has_counterfactual;from_aspect	has_counterfactual;to_aspect	has_counterfactual;shared_in	witness_arena	0	same_trit_relabel	#91ECC3	0.211401	0x74c35584b32b210c
2002	2002	143	propagator_cell_object	scip_catcolab_object	colored_bisimulation_candidate	has_aspect	has_counterfactual;from_aspect	has_counterfactual;to_aspect	has_counterfactual;shared_in	witness_arena	1	positive_shift	#A837F3	0.844553	0xc74a06404900dad0
2003	2003	144	abductive_world_object	color_space_object	colored_bisimulation_candidate	has_aspect	has_counterfactual;from_aspect	has_counterfactual;to_aspect	has_counterfactual;shared_in	witness_arena	1	positive_shift	#19CA8F	0.528862	0x4693596369cc5b38
2004	2004	144	abductive_world_object	trit_tick_object	colored_bisimulation_candidate	has_aspect	has_counterfactual;from_aspect	has_counterfactual;to_aspect	has_counterfactual;shared_in	witness_arena	-1	negative_shift	#026BB7	0.822273	0xef928c1a1ca16d32
2005	2005	144	abductive_world_object	rng_determinism_object	colored_bisimulation_candidate	has_aspect	has_counterfactual;from_aspect	has_counterfactual;to_aspect	has_counterfactual;shared_in	witness_arena	0	same_trit_relabel	#F1604A	0.979058	0xef186a3f460d0346
2006	2006	144	abductive_world_object	parallel_invariance_object	colored_bisimulation_candidate	has_aspect	has_counterfactual;from_aspect	has_counterfactual;to_aspect	has_counterfactual;shared_in	witness_arena	1	positive_shift	#3CB0E5	1.440814	0x6b57fac48b7591be
2007	2007	144	abductive_world_object	palette_interface_object	colored_bisimulation_candidate	has_aspect	has_counterfactual;from_aspect	has_counterfactual;to_aspect	has_counterfactual;shared_in	witness_arena	-1	negative_shift	#D23CAF	1.105643	0xd9d058497855458a
2008	2008	144	abductive_world_object	lisp_semantics_object	colored_bisimulation_candidate	has_aspect	has_counterfactual;from_aspect	has_counterfactual;to_aspect	has_counterfactual;shared_in	witness_arena	0	same_trit_relabel	#126435	0.957505	0x8a7f4d8931e237a2
2009	2009	144	abductive_world_object	entropy_source_object	colored_bisimulation_candidate	has_aspect	has_counterfactual;from_aspect	has_counterfactual;to_aspect	has_counterfactual;shared_in	witness_arena	1	positive_shift	#565214	1.376507	0x3892a05c5a919d28
2010	2010	144	abductive_world_object	propagator_cell_object	colored_bisimulation_candidate	has_aspect	has_counterfactual;from_aspect	has_counterfactual;to_aspect	has_counterfactual;shared_in	witness_arena	-1	negative_shift	#C6D057	1.448563	0xf4ec7be3518c112d
2011	2011	144	abductive_world_object	fuzz_soundness_object	colored_bisimulation_candidate	has_aspect	has_counterfactual;from_aspect	has_counterfactual;to_aspect	has_counterfactual;shared_in	witness_arena	1	positive_shift	#CAEEA0	1.600534	0xeecca904e21e7772
2012	2012	144	abductive_world_object	ternary_regression_object	colored_bisimulation_candidate	has_aspect	has_counterfactual;from_aspect	has_counterfactual;to_aspect	has_counterfactual;shared_in	witness_arena	-1	negative_shift	#0203CC	1.120163	0x0ffec1d4001553cc
2013	2013	144	abductive_world_object	nonriemannian_gate_object	colored_bisimulation_candidate	has_aspect	has_counterfactual;from_aspect	has_counterfactual;to_aspect	has_counterfactual;shared_in	witness_arena	0	same_trit_relabel	#D7A63E	0.737568	0xc6777c925680893e
2014	2014	144	abductive_world_object	exa_loop_object	colored_bisimulation_candidate	has_aspect	has_counterfactual;from_aspect	has_counterfactual;to_aspect	has_counterfactual;shared_in	witness_arena	1	positive_shift	#F5B0E8	0.821643	0xd0ac6c17ebdfc12d
2015	2015	144	abductive_world_object	aqua_hygiene_object	colored_bisimulation_candidate	has_aspect	has_counterfactual;from_aspect	has_counterfactual;to_aspect	has_counterfactual;shared_in	witness_arena	-1	negative_shift	#3FAD0A	0.703418	0x85f4615abc8a4ae6
2016	2016	144	abductive_world_object	scip_catcolab_object	colored_bisimulation_candidate	has_aspect	has_counterfactual;from_aspect	has_counterfactual;to_aspect	has_counterfactual;shared_in	witness_arena	0	same_trit_relabel	#F605B9	0.694306	0x89885b71efbe2277
2017	2017	145	fuzz_soundness_object	color_space_object	colored_bisimulation_candidate	has_aspect	has_counterfactual;from_aspect	has_counterfactual;to_aspect	has_counterfactual;shared_in	witness_arena	0	same_trit_relabel	#10C51C	0.525812	0x99e23a3512b35a19
2018	2018	145	fuzz_soundness_object	trit_tick_object	colored_bisimulation_candidate	has_aspect	has_counterfactual;from_aspect	has_counterfactual;to_aspect	has_counterfactual;shared_in	witness_arena	1	positive_shift	#DCB427	0.686383	0xd081dab6345f661f
2019	2019	145	fuzz_soundness_object	rng_determinism_object	colored_bisimulation_candidate	has_aspect	has_counterfactual;from_aspect	has_counterfactual;to_aspect	has_counterfactual;shared_in	witness_arena	-1	negative_shift	#0F4EDA	0.756754	0xcd798fe3335b1b5d
2020	2020	145	fuzz_soundness_object	parallel_invariance_object	colored_bisimulation_candidate	has_aspect	has_counterfactual;from_aspect	has_counterfactual;to_aspect	has_counterfactual;shared_in	witness_arena	0	same_trit_relabel	#5D2C9A	0.871559	0x1a3653f0f07a75a7
2021	2021	145	fuzz_soundness_object	palette_interface_object	colored_bisimulation_candidate	has_aspect	has_counterfactual;from_aspect	has_counterfactual;to_aspect	has_counterfactual;shared_in	witness_arena	1	positive_shift	#F971A9	1.281064	0x9301667b7dd82f73
2022	2022	145	fuzz_soundness_object	lisp_semantics_object	colored_bisimulation_candidate	has_aspect	has_counterfactual;from_aspect	has_counterfactual;to_aspect	has_counterfactual;shared_in	witness_arena	-1	negative_shift	#77114B	1.17363	0xad1ed3fbd32adf2b
2023	2023	145	fuzz_soundness_object	entropy_source_object	colored_bisimulation_candidate	has_aspect	has_counterfactual;from_aspect	has_counterfactual;to_aspect	has_counterfactual;shared_in	witness_arena	0	same_trit_relabel	#C9E325	0.781849	0x0a59576b115d607b
2024	2024	145	fuzz_soundness_object	propagator_cell_object	colored_bisimulation_candidate	has_aspect	has_counterfactual;from_aspect	has_counterfactual;to_aspect	has_counterfactual;shared_in	witness_arena	1	positive_shift	#6BDCD5	0.978595	0x02c9b4f78edfc6f3
2025	2025	145	fuzz_soundness_object	abductive_world_object	colored_bisimulation_candidate	has_aspect	has_counterfactual;from_aspect	has_counterfactual;to_aspect	has_counterfactual;shared_in	witness_arena	-1	negative_shift	#FCF4D2	1.011957	0x73ed575472d63ffc
2026	2026	145	fuzz_soundness_object	ternary_regression_object	colored_bisimulation_candidate	has_aspect	has_counterfactual;from_aspect	has_counterfactual;to_aspect	has_counterfactual;shared_in	witness_arena	1	positive_shift	#719F46	1.153185	0xe51a11a186003a01
2027	2027	145	fuzz_soundness_object	nonriemannian_gate_object	colored_bisimulation_candidate	has_aspect	has_counterfactual;from_aspect	has_counterfactual;to_aspect	has_counterfactual;shared_in	witness_arena	-1	negative_shift	#C82FA7	0.633993	0x62c899ff1b150100
2028	2028	145	fuzz_soundness_object	exa_loop_object	colored_bisimulation_candidate	has_aspect	has_counterfactual;from_aspect	has_counterfactual;to_aspect	has_counterfactual;shared_in	witness_arena	0	same_trit_relabel	#8EF59D	0.41637	0xad0f6723e359ce75
2029	2029	145	fuzz_soundness_object	aqua_hygiene_object	colored_bisimulation_candidate	has_aspect	has_counterfactual;from_aspect	has_counterfactual;to_aspect	has_counterfactual;shared_in	witness_arena	1	positive_shift	#A622FD	0.984361	0x0a80d642fad748b5
2030	2030	145	fuzz_soundness_object	scip_catcolab_object	colored_bisimulation_candidate	has_aspect	has_counterfactual;from_aspect	has_counterfactual;to_aspect	has_counterfactual;shared_in	witness_arena	-1	negative_shift	#528BB5	1.307778	0xdc50e8b4634fbc45
2031	2031	146	ternary_regression_object	color_space_object	colored_bisimulation_candidate	has_aspect	has_counterfactual;from_aspect	has_counterfactual;to_aspect	has_counterfactual;shared_in	witness_arena	-1	negative_shift	#C9356C	1.28022	0x86e70988b66e3002
2032	2032	146	ternary_regression_object	trit_tick_object	colored_bisimulation_candidate	has_aspect	has_counterfactual;from_aspect	has_counterfactual;to_aspect	has_counterfactual;shared_in	witness_arena	0	same_trit_relabel	#27E415	0.803242	0x27012b5b2bb15ffe
2033	2033	146	ternary_regression_object	rng_determinism_object	colored_bisimulation_candidate	has_aspect	has_counterfactual;from_aspect	has_counterfactual;to_aspect	has_counterfactual;shared_in	witness_arena	1	positive_shift	#2E26EF	1.16253	0x1aa5af32503ee41f
2034	2034	146	ternary_regression_object	parallel_invariance_object	colored_bisimulation_candidate	has_aspect	has_counterfactual;from_aspect	has_counterfactual;to_aspect	has_counterfactual;shared_in	witness_arena	-1	negative_shift	#41BEE8	0.902177	0x6dab8c491b4b4e42
2035	2035	146	ternary_regression_object	palette_interface_object	colored_bisimulation_candidate	has_aspect	has_counterfactual;from_aspect	has_counterfactual;to_aspect	has_counterfactual;shared_in	witness_arena	0	same_trit_relabel	#FDC8D7	0.409086	0x8ad3f730e06b16fd
2036	2036	146	ternary_regression_object	lisp_semantics_object	colored_bisimulation_candidate	has_aspect	has_counterfactual;from_aspect	has_counterfactual;to_aspect	has_counterfactual;shared_in	witness_arena	1	positive_shift	#5834EF	0.448936	0x945df5fbfe6d6593
2037	2037	146	ternary_regression_object	entropy_source_object	colored_bisimulation_candidate	has_aspect	has_counterfactual;from_aspect	has_counterfactual;to_aspect	has_counterfactual;shared_in	witness_arena	-1	negative_shift	#0C1C73	0.685795	0x6c50f0f39c698ddc
2038	2038	146	ternary_regression_object	propagator_cell_object	colored_bisimulation_candidate	has_aspect	has_counterfactual;from_aspect	has_counterfactual;to_aspect	has_counterfactual;shared_in	witness_arena	0	same_trit_relabel	#98B73D	0.555383	0x09a1f23490975d90
2039	2039	146	ternary_regression_object	abductive_world_object	colored_bisimulation_candidate	has_aspect	has_counterfactual;from_aspect	has_counterfactual;to_aspect	has_counterfactual;shared_in	witness_arena	1	positive_shift	#8E5DF3	1.196658	0xcd871b47368417b4
2040	2040	146	ternary_regression_object	fuzz_soundness_object	colored_bisimulation_candidate	has_aspect	has_counterfactual;from_aspect	has_counterfactual;to_aspect	has_counterfactual;shared_in	witness_arena	-1	negative_shift	#9634F3	0.824611	0x38ccbdfa4448a6a9
2041	2041	146	ternary_regression_object	nonriemannian_gate_object	colored_bisimulation_candidate	has_aspect	has_counterfactual;from_aspect	has_counterfactual;to_aspect	has_counterfactual;shared_in	witness_arena	1	positive_shift	#C8650C	0.99858	0x318b22ca521d1b48
2042	2042	146	ternary_regression_object	exa_loop_object	colored_bisimulation_candidate	has_aspect	has_counterfactual;from_aspect	has_counterfactual;to_aspect	has_counterfactual;shared_in	witness_arena	-1	negative_shift	#F0F58D	0.983155	0x5c7b08d5cd7e01f0
2043	2043	146	ternary_regression_object	aqua_hygiene_object	colored_bisimulation_candidate	has_aspect	has_counterfactual;from_aspect	has_counterfactual;to_aspect	has_counterfactual;shared_in	witness_arena	0	same_trit_relabel	#6EDC05	0.677183	0x491515ebe662be3a
2044	2044	146	ternary_regression_object	scip_catcolab_object	colored_bisimulation_candidate	has_aspect	has_counterfactual;from_aspect	has_counterfactual;to_aspect	has_counterfactual;shared_in	witness_arena	1	positive_shift	#8EEEA0	0.959054	0xb001b62207bfb086
2045	2045	147	nonriemannian_gate_object	color_space_object	colored_bisimulation_candidate	has_aspect	has_counterfactual;from_aspect	has_counterfactual;to_aspect	has_counterfactual;shared_in	witness_arena	1	positive_shift	#592E0E	0.83716	0xe5c0eea24cd64071
2046	2046	147	nonriemannian_gate_object	trit_tick_object	colored_bisimulation_candidate	has_aspect	has_counterfactual;from_aspect	has_counterfactual;to_aspect	has_counterfactual;shared_in	witness_arena	-1	negative_shift	#19E22A	0.624297	0xabf667c3c7989198
2047	2047	147	nonriemannian_gate_object	rng_determinism_object	colored_bisimulation_candidate	has_aspect	has_counterfactual;from_aspect	has_counterfactual;to_aspect	has_counterfactual;shared_in	witness_arena	0	same_trit_relabel	#D65C7F	0.51374	0x023f1a6ad1352d7a
2048	2048	147	nonriemannian_gate_object	parallel_invariance_object	colored_bisimulation_candidate	has_aspect	has_counterfactual;from_aspect	has_counterfactual;to_aspect	has_counterfactual;shared_in	witness_arena	1	positive_shift	#DD9FE1	1.144198	0x15a96e3b4e5e7cb5
2049	2049	147	nonriemannian_gate_object	palette_interface_object	colored_bisimulation_candidate	has_aspect	has_counterfactual;from_aspect	has_counterfactual;to_aspect	has_counterfactual;shared_in	witness_arena	-1	negative_shift	#792472	0.800461	0xa95063f58087bc02
2050	2050	147	nonriemannian_gate_object	lisp_semantics_object	colored_bisimulation_candidate	has_aspect	has_counterfactual;from_aspect	has_counterfactual;to_aspect	has_counterfactual;shared_in	witness_arena	0	same_trit_relabel	#8E12ED	0.426316	0x82d47b6f7343fff5
2051	2051	147	nonriemannian_gate_object	entropy_source_object	colored_bisimulation_candidate	has_aspect	has_counterfactual;from_aspect	has_counterfactual;to_aspect	has_counterfactual;shared_in	witness_arena	1	positive_shift	#81F3F8	0.956813	0x174c8c0fd193dd5d
2052	2052	147	nonriemannian_gate_object	propagator_cell_object	colored_bisimulation_candidate	has_aspect	has_counterfactual;from_aspect	has_counterfactual;to_aspect	has_counterfactual;shared_in	witness_arena	-1	negative_shift	#743374	0.860897	0x35ffad78971951a8
2053	2053	147	nonriemannian_gate_object	abductive_world_object	colored_bisimulation_candidate	has_aspect	has_counterfactual;from_aspect	has_counterfactual;to_aspect	has_counterfactual;shared_in	witness_arena	0	same_trit_relabel	#816ADE	0.661363	0xf4f300c00ae84662
2054	2054	147	nonriemannian_gate_object	fuzz_soundness_object	colored_bisimulation_candidate	has_aspect	has_counterfactual;from_aspect	has_counterfactual;to_aspect	has_counterfactual;shared_in	witness_arena	1	positive_shift	#C30C1C	0.999735	0xf9a8003c6f418c47
2055	2055	147	nonriemannian_gate_object	ternary_regression_object	colored_bisimulation_candidate	has_aspect	has_counterfactual;from_aspect	has_counterfactual;to_aspect	has_counterfactual;shared_in	witness_arena	-1	negative_shift	#829F08	0.67921	0x901b731fe979ffd6
2056	2056	147	nonriemannian_gate_object	exa_loop_object	colored_bisimulation_candidate	has_aspect	has_counterfactual;from_aspect	has_counterfactual;to_aspect	has_counterfactual;shared_in	witness_arena	1	positive_shift	#131016	0.542651	0xf62cc329fb89b1d6
2057	2057	147	nonriemannian_gate_object	aqua_hygiene_object	colored_bisimulation_candidate	has_aspect	has_counterfactual;from_aspect	has_counterfactual;to_aspect	has_counterfactual;shared_in	witness_arena	-1	negative_shift	#DC67A7	0.683914	0x3440abfd573a922c
2058	2058	147	nonriemannian_gate_object	scip_catcolab_object	colored_bisimulation_candidate	has_aspect	has_counterfactual;from_aspect	has_counterfactual;to_aspect	has_counterfactual;shared_in	witness_arena	0	same_trit_relabel	#152F3C	0.662548	0xad860134fe445af5
2059	2059	148	exa_loop_object	color_space_object	colored_bisimulation_candidate	has_aspect	has_counterfactual;from_aspect	has_counterfactual;to_aspect	has_counterfactual;shared_in	witness_arena	0	same_trit_relabel	#3B9246	0.589084	0x3d869f22febda25d
2060	2060	148	exa_loop_object	trit_tick_object	colored_bisimulation_candidate	has_aspect	has_counterfactual;from_aspect	has_counterfactual;to_aspect	has_counterfactual;shared_in	witness_arena	1	positive_shift	#A63984	1.009096	0x0c184bda5ee6b168
2061	2061	148	exa_loop_object	rng_determinism_object	colored_bisimulation_candidate	has_aspect	has_counterfactual;from_aspect	has_counterfactual;to_aspect	has_counterfactual;shared_in	witness_arena	-1	negative_shift	#3419C2	1.376566	0xa050c98c65afc196
2062	2062	148	exa_loop_object	parallel_invariance_object	colored_bisimulation_candidate	has_aspect	has_counterfactual;from_aspect	has_counterfactual;to_aspect	has_counterfactual;shared_in	witness_arena	0	same_trit_relabel	#6CBA71	0.839665	0x178b117d76620950
2063	2063	148	exa_loop_object	palette_interface_object	colored_bisimulation_candidate	has_aspect	has_counterfactual;from_aspect	has_counterfactual;to_aspect	has_counterfactual;shared_in	witness_arena	1	positive_shift	#A3AFBB	0.615523	0x91d95c502a69def5
2064	2064	148	exa_loop_object	lisp_semantics_object	colored_bisimulation_candidate	has_aspect	has_counterfactual;from_aspect	has_counterfactual;to_aspect	has_counterfactual;shared_in	witness_arena	-1	negative_shift	#6FE2F8	0.924581	0x489e5f3a38033268
2065	2065	148	exa_loop_object	entropy_source_object	colored_bisimulation_candidate	has_aspect	has_counterfactual;from_aspect	has_counterfactual;to_aspect	has_counterfactual;shared_in	witness_arena	0	same_trit_relabel	#22ABA8	0.75243	0x355aff550541a401
2066	2066	148	exa_loop_object	propagator_cell_object	colored_bisimulation_candidate	has_aspect	has_counterfactual;from_aspect	has_counterfactual;to_aspect	has_counterfactual;shared_in	witness_arena	1	positive_shift	#6FD841	1.316866	0xf24e02b801c68916
2067	2067	148	exa_loop_object	abductive_world_object	colored_bisimulation_candidate	has_aspect	has_counterfactual;from_aspect	has_counterfactual;to_aspect	has_counterfactual;shared_in	witness_arena	-1	negative_shift	#810B1F	0.8515	0xfd62cf6d2afd7661
2068	2068	148	exa_loop_object	fuzz_soundness_object	colored_bisimulation_candidate	has_aspect	has_counterfactual;from_aspect	has_counterfactual;to_aspect	has_counterfactual;shared_in	witness_arena	0	same_trit_relabel	#75D671	1.043329	0x7df1e6f15b2c46a7
2069	2069	148	exa_loop_object	ternary_regression_object	colored_bisimulation_candidate	has_aspect	has_counterfactual;from_aspect	has_counterfactual;to_aspect	has_counterfactual;shared_in	witness_arena	1	positive_shift	#C71302	1.013949	0x4f2bb40630cf1d60
2070	2070	148	exa_loop_object	nonriemannian_gate_object	colored_bisimulation_candidate	has_aspect	has_counterfactual;from_aspect	has_counterfactual;to_aspect	has_counterfactual;shared_in	witness_arena	-1	negative_shift	#13A67C	1.108545	0x260de19983c0c1f8
2071	2071	148	exa_loop_object	aqua_hygiene_object	colored_bisimulation_candidate	has_aspect	has_counterfactual;from_aspect	has_counterfactual;to_aspect	has_counterfactual;shared_in	witness_arena	1	positive_shift	#ACB87E	0.628391	0xc354efe3883afa29
2072	2072	148	exa_loop_object	scip_catcolab_object	colored_bisimulation_candidate	has_aspect	has_counterfactual;from_aspect	has_counterfactual;to_aspect	has_counterfactual;shared_in	witness_arena	-1	negative_shift	#BA3126	0.562971	0x9defba046363e67a
2073	2073	149	aqua_hygiene_object	color_space_object	colored_bisimulation_candidate	has_aspect	has_counterfactual;from_aspect	has_counterfactual;to_aspect	has_counterfactual;shared_in	witness_arena	-1	negative_shift	#6F2716	1.394348	0xef57c5244bd5ff1c
2074	2074	149	aqua_hygiene_object	trit_tick_object	colored_bisimulation_candidate	has_aspect	has_counterfactual;from_aspect	has_counterfactual;to_aspect	has_counterfactual;shared_in	witness_arena	0	same_trit_relabel	#6B56F0	0.967611	0xd13ccf96d0bf63b0
2075	2075	149	aqua_hygiene_object	rng_determinism_object	colored_bisimulation_candidate	has_aspect	has_counterfactual;from_aspect	has_counterfactual;to_aspect	has_counterfactual;shared_in	witness_arena	1	positive_shift	#8BCA81	1.287025	0x89b559d3c85844f2
2076	2076	149	aqua_hygiene_object	parallel_invariance_object	colored_bisimulation_candidate	has_aspect	has_counterfactual;from_aspect	has_counterfactual;to_aspect	has_counterfactual;shared_in	witness_arena	-1	negative_shift	#28DBE5	0.472203	0x611e2201abf9df9b
2077	2077	149	aqua_hygiene_object	palette_interface_object	colored_bisimulation_candidate	has_aspect	has_counterfactual;from_aspect	has_counterfactual;to_aspect	has_counterfactual;shared_in	witness_arena	0	same_trit_relabel	#762433	0.780392	0x1025da9b6a7afe51
2078	2078	149	aqua_hygiene_object	lisp_semantics_object	colored_bisimulation_candidate	has_aspect	has_counterfactual;from_aspect	has_counterfactual;to_aspect	has_counterfactual;shared_in	witness_arena	1	positive_shift	#D7415D	0.894406	0x6550cb5aebe75bd7
2079	2079	149	aqua_hygiene_object	entropy_source_object	colored_bisimulation_candidate	has_aspect	has_counterfactual;from_aspect	has_counterfactual;to_aspect	has_counterfactual;shared_in	witness_arena	-1	negative_shift	#AC025B	0.529921	0xceeb16833304227c
2080	2080	149	aqua_hygiene_object	propagator_cell_object	colored_bisimulation_candidate	has_aspect	has_counterfactual;from_aspect	has_counterfactual;to_aspect	has_counterfactual;shared_in	witness_arena	0	same_trit_relabel	#3429B0	0.696429	0xd390d8fd701526bf
2081	2081	149	aqua_hygiene_object	abductive_world_object	colored_bisimulation_candidate	has_aspect	has_counterfactual;from_aspect	has_counterfactual;to_aspect	has_counterfactual;shared_in	witness_arena	1	positive_shift	#E091B9	1.157553	0x8cb40a1a17e2a8af
2082	2082	149	aqua_hygiene_object	fuzz_soundness_object	colored_bisimulation_candidate	has_aspect	has_counterfactual;from_aspect	has_counterfactual;to_aspect	has_counterfactual;shared_in	witness_arena	-1	negative_shift	#3E7390	0.964755	0xa117f4f8cd454d3c
2083	2083	149	aqua_hygiene_object	ternary_regression_object	colored_bisimulation_candidate	has_aspect	has_counterfactual;from_aspect	has_counterfactual;to_aspect	has_counterfactual;shared_in	witness_arena	0	same_trit_relabel	#B227FF	1.095312	0x6f682e181170f7a9
2084	2084	149	aqua_hygiene_object	nonriemannian_gate_object	colored_bisimulation_candidate	has_aspect	has_counterfactual;from_aspect	has_counterfactual;to_aspect	has_counterfactual;shared_in	witness_arena	1	positive_shift	#76B60C	1.119742	0x7a0df7b962cac46b
2085	2085	149	aqua_hygiene_object	exa_loop_object	colored_bisimulation_candidate	has_aspect	has_counterfactual;from_aspect	has_counterfactual;to_aspect	has_counterfactual;shared_in	witness_arena	-1	negative_shift	#EB0E8A	1.140996	0x766b61f85d76e8cd
2086	2086	149	aqua_hygiene_object	scip_catcolab_object	colored_bisimulation_candidate	has_aspect	has_counterfactual;from_aspect	has_counterfactual;to_aspect	has_counterfactual;shared_in	witness_arena	1	positive_shift	#E4C606	1.085866	0x160ede712e51b04a
2087	2087	150	scip_catcolab_object	color_space_object	colored_bisimulation_candidate	has_aspect	has_counterfactual;from_aspect	has_counterfactual;to_aspect	has_counterfactual;shared_in	witness_arena	1	positive_shift	#805B17	0.847373	0x674bdc659aef6130
2088	2088	150	scip_catcolab_object	trit_tick_object	colored_bisimulation_candidate	has_aspect	has_counterfactual;from_aspect	has_counterfactual;to_aspect	has_counterfactual;shared_in	witness_arena	-1	negative_shift	#9ACF0D	0.841884	0xf52aa98fad24b528
2089	2089	150	scip_catcolab_object	rng_determinism_object	colored_bisimulation_candidate	has_aspect	has_counterfactual;from_aspect	has_counterfactual;to_aspect	has_counterfactual;shared_in	witness_arena	0	same_trit_relabel	#4C82C1	0.80984	0x5e7bd78f3046027e
2090	2090	150	scip_catcolab_object	parallel_invariance_object	colored_bisimulation_candidate	has_aspect	has_counterfactual;from_aspect	has_counterfactual;to_aspect	has_counterfactual;shared_in	witness_arena	1	positive_shift	#6C5EB5	0.962424	0xf0b76449f36ece9e
2091	2091	150	scip_catcolab_object	palette_interface_object	colored_bisimulation_candidate	has_aspect	has_counterfactual;from_aspect	has_counterfactual;to_aspect	has_counterfactual;shared_in	witness_arena	-1	negative_shift	#BBBC80	0.631708	0x2520e4a646410a39
2092	2092	150	scip_catcolab_object	lisp_semantics_object	colored_bisimulation_candidate	has_aspect	has_counterfactual;from_aspect	has_counterfactual;to_aspect	has_counterfactual;shared_in	witness_arena	0	same_trit_relabel	#43158E	0.414389	0x1bb100e66537a218
2093	2093	150	scip_catcolab_object	entropy_source_object	colored_bisimulation_candidate	has_aspect	has_counterfactual;from_aspect	has_counterfactual;to_aspect	has_counterfactual;shared_in	witness_arena	1	positive_shift	#7A4594	0.849865	0x38598152fdacd59e
2094	2094	150	scip_catcolab_object	propagator_cell_object	colored_bisimulation_candidate	has_aspect	has_counterfactual;from_aspect	has_counterfactual;to_aspect	has_counterfactual;shared_in	witness_arena	-1	negative_shift	#6CBC7F	1.070067	0xb74d89ae6b92d825
2095	2095	150	scip_catcolab_object	abductive_world_object	colored_bisimulation_candidate	has_aspect	has_counterfactual;from_aspect	has_counterfactual;to_aspect	has_counterfactual;shared_in	witness_arena	0	same_trit_relabel	#713197	0.431978	0x0450008bb927990a
2096	2096	150	scip_catcolab_object	fuzz_soundness_object	colored_bisimulation_candidate	has_aspect	has_counterfactual;from_aspect	has_counterfactual;to_aspect	has_counterfactual;shared_in	witness_arena	1	positive_shift	#C7661E	1.142631	0x5c00983c2ca8e425
2097	2097	150	scip_catcolab_object	ternary_regression_object	colored_bisimulation_candidate	has_aspect	has_counterfactual;from_aspect	has_counterfactual;to_aspect	has_counterfactual;shared_in	witness_arena	-1	negative_shift	#81D94B	0.947043	0x37b7f3a5597232c4
2098	2098	150	scip_catcolab_object	nonriemannian_gate_object	colored_bisimulation_candidate	has_aspect	has_counterfactual;from_aspect	has_counterfactual;to_aspect	has_counterfactual;shared_in	witness_arena	0	same_trit_relabel	#251337	0.535089	0xdb22895fbe17cbb7
2099	2099	150	scip_catcolab_object	exa_loop_object	colored_bisimulation_candidate	has_aspect	has_counterfactual;from_aspect	has_counterfactual;to_aspect	has_counterfactual;shared_in	witness_arena	1	positive_shift	#B49F07	0.659012	0x59dfd0908361d347
2100	2100	150	scip_catcolab_object	aqua_hygiene_object	colored_bisimulation_candidate	has_aspect	has_counterfactual;from_aspect	has_counterfactual;to_aspect	has_counterfactual;shared_in	witness_arena	-1	negative_shift	#29A4CE	0.558064	0x78d41217c4eceac3
2101	2101	151	color_space_object	trit_tick_object	colored_bisimulation_candidate	has_aspect	has_counterfactual;from_aspect	has_counterfactual;to_aspect	has_counterfactual;shared_in	witness_arena	1	positive_shift	#C1F340	0.833837	0x2a1337445f52c7d6
2102	2102	151	color_space_object	rng_determinism_object	colored_bisimulation_candidate	has_aspect	has_counterfactual;from_aspect	has_counterfactual;to_aspect	has_counterfactual;shared_in	witness_arena	-1	negative_shift	#1023AF	1.037165	0x2e3cc1adf40048f9
2103	2103	151	color_space_object	parallel_invariance_object	colored_bisimulation_candidate	has_aspect	has_counterfactual;from_aspect	has_counterfactual;to_aspect	has_counterfactual;shared_in	witness_arena	0	same_trit_relabel	#9E1F6A	0.847785	0x1a9c84bf4ba5ef1b
2104	2104	151	color_space_object	palette_interface_object	colored_bisimulation_candidate	has_aspect	has_counterfactual;from_aspect	has_counterfactual;to_aspect	has_counterfactual;shared_in	witness_arena	1	positive_shift	#AF01E8	0.62052	0xabf7981c90ef8d1c
2105	2105	151	color_space_object	lisp_semantics_object	colored_bisimulation_candidate	has_aspect	has_counterfactual;from_aspect	has_counterfactual;to_aspect	has_counterfactual;shared_in	witness_arena	-1	negative_shift	#EA3AF0	0.670725	0xaf2e312c71d642fd
2106	2106	151	color_space_object	entropy_source_object	colored_bisimulation_candidate	has_aspect	has_counterfactual;from_aspect	has_counterfactual;to_aspect	has_counterfactual;shared_in	witness_arena	0	same_trit_relabel	#52D0E2	0.648981	0xea191c034c7f960d
2107	2107	151	color_space_object	propagator_cell_object	colored_bisimulation_candidate	has_aspect	has_counterfactual;from_aspect	has_counterfactual;to_aspect	has_counterfactual;shared_in	witness_arena	1	positive_shift	#8F99AB	0.962229	0x4e011c453482c1fd
2108	2108	151	color_space_object	abductive_world_object	colored_bisimulation_candidate	has_aspect	has_counterfactual;from_aspect	has_counterfactual;to_aspect	has_counterfactual;shared_in	witness_arena	-1	negative_shift	#1A9A99	1.078328	0xc5c4e7743ca43c76
2109	2109	151	color_space_object	fuzz_soundness_object	colored_bisimulation_candidate	has_aspect	has_counterfactual;from_aspect	has_counterfactual;to_aspect	has_counterfactual;shared_in	witness_arena	0	same_trit_relabel	#9795E1	0.705327	0x7cbfe80aa236fdba
2110	2110	151	color_space_object	ternary_regression_object	colored_bisimulation_candidate	has_aspect	has_counterfactual;from_aspect	has_counterfactual;to_aspect	has_counterfactual;shared_in	witness_arena	1	positive_shift	#227934	0.632737	0x72d05aed293c3dca
2111	2111	151	color_space_object	nonriemannian_gate_object	colored_bisimulation_candidate	has_aspect	has_counterfactual;from_aspect	has_counterfactual;to_aspect	has_counterfactual;shared_in	witness_arena	-1	negative_shift	#DB98B4	0.842383	0x83f85b1b727f05f3
2112	2112	151	color_space_object	exa_loop_object	colored_bisimulation_candidate	has_aspect	has_counterfactual;from_aspect	has_counterfactual;to_aspect	has_counterfactual;shared_in	witness_arena	0	same_trit_relabel	#EFDB91	0.395457	0x0a661777fc05cd16
2113	2113	151	color_space_object	aqua_hygiene_object	colored_bisimulation_candidate	has_aspect	has_counterfactual;from_aspect	has_counterfactual;to_aspect	has_counterfactual;shared_in	witness_arena	1	positive_shift	#BC6A80	0.725451	0x15afa6c08f5efe59
2114	2114	151	color_space_object	scip_catcolab_object	colored_bisimulation_candidate	has_aspect	has_counterfactual;from_aspect	has_counterfactual;to_aspect	has_counterfactual;shared_in	witness_arena	-1	negative_shift	#364895	0.921647	0x716084c89ebefb8b
2115	2115	152	trit_tick_object	color_space_object	colored_bisimulation_candidate	has_aspect	has_counterfactual;from_aspect	has_counterfactual;to_aspect	has_counterfactual;shared_in	witness_arena	-1	negative_shift	#49DC74	1.384767	0x527d020ab1759fea
2116	2116	152	trit_tick_object	rng_determinism_object	colored_bisimulation_candidate	has_aspect	has_counterfactual;from_aspect	has_counterfactual;to_aspect	has_counterfactual;shared_in	witness_arena	1	positive_shift	#342D9D	0.783204	0x5ca7b8202579c36a
2117	2117	152	trit_tick_object	parallel_invariance_object	colored_bisimulation_candidate	has_aspect	has_counterfactual;from_aspect	has_counterfactual;to_aspect	has_counterfactual;shared_in	witness_arena	-1	negative_shift	#694CC1	1.112651	0xc4f39536f312b65b
2118	2118	152	trit_tick_object	palette_interface_object	colored_bisimulation_candidate	has_aspect	has_counterfactual;from_aspect	has_counterfactual;to_aspect	has_counterfactual;shared_in	witness_arena	0	same_trit_relabel	#22E1E1	0.878738	0xf30aae703fd4b14f
2119	2119	152	trit_tick_object	lisp_semantics_object	colored_bisimulation_candidate	has_aspect	has_counterfactual;from_aspect	has_counterfactual;to_aspect	has_counterfactual;shared_in	witness_arena	1	positive_shift	#48F9FE	0.879291	0x68ba0d69399f7a08
2120	2120	152	trit_tick_object	entropy_source_object	colored_bisimulation_candidate	has_aspect	has_counterfactual;from_aspect	has_counterfactual;to_aspect	has_counterfactual;shared_in	witness_arena	-1	negative_shift	#012552	0.899603	0x233df611a8d273fa
2121	2121	152	trit_tick_object	propagator_cell_object	colored_bisimulation_candidate	has_aspect	has_counterfactual;from_aspect	has_counterfactual;to_aspect	has_counterfactual;shared_in	witness_arena	0	same_trit_relabel	#951465	0.106245	0xe8e16942b04b4a2e
2122	2122	152	trit_tick_object	abductive_world_object	colored_bisimulation_candidate	has_aspect	has_counterfactual;from_aspect	has_counterfactual;to_aspect	has_counterfactual;shared_in	witness_arena	1	positive_shift	#6A7616	1.427823	0xfebe0a77ab534343
2123	2123	152	trit_tick_object	fuzz_soundness_object	colored_bisimulation_candidate	has_aspect	has_counterfactual;from_aspect	has_counterfactual;to_aspect	has_counterfactual;shared_in	witness_arena	-1	negative_shift	#C32E6A	0.481369	0x172b48c7632dcb08
2124	2124	152	trit_tick_object	ternary_regression_object	colored_bisimulation_candidate	has_aspect	has_counterfactual;from_aspect	has_counterfactual;to_aspect	has_counterfactual;shared_in	witness_arena	0	same_trit_relabel	#08B4F0	0.778182	0x86f357a310e88dc3
2125	2125	152	trit_tick_object	nonriemannian_gate_object	colored_bisimulation_candidate	has_aspect	has_counterfactual;from_aspect	has_counterfactual;to_aspect	has_counterfactual;shared_in	witness_arena	1	positive_shift	#93CEE7	0.847194	0x5a89533424b16a25
2126	2126	152	trit_tick_object	exa_loop_object	colored_bisimulation_candidate	has_aspect	has_counterfactual;from_aspect	has_counterfactual;to_aspect	has_counterfactual;shared_in	witness_arena	-1	negative_shift	#46FA64	1.064104	0xae99e32db8b4db43
2127	2127	152	trit_tick_object	aqua_hygiene_object	colored_bisimulation_candidate	has_aspect	has_counterfactual;from_aspect	has_counterfactual;to_aspect	has_counterfactual;shared_in	witness_arena	0	same_trit_relabel	#5292A8	0.929255	0xee9f2a2c8e0baa5c
2128	2128	152	trit_tick_object	scip_catcolab_object	colored_bisimulation_candidate	has_aspect	has_counterfactual;from_aspect	has_counterfactual;to_aspect	has_counterfactual;shared_in	witness_arena	1	positive_shift	#B6881A	1.418368	0x3840a499ee0179db
2129	2129	153	rng_determinism_object	color_space_object	colored_bisimulation_candidate	has_aspect	has_counterfactual;from_aspect	has_counterfactual;to_aspect	has_counterfactual;shared_in	witness_arena	1	positive_shift	#3188E4	1.222596	0xcb7416dcde730a98
2130	2130	153	rng_determinism_object	trit_tick_object	colored_bisimulation_candidate	has_aspect	has_counterfactual;from_aspect	has_counterfactual;to_aspect	has_counterfactual;shared_in	witness_arena	-1	negative_shift	#20BDE2	0.982445	0x412a0c9402c41ef9
2131	2131	153	rng_determinism_object	parallel_invariance_object	colored_bisimulation_candidate	has_aspect	has_counterfactual;from_aspect	has_counterfactual;to_aspect	has_counterfactual;shared_in	witness_arena	1	positive_shift	#DE0403	0.936962	0xa51465d9efb033ee
2132	2132	153	rng_determinism_object	palette_interface_object	colored_bisimulation_candidate	has_aspect	has_counterfactual;from_aspect	has_counterfactual;to_aspect	has_counterfactual;shared_in	witness_arena	-1	negative_shift	#4B744D	1.13266	0xec003dfd7c7dd2f2
2133	2133	153	rng_determinism_object	lisp_semantics_object	colored_bisimulation_candidate	has_aspect	has_counterfactual;from_aspect	has_counterfactual;to_aspect	has_counterfactual;shared_in	witness_arena	0	same_trit_relabel	#45F98F	0.497792	0xa65f7b9ed83a4817
2134	2134	153	rng_determinism_object	entropy_source_object	colored_bisimulation_candidate	has_aspect	has_counterfactual;from_aspect	has_counterfactual;to_aspect	has_counterfactual;shared_in	witness_arena	1	positive_shift	#EA01C8	0.748316	0x99700f4aeaf3f19b
2135	2135	153	rng_determinism_object	propagator_cell_object	colored_bisimulation_candidate	has_aspect	has_counterfactual;from_aspect	has_counterfactual;to_aspect	has_counterfactual;shared_in	witness_arena	-1	negative_shift	#6F9F50	0.514618	0x43c7a537ed41a3b4
2136	2136	153	rng_determinism_object	abductive_world_object	colored_bisimulation_candidate	has_aspect	has_counterfactual;from_aspect	has_counterfactual;to_aspect	has_counterfactual;shared_in	witness_arena	0	same_trit_relabel	#A6A1EA	0.890231	0x4ba9d5e0e8e2d595
2137	2137	153	rng_determinism_object	fuzz_soundness_object	colored_bisimulation_candidate	has_aspect	has_counterfactual;from_aspect	has_counterfactual;to_aspect	has_counterfactual;shared_in	witness_arena	1	positive_shift	#B54C1C	0.625378	0xfa8e7731a0c33374
2138	2138	153	rng_determinism_object	ternary_regression_object	colored_bisimulation_candidate	has_aspect	has_counterfactual;from_aspect	has_counterfactual;to_aspect	has_counterfactual;shared_in	witness_arena	-1	negative_shift	#433026	1.112295	0x9edcb59c8a9c2df9
2139	2139	153	rng_determinism_object	nonriemannian_gate_object	colored_bisimulation_candidate	has_aspect	has_counterfactual;from_aspect	has_counterfactual;to_aspect	has_counterfactual;shared_in	witness_arena	0	same_trit_relabel	#50CE8D	0.377796	0x03c98fb3bb8aa38b
2140	2140	153	rng_determinism_object	exa_loop_object	colored_bisimulation_candidate	has_aspect	has_counterfactual;from_aspect	has_counterfactual;to_aspect	has_counterfactual;shared_in	witness_arena	1	positive_shift	#B48778	0.912319	0xa13d569c9eabad57
2141	2141	153	rng_determinism_object	aqua_hygiene_object	colored_bisimulation_candidate	has_aspect	has_counterfactual;from_aspect	has_counterfactual;to_aspect	has_counterfactual;shared_in	witness_arena	-1	negative_shift	#E45FF5	1.116421	0x884ff5fc56a33437
2142	2142	153	rng_determinism_object	scip_catcolab_object	colored_bisimulation_candidate	has_aspect	has_counterfactual;from_aspect	has_counterfactual;to_aspect	has_counterfactual;shared_in	witness_arena	0	same_trit_relabel	#99D12B	0.936352	0x74d1aa91d5f6dbcf
2143	2143	154	parallel_invariance_object	color_space_object	colored_bisimulation_candidate	has_aspect	has_counterfactual;from_aspect	has_counterfactual;to_aspect	has_counterfactual;shared_in	witness_arena	0	same_trit_relabel	#3D5D37	0.850664	0xabfa5f20e525df8f
2144	2144	154	parallel_invariance_object	trit_tick_object	colored_bisimulation_candidate	has_aspect	has_counterfactual;from_aspect	has_counterfactual;to_aspect	has_counterfactual;shared_in	witness_arena	1	positive_shift	#E35A96	0.990439	0xb7eaa59b59928a8b
2145	2145	154	parallel_invariance_object	rng_determinism_object	colored_bisimulation_candidate	has_aspect	has_counterfactual;from_aspect	has_counterfactual;to_aspect	has_counterfactual;shared_in	witness_arena	-1	negative_shift	#1D28B1	1.0167	0xfdcae20c060184ee
2146	2146	154	parallel_invariance_object	palette_interface_object	colored_bisimulation_candidate	has_aspect	has_counterfactual;from_aspect	has_counterfactual;to_aspect	has_counterfactual;shared_in	witness_arena	1	positive_shift	#0DE3E1	0.726293	0xf33ccc085284b69e
2147	2147	154	parallel_invariance_object	lisp_semantics_object	colored_bisimulation_candidate	has_aspect	has_counterfactual;from_aspect	has_counterfactual;to_aspect	has_counterfactual;shared_in	witness_arena	-1	negative_shift	#159218	0.518438	0x34c6b6f3c9943ea7
2148	2148	154	parallel_invariance_object	entropy_source_object	colored_bisimulation_candidate	has_aspect	has_counterfactual;from_aspect	has_counterfactual;to_aspect	has_counterfactual;shared_in	witness_arena	0	same_trit_relabel	#F24574	0.549594	0xade28d7647fa94ee
2149	2149	154	parallel_invariance_object	propagator_cell_object	colored_bisimulation_candidate	has_aspect	has_counterfactual;from_aspect	has_counterfactual;to_aspect	has_counterfactual;shared_in	witness_arena	1	positive_shift	#B93A27	0.818626	0x4ea73823827575cb
2150	2150	154	parallel_invariance_object	abductive_world_object	colored_bisimulation_candidate	has_aspect	has_counterfactual;from_aspect	has_counterfactual;to_aspect	has_counterfactual;shared_in	witness_arena	-1	negative_shift	#87DAF0	1.231912	0xb6b97f012e7a4877
2151	2151	154	parallel_invariance_object	fuzz_soundness_object	colored_bisimulation_candidate	has_aspect	has_counterfactual;from_aspect	has_counterfactual;to_aspect	has_counterfactual;shared_in	witness_arena	0	same_trit_relabel	#8A24A7	0.49773	0x3f208589446baea9
2152	2152	154	parallel_invariance_object	ternary_regression_object	colored_bisimulation_candidate	has_aspect	has_counterfactual;from_aspect	has_counterfactual;to_aspect	has_counterfactual;shared_in	witness_arena	1	positive_shift	#4D3002	0.760856	0x9e32c33cce321894
2153	2153	154	parallel_invariance_object	nonriemannian_gate_object	colored_bisimulation_candidate	has_aspect	has_counterfactual;from_aspect	has_counterfactual;to_aspect	has_counterfactual;shared_in	witness_arena	-1	negative_shift	#3D5D37	0.884338	0x31e1f35a3adf1fb8
2154	2154	154	parallel_invariance_object	exa_loop_object	colored_bisimulation_candidate	has_aspect	has_counterfactual;from_aspect	has_counterfactual;to_aspect	has_counterfactual;shared_in	witness_arena	0	same_trit_relabel	#72918F	0.549761	0x30f22903e33f9c9e
2155	2155	154	parallel_invariance_object	aqua_hygiene_object	colored_bisimulation_candidate	has_aspect	has_counterfactual;from_aspect	has_counterfactual;to_aspect	has_counterfactual;shared_in	witness_arena	1	positive_shift	#D3B2B3	0.940176	0x3f3ad28e500c9a04
2156	2156	154	parallel_invariance_object	scip_catcolab_object	colored_bisimulation_candidate	has_aspect	has_counterfactual;from_aspect	has_counterfactual;to_aspect	has_counterfactual;shared_in	witness_arena	-1	negative_shift	#ABEAD4	1.044706	0xec866dbb8caa71a1
2157	2157	155	palette_interface_object	color_space_object	colored_bisimulation_candidate	has_aspect	has_counterfactual;from_aspect	has_counterfactual;to_aspect	has_counterfactual;shared_in	witness_arena	-1	negative_shift	#1F0065	1.10795	0x52d20664b2f7596c
2158	2158	155	palette_interface_object	trit_tick_object	colored_bisimulation_candidate	has_aspect	has_counterfactual;from_aspect	has_counterfactual;to_aspect	has_counterfactual;shared_in	witness_arena	0	same_trit_relabel	#B81FFE	0.606843	0x19efd435c672c830
2159	2159	155	palette_interface_object	rng_determinism_object	colored_bisimulation_candidate	has_aspect	has_counterfactual;from_aspect	has_counterfactual;to_aspect	has_counterfactual;shared_in	witness_arena	1	positive_shift	#75FE93	0.956986	0xecd4dae84bbdd58f
2160	2160	155	palette_interface_object	parallel_invariance_object	colored_bisimulation_candidate	has_aspect	has_counterfactual;from_aspect	has_counterfactual;to_aspect	has_counterfactual;shared_in	witness_arena	-1	negative_shift	#86A709	0.817119	0x3f7ad0dec7f35b11
2161	2161	155	palette_interface_object	lisp_semantics_object	colored_bisimulation_candidate	has_aspect	has_counterfactual;from_aspect	has_counterfactual;to_aspect	has_counterfactual;shared_in	witness_arena	1	positive_shift	#59BF96	0.539691	0xc10719e6c237982f
2162	2162	155	palette_interface_object	entropy_source_object	colored_bisimulation_candidate	has_aspect	has_counterfactual;from_aspect	has_counterfactual;to_aspect	has_counterfactual;shared_in	witness_arena	-1	negative_shift	#E78883	0.586267	0x9528102f336d2e78
2163	2163	155	palette_interface_object	propagator_cell_object	colored_bisimulation_candidate	has_aspect	has_counterfactual;from_aspect	has_counterfactual;to_aspect	has_counterfactual;shared_in	witness_arena	0	same_trit_relabel	#63C2F2	0.40186	0x7c3db58d7b6aa40c
2164	2164	155	palette_interface_object	abductive_world_object	colored_bisimulation_candidate	has_aspect	has_counterfactual;from_aspect	has_counterfactual;to_aspect	has_counterfactual;shared_in	witness_arena	1	positive_shift	#9E9C57	1.048619	0x07679d7e41f5235a
2165	2165	155	palette_interface_object	fuzz_soundness_object	colored_bisimulation_candidate	has_aspect	has_counterfactual;from_aspect	has_counterfactual;to_aspect	has_counterfactual;shared_in	witness_arena	-1	negative_shift	#AD51FB	0.760586	0xb713a614f91b530f
2166	2166	155	palette_interface_object	ternary_regression_object	colored_bisimulation_candidate	has_aspect	has_counterfactual;from_aspect	has_counterfactual;to_aspect	has_counterfactual;shared_in	witness_arena	0	same_trit_relabel	#0DD016	0.64949	0xf4609730e1878050
2167	2167	155	palette_interface_object	nonriemannian_gate_object	colored_bisimulation_candidate	has_aspect	has_counterfactual;from_aspect	has_counterfactual;to_aspect	has_counterfactual;shared_in	witness_arena	1	positive_shift	#E31A12	0.768839	0x86a8c29a6d5919be
2168	2168	155	palette_interface_object	exa_loop_object	colored_bisimulation_candidate	has_aspect	has_counterfactual;from_aspect	has_counterfactual;to_aspect	has_counterfactual;shared_in	witness_arena	-1	negative_shift	#2ACAFA	0.792843	0xf00bbfadc94800b2
2169	2169	155	palette_interface_object	aqua_hygiene_object	colored_bisimulation_candidate	has_aspect	has_counterfactual;from_aspect	has_counterfactual;to_aspect	has_counterfactual;shared_in	witness_arena	0	same_trit_relabel	#AB44AE	0.56352	0xae60c7e757df14c0
2170	2170	155	palette_interface_object	scip_catcolab_object	colored_bisimulation_candidate	has_aspect	has_counterfactual;from_aspect	has_counterfactual;to_aspect	has_counterfactual;shared_in	witness_arena	1	positive_shift	#CE8B7C	0.963292	0x0e12d47ceae87708
2171	2171	156	lisp_semantics_object	color_space_object	colored_bisimulation_candidate	has_aspect	has_counterfactual;from_aspect	has_counterfactual;to_aspect	has_counterfactual;shared_in	witness_arena	1	positive_shift	#BAF5A2	1.467114	0xe7abc7bc04feb7ed
2172	2172	156	lisp_semantics_object	trit_tick_object	colored_bisimulation_candidate	has_aspect	has_counterfactual;from_aspect	has_counterfactual;to_aspect	has_counterfactual;shared_in	witness_arena	-1	negative_shift	#2EDC24	1.183799	0x6d78c7766f0f693b
2173	2173	156	lisp_semantics_object	rng_determinism_object	colored_bisimulation_candidate	has_aspect	has_counterfactual;from_aspect	has_counterfactual;to_aspect	has_counterfactual;shared_in	witness_arena	0	same_trit_relabel	#93409B	0.484833	0xea6317c47fe8bc3e
2174	2174	156	lisp_semantics_object	parallel_invariance_object	colored_bisimulation_candidate	has_aspect	has_counterfactual;from_aspect	has_counterfactual;to_aspect	has_counterfactual;shared_in	witness_arena	1	positive_shift	#3B7D0F	1.200603	0x01ed13799020a1f1
2175	2175	156	lisp_semantics_object	palette_interface_object	colored_bisimulation_candidate	has_aspect	has_counterfactual;from_aspect	has_counterfactual;to_aspect	has_counterfactual;shared_in	witness_arena	-1	negative_shift	#045F7A	1.287508	0x923f8020c1e165fd
2176	2176	156	lisp_semantics_object	entropy_source_object	colored_bisimulation_candidate	has_aspect	has_counterfactual;from_aspect	has_counterfactual;to_aspect	has_counterfactual;shared_in	witness_arena	1	positive_shift	#25A6BD	0.989139	0x5ce81b55b716aeea
2177	2177	156	lisp_semantics_object	propagator_cell_object	colored_bisimulation_candidate	has_aspect	has_counterfactual;from_aspect	has_counterfactual;to_aspect	has_counterfactual;shared_in	witness_arena	-1	negative_shift	#00E17B	0.521691	0x9a3b288e52d6c68f
2178	2178	156	lisp_semantics_object	abductive_world_object	colored_bisimulation_candidate	has_aspect	has_counterfactual;from_aspect	has_counterfactual;to_aspect	has_counterfactual;shared_in	witness_arena	0	same_trit_relabel	#690048	1.191079	0x8dc9d52897a747a6
2179	2179	156	lisp_semantics_object	fuzz_soundness_object	colored_bisimulation_candidate	has_aspect	has_counterfactual;from_aspect	has_counterfactual;to_aspect	has_counterfactual;shared_in	witness_arena	1	positive_shift	#2885C3	0.518272	0x00f7fae66ab7856d
2180	2180	156	lisp_semantics_object	ternary_regression_object	colored_bisimulation_candidate	has_aspect	has_counterfactual;from_aspect	has_counterfactual;to_aspect	has_counterfactual;shared_in	witness_arena	-1	negative_shift	#BBEA8F	1.153776	0x644924a6a7f39577
2181	2181	156	lisp_semantics_object	nonriemannian_gate_object	colored_bisimulation_candidate	has_aspect	has_counterfactual;from_aspect	has_counterfactual;to_aspect	has_counterfactual;shared_in	witness_arena	0	same_trit_relabel	#0EA5C2	0.590414	0xf0fd032e9c64b14f
2182	2182	156	lisp_semantics_object	exa_loop_object	colored_bisimulation_candidate	has_aspect	has_counterfactual;from_aspect	has_counterfactual;to_aspect	has_counterfactual;shared_in	witness_arena	1	positive_shift	#F678FD	1.148793	0x5becd194dbca8146
2183	2183	156	lisp_semantics_object	aqua_hygiene_object	colored_bisimulation_candidate	has_aspect	has_counterfactual;from_aspect	has_counterfactual;to_aspect	has_counterfactual;shared_in	witness_arena	-1	negative_shift	#F9CA40	1.34902	0xbf356e93030efd4c
2184	2184	156	lisp_semantics_object	scip_catcolab_object	colored_bisimulation_candidate	has_aspect	has_counterfactual;from_aspect	has_counterfactual;to_aspect	has_counterfactual;shared_in	witness_arena	0	same_trit_relabel	#93093A	1.175771	0xa4a762a3c20cebbd
2185	2185	157	entropy_source_object	color_space_object	colored_bisimulation_candidate	has_aspect	has_counterfactual;from_aspect	has_counterfactual;to_aspect	has_counterfactual;shared_in	witness_arena	0	same_trit_relabel	#2D11BA	0.501654	0x88e66364142e2fbd
2186	2186	157	entropy_source_object	trit_tick_object	colored_bisimulation_candidate	has_aspect	has_counterfactual;from_aspect	has_counterfactual;to_aspect	has_counterfactual;shared_in	witness_arena	1	positive_shift	#0E8FF7	0.812904	0x061131f51f0260ae
2187	2187	157	entropy_source_object	rng_determinism_object	colored_bisimulation_candidate	has_aspect	has_counterfactual;from_aspect	has_counterfactual;to_aspect	has_counterfactual;shared_in	witness_arena	-1	negative_shift	#52B341	0.994464	0x81cbb0288c848d30
2188	2188	157	entropy_source_object	parallel_invariance_object	colored_bisimulation_candidate	has_aspect	has_counterfactual;from_aspect	has_counterfactual;to_aspect	has_counterfactual;shared_in	witness_arena	0	same_trit_relabel	#4ABDD7	0.730318	0xeb897989cfa83294
2189	2189	157	entropy_source_object	palette_interface_object	colored_bisimulation_candidate	has_aspect	has_counterfactual;from_aspect	has_counterfactual;to_aspect	has_counterfactual;shared_in	witness_arena	1	positive_shift	#EC0DD6	1.259363	0x91fd55ce521e2be3
2190	2190	157	entropy_source_object	lisp_semantics_object	colored_bisimulation_candidate	has_aspect	has_counterfactual;from_aspect	has_counterfactual;to_aspect	has_counterfactual;shared_in	witness_arena	-1	negative_shift	#D63DE0	1.191449	0x5b4758fcc50e4e77
2191	2191	157	entropy_source_object	propagator_cell_object	colored_bisimulation_candidate	has_aspect	has_counterfactual;from_aspect	has_counterfactual;to_aspect	has_counterfactual;shared_in	witness_arena	1	positive_shift	#934ED6	1.111901	0xd3583b65265220dc
2192	2192	157	entropy_source_object	abductive_world_object	colored_bisimulation_candidate	has_aspect	has_counterfactual;from_aspect	has_counterfactual;to_aspect	has_counterfactual;shared_in	witness_arena	-1	negative_shift	#73F2D2	0.814745	0x181ae9dbca1bf221
2193	2193	157	entropy_source_object	fuzz_soundness_object	colored_bisimulation_candidate	has_aspect	has_counterfactual;from_aspect	has_counterfactual;to_aspect	has_counterfactual;shared_in	witness_arena	0	same_trit_relabel	#3845AB	0.935958	0x5169351ae6ae1487
2194	2194	157	entropy_source_object	ternary_regression_object	colored_bisimulation_candidate	has_aspect	has_counterfactual;from_aspect	has_counterfactual;to_aspect	has_counterfactual;shared_in	witness_arena	1	positive_shift	#60A39A	1.289915	0x096d4a4aef5291cc
2195	2195	157	entropy_source_object	nonriemannian_gate_object	colored_bisimulation_candidate	has_aspect	has_counterfactual;from_aspect	has_counterfactual;to_aspect	has_counterfactual;shared_in	witness_arena	-1	negative_shift	#2F36B2	0.793947	0x9cb027f7ab489416
2196	2196	157	entropy_source_object	exa_loop_object	colored_bisimulation_candidate	has_aspect	has_counterfactual;from_aspect	has_counterfactual;to_aspect	has_counterfactual;shared_in	witness_arena	0	same_trit_relabel	#11E85F	0.451832	0xdb67bb08a9018912
2197	2197	157	entropy_source_object	aqua_hygiene_object	colored_bisimulation_candidate	has_aspect	has_counterfactual;from_aspect	has_counterfactual;to_aspect	has_counterfactual;shared_in	witness_arena	1	positive_shift	#C85BD6	0.944721	0x54b3d35f2889e1a6
2198	2198	157	entropy_source_object	scip_catcolab_object	colored_bisimulation_candidate	has_aspect	has_counterfactual;from_aspect	has_counterfactual;to_aspect	has_counterfactual;shared_in	witness_arena	-1	negative_shift	#F04630	1.181825	0x1b4a5c0cf456c31e
2199	2199	158	propagator_cell_object	color_space_object	colored_bisimulation_candidate	has_aspect	has_counterfactual;from_aspect	has_counterfactual;to_aspect	has_counterfactual;shared_in	witness_arena	-1	negative_shift	#D9C4A4	0.814857	0x6d9eebfecba4e126
2200	2200	158	propagator_cell_object	trit_tick_object	colored_bisimulation_candidate	has_aspect	has_counterfactual;from_aspect	has_counterfactual;to_aspect	has_counterfactual;shared_in	witness_arena	0	same_trit_relabel	#1CDCB6	0.425305	0xee77036b2b89a9dd
2201	2201	158	propagator_cell_object	rng_determinism_object	colored_bisimulation_candidate	has_aspect	has_counterfactual;from_aspect	has_counterfactual;to_aspect	has_counterfactual;shared_in	witness_arena	1	positive_shift	#3D380F	1.087285	0xe752fa52f3df9dcc
2202	2202	158	propagator_cell_object	parallel_invariance_object	colored_bisimulation_candidate	has_aspect	has_counterfactual;from_aspect	has_counterfactual;to_aspect	has_counterfactual;shared_in	witness_arena	-1	negative_shift	#14CB9A	1.159761	0xd2081a0d065ad5b4
2203	2203	158	propagator_cell_object	palette_interface_object	colored_bisimulation_candidate	has_aspect	has_counterfactual;from_aspect	has_counterfactual;to_aspect	has_counterfactual;shared_in	witness_arena	0	same_trit_relabel	#1A8B4C	0.291148	0xa18d4b3d9cfaaa8d
2204	2204	158	propagator_cell_object	lisp_semantics_object	colored_bisimulation_candidate	has_aspect	has_counterfactual;from_aspect	has_counterfactual;to_aspect	has_counterfactual;shared_in	witness_arena	1	positive_shift	#DD421D	0.779238	0x7785f90ae3055397
2205	2205	158	propagator_cell_object	entropy_source_object	colored_bisimulation_candidate	has_aspect	has_counterfactual;from_aspect	has_counterfactual;to_aspect	has_counterfactual;shared_in	witness_arena	-1	negative_shift	#5963B1	1.003497	0xda43002c522d06b6
2206	2206	158	propagator_cell_object	abductive_world_object	colored_bisimulation_candidate	has_aspect	has_counterfactual;from_aspect	has_counterfactual;to_aspect	has_counterfactual;shared_in	witness_arena	1	positive_shift	#4DD5E5	0.911243	0x6f02a9023077334e
2207	2207	158	propagator_cell_object	fuzz_soundness_object	colored_bisimulation_candidate	has_aspect	has_counterfactual;from_aspect	has_counterfactual;to_aspect	has_counterfactual;shared_in	witness_arena	-1	negative_shift	#1A3ADD	1.161425	0x785259ca8eddaa38
2208	2208	158	propagator_cell_object	ternary_regression_object	colored_bisimulation_candidate	has_aspect	has_counterfactual;from_aspect	has_counterfactual;to_aspect	has_counterfactual;shared_in	witness_arena	0	same_trit_relabel	#C3C4A0	0.406294	0xf0710cf70a15d606
2209	2209	158	propagator_cell_object	nonriemannian_gate_object	colored_bisimulation_candidate	has_aspect	has_counterfactual;from_aspect	has_counterfactual;to_aspect	has_counterfactual;shared_in	witness_arena	1	positive_shift	#85B059	0.842367	0x7b380979183f4a41
2210	2210	158	propagator_cell_object	exa_loop_object	colored_bisimulation_candidate	has_aspect	has_counterfactual;from_aspect	has_counterfactual;to_aspect	has_counterfactual;shared_in	witness_arena	-1	negative_shift	#4998E4	0.630391	0xbd294c1a963d7138
2211	2211	158	propagator_cell_object	aqua_hygiene_object	colored_bisimulation_candidate	has_aspect	has_counterfactual;from_aspect	has_counterfactual;to_aspect	has_counterfactual;shared_in	witness_arena	0	same_trit_relabel	#EF0ABE	0.205312	0xa6689b12c2810b43
2212	2212	158	propagator_cell_object	scip_catcolab_object	colored_bisimulation_candidate	has_aspect	has_counterfactual;from_aspect	has_counterfactual;to_aspect	has_counterfactual;shared_in	witness_arena	1	positive_shift	#E6DF49	0.804722	0xa8838df7c6a254c3
2213	2213	159	abductive_world_object	color_space_object	colored_bisimulation_candidate	has_aspect	has_counterfactual;from_aspect	has_counterfactual;to_aspect	has_counterfactual;shared_in	witness_arena	1	positive_shift	#C2A6A0	0.685598	0xd3823c3168bb25c0
2214	2214	159	abductive_world_object	trit_tick_object	colored_bisimulation_candidate	has_aspect	has_counterfactual;from_aspect	has_counterfactual;to_aspect	has_counterfactual;shared_in	witness_arena	-1	negative_shift	#C5ACC1	0.683694	0x9a31c9d52811ca1d
2215	2215	159	abductive_world_object	rng_determinism_object	colored_bisimulation_candidate	has_aspect	has_counterfactual;from_aspect	has_counterfactual;to_aspect	has_counterfactual;shared_in	witness_arena	0	same_trit_relabel	#CC8B1C	0.706699	0x3cdad87fbc6913eb
2216	2216	159	abductive_world_object	parallel_invariance_object	colored_bisimulation_candidate	has_aspect	has_counterfactual;from_aspect	has_counterfactual;to_aspect	has_counterfactual;shared_in	witness_arena	1	positive_shift	#33985D	1.01396	0xa4499fbafc7d05d6
2217	2217	159	abductive_world_object	palette_interface_object	colored_bisimulation_candidate	has_aspect	has_counterfactual;from_aspect	has_counterfactual;to_aspect	has_counterfactual;shared_in	witness_arena	-1	negative_shift	#8C3FA6	0.800049	0x5104df5d235b4f13
2218	2218	159	abductive_world_object	lisp_semantics_object	colored_bisimulation_candidate	has_aspect	has_counterfactual;from_aspect	has_counterfactual;to_aspect	has_counterfactual;shared_in	witness_arena	0	same_trit_relabel	#16B1C0	0.527549	0x6f2c0577d2ad60ac
2219	2219	159	abductive_world_object	entropy_source_object	colored_bisimulation_candidate	has_aspect	has_counterfactual;from_aspect	has_counterfactual;to_aspect	has_counterfactual;shared_in	witness_arena	1	positive_shift	#DB0309	0.912983	0x7bd3486e0773e45d
2220	2220	159	abductive_world_object	propagator_cell_object	colored_bisimulation_candidate	has_aspect	has_counterfactual;from_aspect	has_counterfactual;to_aspect	has_counterfactual;shared_in	witness_arena	-1	negative_shift	#2066EE	1.04849	0x07ce52a32f73eef1
2221	2221	159	abductive_world_object	fuzz_soundness_object	colored_bisimulation_candidate	has_aspect	has_counterfactual;from_aspect	has_counterfactual;to_aspect	has_counterfactual;shared_in	witness_arena	1	positive_shift	#6569C6	1.167015	0x2ea9e9b176608eb3
2222	2222	159	abductive_world_object	ternary_regression_object	colored_bisimulation_candidate	has_aspect	has_counterfactual;from_aspect	has_counterfactual;to_aspect	has_counterfactual;shared_in	witness_arena	-1	negative_shift	#DBAD16	0.946329	0xccb00af6f0ee73f1
2223	2223	159	abductive_world_object	nonriemannian_gate_object	colored_bisimulation_candidate	has_aspect	has_counterfactual;from_aspect	has_counterfactual;to_aspect	has_counterfactual;shared_in	witness_arena	0	same_trit_relabel	#045AD7	0.419461	0xd3a45fd29a35c34f
2224	2224	159	abductive_world_object	exa_loop_object	colored_bisimulation_candidate	has_aspect	has_counterfactual;from_aspect	has_counterfactual;to_aspect	has_counterfactual;shared_in	witness_arena	1	positive_shift	#F45932	0.505436	0x1c333436dfbd749b
2225	2225	159	abductive_world_object	aqua_hygiene_object	colored_bisimulation_candidate	has_aspect	has_counterfactual;from_aspect	has_counterfactual;to_aspect	has_counterfactual;shared_in	witness_arena	-1	negative_shift	#1E1BD8	0.502143	0x556777bb074f20c8
2226	2226	159	abductive_world_object	scip_catcolab_object	colored_bisimulation_candidate	has_aspect	has_counterfactual;from_aspect	has_counterfactual;to_aspect	has_counterfactual;shared_in	witness_arena	0	same_trit_relabel	#8DC802	0.456943	0x19c9f706f6f0e421
2227	2227	160	fuzz_soundness_object	color_space_object	colored_bisimulation_candidate	has_aspect	has_counterfactual;from_aspect	has_counterfactual;to_aspect	has_counterfactual;shared_in	witness_arena	0	same_trit_relabel	#6C491F	0.900681	0x8ba8a6f7e2cc656b
2228	2228	160	fuzz_soundness_object	trit_tick_object	colored_bisimulation_candidate	has_aspect	has_counterfactual;from_aspect	has_counterfactual;to_aspect	has_counterfactual;shared_in	witness_arena	1	positive_shift	#9E1109	1.258932	0x6bafd5164531a80a
2229	2229	160	fuzz_soundness_object	rng_determinism_object	colored_bisimulation_candidate	has_aspect	has_counterfactual;from_aspect	has_counterfactual;to_aspect	has_counterfactual;shared_in	witness_arena	-1	negative_shift	#B540EF	1.491319	0x3e613e0898a058c9
2230	2230	160	fuzz_soundness_object	parallel_invariance_object	colored_bisimulation_candidate	has_aspect	has_counterfactual;from_aspect	has_counterfactual;to_aspect	has_counterfactual;shared_in	witness_arena	0	same_trit_relabel	#3E116B	0.60664	0x9877b975c5e311b9
2231	2231	160	fuzz_soundness_object	palette_interface_object	colored_bisimulation_candidate	has_aspect	has_counterfactual;from_aspect	has_counterfactual;to_aspect	has_counterfactual;shared_in	witness_arena	1	positive_shift	#9CEF1C	0.698966	0x36c0f93500ef0d01
2232	2232	160	fuzz_soundness_object	lisp_semantics_object	colored_bisimulation_candidate	has_aspect	has_counterfactual;from_aspect	has_counterfactual;to_aspect	has_counterfactual;shared_in	witness_arena	-1	negative_shift	#B0CF94	0.847134	0xe54f3fb6422203f1
2233	2233	160	fuzz_soundness_object	entropy_source_object	colored_bisimulation_candidate	has_aspect	has_counterfactual;from_aspect	has_counterfactual;to_aspect	has_counterfactual;shared_in	witness_arena	0	same_trit_relabel	#6B8FFF	0.565427	0xef4cb03ce7a2fb1d
2234	2234	160	fuzz_soundness_object	propagator_cell_object	colored_bisimulation_candidate	has_aspect	has_counterfactual;from_aspect	has_counterfactual;to_aspect	has_counterfactual;shared_in	witness_arena	1	positive_shift	#0D1EFF	1.306688	0x24e02a8a29c31c57
2235	2235	160	fuzz_soundness_object	abductive_world_object	colored_bisimulation_candidate	has_aspect	has_counterfactual;from_aspect	has_counterfactual;to_aspect	has_counterfactual;shared_in	witness_arena	-1	negative_shift	#E9C1FB	1.004529	0x7fca08dda681cda1
2236	2236	160	fuzz_soundness_object	ternary_regression_object	colored_bisimulation_candidate	has_aspect	has_counterfactual;from_aspect	has_counterfactual;to_aspect	has_counterfactual;shared_in	witness_arena	1	positive_shift	#75F5AA	1.244851	0x2ddc1b5b3030106b
2237	2237	160	fuzz_soundness_object	nonriemannian_gate_object	colored_bisimulation_candidate	has_aspect	has_counterfactual;from_aspect	has_counterfactual;to_aspect	has_counterfactual;shared_in	witness_arena	-1	negative_shift	#26D11D	1.239564	0x33199ebf5e12437e
2238	2238	160	fuzz_soundness_object	exa_loop_object	colored_bisimulation_candidate	has_aspect	has_counterfactual;from_aspect	has_counterfactual;to_aspect	has_counterfactual;shared_in	witness_arena	0	same_trit_relabel	#F04826	0.740554	0x2c1b8b5af51980c2
2239	2239	160	fuzz_soundness_object	aqua_hygiene_object	colored_bisimulation_candidate	has_aspect	has_counterfactual;from_aspect	has_counterfactual;to_aspect	has_counterfactual;shared_in	witness_arena	1	positive_shift	#04F177	0.938527	0xf9747bba73c12047
2240	2240	160	fuzz_soundness_object	scip_catcolab_object	colored_bisimulation_candidate	has_aspect	has_counterfactual;from_aspect	has_counterfactual;to_aspect	has_counterfactual;shared_in	witness_arena	-1	negative_shift	#11B451	0.586995	0x3d0f871b53b6777c
2241	2241	161	ternary_regression_object	color_space_object	colored_bisimulation_candidate	has_aspect	has_counterfactual;from_aspect	has_counterfactual;to_aspect	has_counterfactual;shared_in	witness_arena	-1	negative_shift	#DD04CA	0.704559	0xc17a5892e6ba6788
2242	2242	161	ternary_regression_object	trit_tick_object	colored_bisimulation_candidate	has_aspect	has_counterfactual;from_aspect	has_counterfactual;to_aspect	has_counterfactual;shared_in	witness_arena	0	same_trit_relabel	#A11BBF	0.257931	0xd1b12a56025ac12a
2243	2243	161	ternary_regression_object	rng_determinism_object	colored_bisimulation_candidate	has_aspect	has_counterfactual;from_aspect	has_counterfactual;to_aspect	has_counterfactual;shared_in	witness_arena	1	positive_shift	#645BE8	0.858311	0x21c27e74a55ddb8d
2244	2244	161	ternary_regression_object	parallel_invariance_object	colored_bisimulation_candidate	has_aspect	has_counterfactual;from_aspect	has_counterfactual;to_aspect	has_counterfactual;shared_in	witness_arena	-1	negative_shift	#8FB9A8	1.073139	0xf89f35a0873d6226
2245	2245	161	ternary_regression_object	palette_interface_object	colored_bisimulation_candidate	has_aspect	has_counterfactual;from_aspect	has_counterfactual;to_aspect	has_counterfactual;shared_in	witness_arena	0	same_trit_relabel	#DDCAD4	0.742224	0xc75b7333aee65ab0
2246	2246	161	ternary_regression_object	lisp_semantics_object	colored_bisimulation_candidate	has_aspect	has_counterfactual;from_aspect	has_counterfactual;to_aspect	has_counterfactual;shared_in	witness_arena	1	positive_shift	#1DE346	1.021331	0x55f1d1964c31aad3
2247	2247	161	ternary_regression_object	entropy_source_object	colored_bisimulation_candidate	has_aspect	has_counterfactual;from_aspect	has_counterfactual;to_aspect	has_counterfactual;shared_in	witness_arena	-1	negative_shift	#70EF7E	0.984574	0x99b3ec02c86e0fa1
2248	2248	161	ternary_regression_object	propagator_cell_object	colored_bisimulation_candidate	has_aspect	has_counterfactual;from_aspect	has_counterfactual;to_aspect	has_counterfactual;shared_in	witness_arena	0	same_trit_relabel	#A21F08	0.645441	0xbd556b399bbc8837
2249	2249	161	ternary_regression_object	abductive_world_object	colored_bisimulation_candidate	has_aspect	has_counterfactual;from_aspect	has_counterfactual;to_aspect	has_counterfactual;shared_in	witness_arena	1	positive_shift	#52EA58	0.806317	0x68b6622a0db8f698
2250	2250	161	ternary_regression_object	fuzz_soundness_object	colored_bisimulation_candidate	has_aspect	has_counterfactual;from_aspect	has_counterfactual;to_aspect	has_counterfactual;shared_in	witness_arena	-1	negative_shift	#6C429C	1.14885	0x3805b1e8b7ad2ac1
2251	2251	161	ternary_regression_object	nonriemannian_gate_object	colored_bisimulation_candidate	has_aspect	has_counterfactual;from_aspect	has_counterfactual;to_aspect	has_counterfactual;shared_in	witness_arena	1	positive_shift	#35F3F8	0.603467	0x92210b0937a393cb
2252	2252	161	ternary_regression_object	exa_loop_object	colored_bisimulation_candidate	has_aspect	has_counterfactual;from_aspect	has_counterfactual;to_aspect	has_counterfactual;shared_in	witness_arena	-1	negative_shift	#487763	0.555655	0x732f53fc4f6ec22f
2253	2253	161	ternary_regression_object	aqua_hygiene_object	colored_bisimulation_candidate	has_aspect	has_counterfactual;from_aspect	has_counterfactual;to_aspect	has_counterfactual;shared_in	witness_arena	0	same_trit_relabel	#1EFDBD	0.431889	0xf2521323770544b0
2254	2254	161	ternary_regression_object	scip_catcolab_object	colored_bisimulation_candidate	has_aspect	has_counterfactual;from_aspect	has_counterfactual;to_aspect	has_counterfactual;shared_in	witness_arena	1	positive_shift	#17D0CD	1.075919	0xaf13e08fc2a561fe
2255	2255	162	nonriemannian_gate_object	color_space_object	colored_bisimulation_candidate	has_aspect	has_counterfactual;from_aspect	has_counterfactual;to_aspect	has_counterfactual;shared_in	witness_arena	1	positive_shift	#0F2AD5	0.93501	0x71c721691da9191a
2256	2256	162	nonriemannian_gate_object	trit_tick_object	colored_bisimulation_candidate	has_aspect	has_counterfactual;from_aspect	has_counterfactual;to_aspect	has_counterfactual;shared_in	witness_arena	-1	negative_shift	#DDF052	0.65526	0x1a73ea8c008cf820
2257	2257	162	nonriemannian_gate_object	rng_determinism_object	colored_bisimulation_candidate	has_aspect	has_counterfactual;from_aspect	has_counterfactual;to_aspect	has_counterfactual;shared_in	witness_arena	0	same_trit_relabel	#C12E37	0.419626	0x889af593071bbe0d
2258	2258	162	nonriemannian_gate_object	parallel_invariance_object	colored_bisimulation_candidate	has_aspect	has_counterfactual;from_aspect	has_counterfactual;to_aspect	has_counterfactual;shared_in	witness_arena	1	positive_shift	#A32957	1.328809	0xe3c0ae2993bba1e3
2259	2259	162	nonriemannian_gate_object	palette_interface_object	colored_bisimulation_candidate	has_aspect	has_counterfactual;from_aspect	has_counterfactual;to_aspect	has_counterfactual;shared_in	witness_arena	-1	negative_shift	#BD6ADF	0.977486	0x7388e965d8062983
2260	2260	162	nonriemannian_gate_object	lisp_semantics_object	colored_bisimulation_candidate	has_aspect	has_counterfactual;from_aspect	has_counterfactual;to_aspect	has_counterfactual;shared_in	witness_arena	0	same_trit_relabel	#1F4317	0.573756	0xd25694221abbb2c4
2261	2261	162	nonriemannian_gate_object	entropy_source_object	colored_bisimulation_candidate	has_aspect	has_counterfactual;from_aspect	has_counterfactual;to_aspect	has_counterfactual;shared_in	witness_arena	1	positive_shift	#7ECD07	1.125966	0xf20f13033bbeadad
2262	2262	162	nonriemannian_gate_object	propagator_cell_object	colored_bisimulation_candidate	has_aspect	has_counterfactual;from_aspect	has_counterfactual;to_aspect	has_counterfactual;shared_in	witness_arena	-1	negative_shift	#384ECE	0.861218	0xc572ed0587018237
2263	2263	162	nonriemannian_gate_object	abductive_world_object	colored_bisimulation_candidate	has_aspect	has_counterfactual;from_aspect	has_counterfactual;to_aspect	has_counterfactual;shared_in	witness_arena	0	same_trit_relabel	#7CA838	0.849325	0x6e2477f3256cbd44
2264	2264	162	nonriemannian_gate_object	fuzz_soundness_object	colored_bisimulation_candidate	has_aspect	has_counterfactual;from_aspect	has_counterfactual;to_aspect	has_counterfactual;shared_in	witness_arena	1	positive_shift	#4BC8C5	1.029243	0xd73a1c4465c10b73
2265	2265	162	nonriemannian_gate_object	ternary_regression_object	colored_bisimulation_candidate	has_aspect	has_counterfactual;from_aspect	has_counterfactual;to_aspect	has_counterfactual;shared_in	witness_arena	-1	negative_shift	#E96399	0.600375	0x838336b895382861
2266	2266	162	nonriemannian_gate_object	exa_loop_object	colored_bisimulation_candidate	has_aspect	has_counterfactual;from_aspect	has_counterfactual;to_aspect	has_counterfactual;shared_in	witness_arena	1	positive_shift	#8509A0	0.700602	0x00efa41c08455138
2267	2267	162	nonriemannian_gate_object	aqua_hygiene_object	colored_bisimulation_candidate	has_aspect	has_counterfactual;from_aspect	has_counterfactual;to_aspect	has_counterfactual;shared_in	witness_arena	-1	negative_shift	#A228AC	0.865541	0x02b3e78146d4ab11
2268	2268	162	nonriemannian_gate_object	scip_catcolab_object	colored_bisimulation_candidate	has_aspect	has_counterfactual;from_aspect	has_counterfactual;to_aspect	has_counterfactual;shared_in	witness_arena	0	same_trit_relabel	#7637E0	0.876661	0x2e7ca9032ee04d28
2269	2269	163	exa_loop_object	color_space_object	colored_bisimulation_candidate	has_aspect	has_counterfactual;from_aspect	has_counterfactual;to_aspect	has_counterfactual;shared_in	witness_arena	0	same_trit_relabel	#B5B0FF	0.635657	0x8978e210c42175e7
2270	2270	163	exa_loop_object	trit_tick_object	colored_bisimulation_candidate	has_aspect	has_counterfactual;from_aspect	has_counterfactual;to_aspect	has_counterfactual;shared_in	witness_arena	1	positive_shift	#C5DCEA	0.94792	0xb413abb85e903484
2271	2271	163	exa_loop_object	rng_determinism_object	colored_bisimulation_candidate	has_aspect	has_counterfactual;from_aspect	has_counterfactual;to_aspect	has_counterfactual;shared_in	witness_arena	-1	negative_shift	#070518	1.077502	0xb0a2935a32e5585f
2272	2272	163	exa_loop_object	parallel_invariance_object	colored_bisimulation_candidate	has_aspect	has_counterfactual;from_aspect	has_counterfactual;to_aspect	has_counterfactual;shared_in	witness_arena	0	same_trit_relabel	#6E83C2	0.537956	0x1a89b73d4e2d8fd3
2273	2273	163	exa_loop_object	palette_interface_object	colored_bisimulation_candidate	has_aspect	has_counterfactual;from_aspect	has_counterfactual;to_aspect	has_counterfactual;shared_in	witness_arena	1	positive_shift	#6EB400	1.225428	0x59194f6e5173ffac
2274	2274	163	exa_loop_object	lisp_semantics_object	colored_bisimulation_candidate	has_aspect	has_counterfactual;from_aspect	has_counterfactual;to_aspect	has_counterfactual;shared_in	witness_arena	-1	negative_shift	#17AC52	1.129035	0x1df35c8541f55cdf
2275	2275	163	exa_loop_object	entropy_source_object	colored_bisimulation_candidate	has_aspect	has_counterfactual;from_aspect	has_counterfactual;to_aspect	has_counterfactual;shared_in	witness_arena	0	same_trit_relabel	#66E497	0.570841	0xae533455ae22a31b
2276	2276	163	exa_loop_object	propagator_cell_object	colored_bisimulation_candidate	has_aspect	has_counterfactual;from_aspect	has_counterfactual;to_aspect	has_counterfactual;shared_in	witness_arena	1	positive_shift	#72D71E	1.094502	0xe313ec98ceeb18d1
2277	2277	163	exa_loop_object	abductive_world_object	colored_bisimulation_candidate	has_aspect	has_counterfactual;from_aspect	has_counterfactual;to_aspect	has_counterfactual;shared_in	witness_arena	-1	negative_shift	#0C6A21	0.803169	0xd596645ec81b37df
2278	2278	163	exa_loop_object	fuzz_soundness_object	colored_bisimulation_candidate	has_aspect	has_counterfactual;from_aspect	has_counterfactual;to_aspect	has_counterfactual;shared_in	witness_arena	0	same_trit_relabel	#46D37C	0.87588	0xde65f66ff073fca9
2279	2279	163	exa_loop_object	ternary_regression_object	colored_bisimulation_candidate	has_aspect	has_counterfactual;from_aspect	has_counterfactual;to_aspect	has_counterfactual;shared_in	witness_arena	1	positive_shift	#690B0E	1.358679	0x3029011479f56eab
2280	2280	163	exa_loop_object	nonriemannian_gate_object	colored_bisimulation_candidate	has_aspect	has_counterfactual;from_aspect	has_counterfactual;to_aspect	has_counterfactual;shared_in	witness_arena	-1	negative_shift	#67247E	0.867099	0xa3ebd822e617805d
2281	2281	163	exa_loop_object	aqua_hygiene_object	colored_bisimulation_candidate	has_aspect	has_counterfactual;from_aspect	has_counterfactual;to_aspect	has_counterfactual;shared_in	witness_arena	1	positive_shift	#868C1B	0.986813	0x4f9bac3a459e7006
2282	2282	163	exa_loop_object	scip_catcolab_object	colored_bisimulation_candidate	has_aspect	has_counterfactual;from_aspect	has_counterfactual;to_aspect	has_counterfactual;shared_in	witness_arena	-1	negative_shift	#35531B	1.115291	0x84bb9130c9871983
2283	2283	164	aqua_hygiene_object	color_space_object	colored_bisimulation_candidate	has_aspect	has_counterfactual;from_aspect	has_counterfactual;to_aspect	has_counterfactual;shared_in	witness_arena	-1	negative_shift	#24AB18	1.268033	0xeb1bf6cc4b22d49d
2284	2284	164	aqua_hygiene_object	trit_tick_object	colored_bisimulation_candidate	has_aspect	has_counterfactual;from_aspect	has_counterfactual;to_aspect	has_counterfactual;shared_in	witness_arena	0	same_trit_relabel	#8D6168	0.764666	0xbc7ac8983f8d2338
2285	2285	164	aqua_hygiene_object	rng_determinism_object	colored_bisimulation_candidate	has_aspect	has_counterfactual;from_aspect	has_counterfactual;to_aspect	has_counterfactual;shared_in	witness_arena	1	positive_shift	#794D19	1.149057	0x142d672aba813157
2286	2286	164	aqua_hygiene_object	parallel_invariance_object	colored_bisimulation_candidate	has_aspect	has_counterfactual;from_aspect	has_counterfactual;to_aspect	has_counterfactual;shared_in	witness_arena	-1	negative_shift	#52F3B5	1.207201	0xc70795e433ea7bfb
2287	2287	164	aqua_hygiene_object	palette_interface_object	colored_bisimulation_candidate	has_aspect	has_counterfactual;from_aspect	has_counterfactual;to_aspect	has_counterfactual;shared_in	witness_arena	0	same_trit_relabel	#07F33C	0.37292	0x90fa3fe4c4175e10
2288	2288	164	aqua_hygiene_object	lisp_semantics_object	colored_bisimulation_candidate	has_aspect	has_counterfactual;from_aspect	has_counterfactual;to_aspect	has_counterfactual;shared_in	witness_arena	1	positive_shift	#5327B9	0.596459	0x96224d6c2f3f4b1a
2289	2289	164	aqua_hygiene_object	entropy_source_object	colored_bisimulation_candidate	has_aspect	has_counterfactual;from_aspect	has_counterfactual;to_aspect	has_counterfactual;shared_in	witness_arena	-1	negative_shift	#26F060	0.981176	0x659abb081d71d645
2290	2290	164	aqua_hygiene_object	propagator_cell_object	colored_bisimulation_candidate	has_aspect	has_counterfactual;from_aspect	has_counterfactual;to_aspect	has_counterfactual;shared_in	witness_arena	0	same_trit_relabel	#C74D1B	0.616498	0x25254b3f23fcc9d1
2291	2291	164	aqua_hygiene_object	abductive_world_object	colored_bisimulation_candidate	has_aspect	has_counterfactual;from_aspect	has_counterfactual;to_aspect	has_counterfactual;shared_in	witness_arena	1	positive_shift	#850654	1.312611	0x52e64f3b649d953b
2292	2292	164	aqua_hygiene_object	fuzz_soundness_object	colored_bisimulation_candidate	has_aspect	has_counterfactual;from_aspect	has_counterfactual;to_aspect	has_counterfactual;shared_in	witness_arena	-1	negative_shift	#206BA6	0.935176	0x310f22a5d8dcca47
2293	2293	164	aqua_hygiene_object	ternary_regression_object	colored_bisimulation_candidate	has_aspect	has_counterfactual;from_aspect	has_counterfactual;to_aspect	has_counterfactual;shared_in	witness_arena	0	same_trit_relabel	#01655B	0.45023	0xcb0819b104be7b10
2294	2294	164	aqua_hygiene_object	nonriemannian_gate_object	colored_bisimulation_candidate	has_aspect	has_counterfactual;from_aspect	has_counterfactual;to_aspect	has_counterfactual;shared_in	witness_arena	1	positive_shift	#6D2965	1.021096	0xc9b90dfb84432712
2295	2295	164	aqua_hygiene_object	exa_loop_object	colored_bisimulation_candidate	has_aspect	has_counterfactual;from_aspect	has_counterfactual;to_aspect	has_counterfactual;shared_in	witness_arena	-1	negative_shift	#7B2B10	0.990813	0xa1b09a9fbd02db36
2296	2296	164	aqua_hygiene_object	scip_catcolab_object	colored_bisimulation_candidate	has_aspect	has_counterfactual;from_aspect	has_counterfactual;to_aspect	has_counterfactual;shared_in	witness_arena	1	positive_shift	#517F6F	1.061796	0x22e4dc2195f84bd1
2297	2297	165	scip_catcolab_object	color_space_object	colored_bisimulation_candidate	has_aspect	has_counterfactual;from_aspect	has_counterfactual;to_aspect	has_counterfactual;shared_in	witness_arena	1	positive_shift	#E6A35A	0.969909	0x914ea18ec23bc5a5
2298	2298	165	scip_catcolab_object	trit_tick_object	colored_bisimulation_candidate	has_aspect	has_counterfactual;from_aspect	has_counterfactual;to_aspect	has_counterfactual;shared_in	witness_arena	-1	negative_shift	#A1A3A6	1.059883	0x77b20a423be03611
2299	2299	165	scip_catcolab_object	rng_determinism_object	colored_bisimulation_candidate	has_aspect	has_counterfactual;from_aspect	has_counterfactual;to_aspect	has_counterfactual;shared_in	witness_arena	0	same_trit_relabel	#17B722	1.033346	0x1061a16d96643de8
2300	2300	165	scip_catcolab_object	parallel_invariance_object	colored_bisimulation_candidate	has_aspect	has_counterfactual;from_aspect	has_counterfactual;to_aspect	has_counterfactual;shared_in	witness_arena	1	positive_shift	#8AB63F	0.889837	0x503eff463cf4b810
2301	2301	165	scip_catcolab_object	palette_interface_object	colored_bisimulation_candidate	has_aspect	has_counterfactual;from_aspect	has_counterfactual;to_aspect	has_counterfactual;shared_in	witness_arena	-1	negative_shift	#964956	0.804395	0x8e817258b29a4010
2302	2302	165	scip_catcolab_object	lisp_semantics_object	colored_bisimulation_candidate	has_aspect	has_counterfactual;from_aspect	has_counterfactual;to_aspect	has_counterfactual;shared_in	witness_arena	0	same_trit_relabel	#6E1844	0.604253	0xdbd1756c881bb3f1
2303	2303	165	scip_catcolab_object	entropy_source_object	colored_bisimulation_candidate	has_aspect	has_counterfactual;from_aspect	has_counterfactual;to_aspect	has_counterfactual;shared_in	witness_arena	1	positive_shift	#8BC5D8	0.893843	0xe15ac3d1650e6453
2304	2304	165	scip_catcolab_object	propagator_cell_object	colored_bisimulation_candidate	has_aspect	has_counterfactual;from_aspect	has_counterfactual;to_aspect	has_counterfactual;shared_in	witness_arena	-1	negative_shift	#C877C3	1.273905	0x547c339cf7ad0cdc
2305	2305	165	scip_catcolab_object	abductive_world_object	colored_bisimulation_candidate	has_aspect	has_counterfactual;from_aspect	has_counterfactual;to_aspect	has_counterfactual;shared_in	witness_arena	0	same_trit_relabel	#4DBAE6	0.337483	0xab5204605616de94
2306	2306	165	scip_catcolab_object	fuzz_soundness_object	colored_bisimulation_candidate	has_aspect	has_counterfactual;from_aspect	has_counterfactual;to_aspect	has_counterfactual;shared_in	witness_arena	1	positive_shift	#2EA08C	1.319083	0x39f2809b2a756dcc
2307	2307	165	scip_catcolab_object	ternary_regression_object	colored_bisimulation_candidate	has_aspect	has_counterfactual;from_aspect	has_counterfactual;to_aspect	has_counterfactual;shared_in	witness_arena	-1	negative_shift	#7EF76C	1.227477	0x3d3840d9704a79d2
2308	2308	165	scip_catcolab_object	nonriemannian_gate_object	colored_bisimulation_candidate	has_aspect	has_counterfactual;from_aspect	has_counterfactual;to_aspect	has_counterfactual;shared_in	witness_arena	0	same_trit_relabel	#ECE9CA	0.751244	0x3aeba3a2485e9b5d
2309	2309	165	scip_catcolab_object	exa_loop_object	colored_bisimulation_candidate	has_aspect	has_counterfactual;from_aspect	has_counterfactual;to_aspect	has_counterfactual;shared_in	witness_arena	1	positive_shift	#2976EA	0.880403	0x180015da7c08c532
2310	2310	165	scip_catcolab_object	aqua_hygiene_object	colored_bisimulation_candidate	has_aspect	has_counterfactual;from_aspect	has_counterfactual;to_aspect	has_counterfactual;shared_in	witness_arena	-1	negative_shift	#9212AE	0.744631	0xe71e449eb0b3a53e
2311	2311	166	color_space_object	trit_tick_object	colored_bisimulation_candidate	has_aspect	has_counterfactual;from_aspect	has_counterfactual;to_aspect	has_counterfactual;shared_in	witness_arena	1	positive_shift	#6A6E56	0.684023	0x52be056b87034af2
2312	2312	166	color_space_object	rng_determinism_object	colored_bisimulation_candidate	has_aspect	has_counterfactual;from_aspect	has_counterfactual;to_aspect	has_counterfactual;shared_in	witness_arena	-1	negative_shift	#CA4B03	0.998961	0xe3a67fe584139a1d
2313	2313	166	color_space_object	parallel_invariance_object	colored_bisimulation_candidate	has_aspect	has_counterfactual;from_aspect	has_counterfactual;to_aspect	has_counterfactual;shared_in	witness_arena	0	same_trit_relabel	#DAF595	1.038157	0x226be93061b02f16
2314	2314	166	color_space_object	palette_interface_object	colored_bisimulation_candidate	has_aspect	has_counterfactual;from_aspect	has_counterfactual;to_aspect	has_counterfactual;shared_in	witness_arena	1	positive_shift	#3042AF	0.849984	0x30190d7fa315855c
2315	2315	166	color_space_object	lisp_semantics_object	colored_bisimulation_candidate	has_aspect	has_counterfactual;from_aspect	has_counterfactual;to_aspect	has_counterfactual;shared_in	witness_arena	-1	negative_shift	#C079F2	0.937866	0xf3b2f5b06b77604c
2316	2316	166	color_space_object	entropy_source_object	colored_bisimulation_candidate	has_aspect	has_counterfactual;from_aspect	has_counterfactual;to_aspect	has_counterfactual;shared_in	witness_arena	0	same_trit_relabel	#D14380	0.858286	0xcc1cd268303e944e
2317	2317	166	color_space_object	propagator_cell_object	colored_bisimulation_candidate	has_aspect	has_counterfactual;from_aspect	has_counterfactual;to_aspect	has_counterfactual;shared_in	witness_arena	1	positive_shift	#6E20E2	1.074686	0xb32521e8d7b0121d
2318	2318	166	color_space_object	abductive_world_object	colored_bisimulation_candidate	has_aspect	has_counterfactual;from_aspect	has_counterfactual;to_aspect	has_counterfactual;shared_in	witness_arena	-1	negative_shift	#020549	1.088477	0xef3c26ef8e874173
2319	2319	166	color_space_object	fuzz_soundness_object	colored_bisimulation_candidate	has_aspect	has_counterfactual;from_aspect	has_counterfactual;to_aspect	has_counterfactual;shared_in	witness_arena	0	same_trit_relabel	#F9C3D8	0.879525	0x7726bb29ca6b8498
2320	2320	166	color_space_object	ternary_regression_object	colored_bisimulation_candidate	has_aspect	has_counterfactual;from_aspect	has_counterfactual;to_aspect	has_counterfactual;shared_in	witness_arena	1	positive_shift	#D07905	0.559326	0x62312056c111bd82
2321	2321	166	color_space_object	nonriemannian_gate_object	colored_bisimulation_candidate	has_aspect	has_counterfactual;from_aspect	has_counterfactual;to_aspect	has_counterfactual;shared_in	witness_arena	-1	negative_shift	#C9E571	0.825236	0x935ffce2b3d006e5
2322	2322	166	color_space_object	exa_loop_object	colored_bisimulation_candidate	has_aspect	has_counterfactual;from_aspect	has_counterfactual;to_aspect	has_counterfactual;shared_in	witness_arena	0	same_trit_relabel	#6A6E56	0.354354	0x1f98d6e51ead844b
2323	2323	166	color_space_object	aqua_hygiene_object	colored_bisimulation_candidate	has_aspect	has_counterfactual;from_aspect	has_counterfactual;to_aspect	has_counterfactual;shared_in	witness_arena	1	positive_shift	#6569C6	0.71009	0xad8c5e1a24787042
2324	2324	166	color_space_object	scip_catcolab_object	colored_bisimulation_candidate	has_aspect	has_counterfactual;from_aspect	has_counterfactual;to_aspect	has_counterfactual;shared_in	witness_arena	-1	negative_shift	#6592E9	1.066467	0xc4670250a8901836
2325	2325	167	trit_tick_object	color_space_object	colored_bisimulation_candidate	has_aspect	has_counterfactual;from_aspect	has_counterfactual;to_aspect	has_counterfactual;shared_in	witness_arena	-1	negative_shift	#A4AA7D	1.312069	0xd6b5c67db0f71ca3
2326	2326	167	trit_tick_object	rng_determinism_object	colored_bisimulation_candidate	has_aspect	has_counterfactual;from_aspect	has_counterfactual;to_aspect	has_counterfactual;shared_in	witness_arena	1	positive_shift	#65A2A9	1.264497	0xcdf062681d809232
2327	2327	167	trit_tick_object	parallel_invariance_object	colored_bisimulation_candidate	has_aspect	has_counterfactual;from_aspect	has_counterfactual;to_aspect	has_counterfactual;shared_in	witness_arena	-1	negative_shift	#1CB361	0.380555	0x2920bfddb01a0eb8
2328	2328	167	trit_tick_object	palette_interface_object	colored_bisimulation_candidate	has_aspect	has_counterfactual;from_aspect	has_counterfactual;to_aspect	has_counterfactual;shared_in	witness_arena	0	same_trit_relabel	#178ACA	0.765359	0x17ac18be23570200
2329	2329	167	trit_tick_object	lisp_semantics_object	colored_bisimulation_candidate	has_aspect	has_counterfactual;from_aspect	has_counterfactual;to_aspect	has_counterfactual;shared_in	witness_arena	1	positive_shift	#97FAE7	0.91289	0xdaee5efb465a0c8d
2330	2330	167	trit_tick_object	entropy_source_object	colored_bisimulation_candidate	has_aspect	has_counterfactual;from_aspect	has_counterfactual;to_aspect	has_counterfactual;shared_in	witness_arena	-1	negative_shift	#56214E	0.539878	0x6f06cf1b3fa14f79
2331	2331	167	trit_tick_object	propagator_cell_object	colored_bisimulation_candidate	has_aspect	has_counterfactual;from_aspect	has_counterfactual;to_aspect	has_counterfactual;shared_in	witness_arena	0	same_trit_relabel	#332460	0.712442	0x0f69cabf406bf235
2332	2332	167	trit_tick_object	abductive_world_object	colored_bisimulation_candidate	has_aspect	has_counterfactual;from_aspect	has_counterfactual;to_aspect	has_counterfactual;shared_in	witness_arena	1	positive_shift	#57BB18	1.058102	0x2bf91123a25ea7ad
2333	2333	167	trit_tick_object	fuzz_soundness_object	colored_bisimulation_candidate	has_aspect	has_counterfactual;from_aspect	has_counterfactual;to_aspect	has_counterfactual;shared_in	witness_arena	-1	negative_shift	#C102CD	1.014762	0x677855a05cad7abe
2334	2334	167	trit_tick_object	ternary_regression_object	colored_bisimulation_candidate	has_aspect	has_counterfactual;from_aspect	has_counterfactual;to_aspect	has_counterfactual;shared_in	witness_arena	0	same_trit_relabel	#D31A86	1.080903	0x2dda354d0c242c0b
2335	2335	167	trit_tick_object	nonriemannian_gate_object	colored_bisimulation_candidate	has_aspect	has_counterfactual;from_aspect	has_counterfactual;to_aspect	has_counterfactual;shared_in	witness_arena	1	positive_shift	#5F4904	1.076375	0x35ddc2464648b10e
2336	2336	167	trit_tick_object	exa_loop_object	colored_bisimulation_candidate	has_aspect	has_counterfactual;from_aspect	has_counterfactual;to_aspect	has_counterfactual;shared_in	witness_arena	-1	negative_shift	#F8AD2C	1.079277	0xe2f00800efa37bb2
2337	2337	167	trit_tick_object	aqua_hygiene_object	colored_bisimulation_candidate	has_aspect	has_counterfactual;from_aspect	has_counterfactual;to_aspect	has_counterfactual;shared_in	witness_arena	0	same_trit_relabel	#EDA3EC	0.806233	0x0c487854f718b16b
2338	2338	167	trit_tick_object	scip_catcolab_object	colored_bisimulation_candidate	has_aspect	has_counterfactual;from_aspect	has_counterfactual;to_aspect	has_counterfactual;shared_in	witness_arena	1	positive_shift	#6541F7	1.032506	0xe71081317ca0a044
2339	2339	168	rng_determinism_object	color_space_object	colored_bisimulation_candidate	has_aspect	has_counterfactual;from_aspect	has_counterfactual;to_aspect	has_counterfactual;shared_in	witness_arena	1	positive_shift	#9DDB63	0.858809	0x02355e2da86b3877
2340	2340	168	rng_determinism_object	trit_tick_object	colored_bisimulation_candidate	has_aspect	has_counterfactual;from_aspect	has_counterfactual;to_aspect	has_counterfactual;shared_in	witness_arena	-1	negative_shift	#ADEB59	0.959312	0xc008fdc9422a9960
2341	2341	168	rng_determinism_object	parallel_invariance_object	colored_bisimulation_candidate	has_aspect	has_counterfactual;from_aspect	has_counterfactual;to_aspect	has_counterfactual;shared_in	witness_arena	1	positive_shift	#8F411B	0.875149	0x39af5fc6f0a7341c
2342	2342	168	rng_determinism_object	palette_interface_object	colored_bisimulation_candidate	has_aspect	has_counterfactual;from_aspect	has_counterfactual;to_aspect	has_counterfactual;shared_in	witness_arena	-1	negative_shift	#710AFB	0.9882	0x2c569bc60d6feb87
2343	2343	168	rng_determinism_object	lisp_semantics_object	colored_bisimulation_candidate	has_aspect	has_counterfactual;from_aspect	has_counterfactual;to_aspect	has_counterfactual;shared_in	witness_arena	0	same_trit_relabel	#F2B6D5	0.704629	0xbc2ee4b9a08d7468
2344	2344	168	rng_determinism_object	entropy_source_object	colored_bisimulation_candidate	has_aspect	has_counterfactual;from_aspect	has_counterfactual;to_aspect	has_counterfactual;shared_in	witness_arena	1	positive_shift	#E1C1E2	0.908963	0x815fe441c3c271ac
2345	2345	168	rng_determinism_object	propagator_cell_object	colored_bisimulation_candidate	has_aspect	has_counterfactual;from_aspect	has_counterfactual;to_aspect	has_counterfactual;shared_in	witness_arena	-1	negative_shift	#470B37	1.231664	0x2c9b80628b785aa5
2346	2346	168	rng_determinism_object	abductive_world_object	colored_bisimulation_candidate	has_aspect	has_counterfactual;from_aspect	has_counterfactual;to_aspect	has_counterfactual;shared_in	witness_arena	0	same_trit_relabel	#EDC907	0.175597	0x39fe495b3275a8db
2347	2347	168	rng_determinism_object	fuzz_soundness_object	colored_bisimulation_candidate	has_aspect	has_counterfactual;from_aspect	has_counterfactual;to_aspect	has_counterfactual;shared_in	witness_arena	1	positive_shift	#41137D	1.316764	0xce608717f6ca9486
2348	2348	168	rng_determinism_object	ternary_regression_object	colored_bisimulation_candidate	has_aspect	has_counterfactual;from_aspect	has_counterfactual;to_aspect	has_counterfactual;shared_in	witness_arena	-1	negative_shift	#4F6070	1.275245	0x628e82ef874545c4
2349	2349	168	rng_determinism_object	nonriemannian_gate_object	colored_bisimulation_candidate	has_aspect	has_counterfactual;from_aspect	has_counterfactual;to_aspect	has_counterfactual;shared_in	witness_arena	0	same_trit_relabel	#C73D79	0.648127	0xe356a79224bf9b05
2350	2350	168	rng_determinism_object	exa_loop_object	colored_bisimulation_candidate	has_aspect	has_counterfactual;from_aspect	has_counterfactual;to_aspect	has_counterfactual;shared_in	witness_arena	1	positive_shift	#CFB874	0.806399	0xdedeef8439880090
2351	2351	168	rng_determinism_object	aqua_hygiene_object	colored_bisimulation_candidate	has_aspect	has_counterfactual;from_aspect	has_counterfactual;to_aspect	has_counterfactual;shared_in	witness_arena	-1	negative_shift	#AFCDF5	0.764224	0xfada7b42dae1b3de
2352	2352	168	rng_determinism_object	scip_catcolab_object	colored_bisimulation_candidate	has_aspect	has_counterfactual;from_aspect	has_counterfactual;to_aspect	has_counterfactual;shared_in	witness_arena	0	same_trit_relabel	#0F3111	0.438603	0x19ea306609596302
2353	2353	169	parallel_invariance_object	color_space_object	colored_bisimulation_candidate	has_aspect	has_counterfactual;from_aspect	has_counterfactual;to_aspect	has_counterfactual;shared_in	witness_arena	0	same_trit_relabel	#C45AF9	0.396273	0x39e5646d5817bdce
2354	2354	169	parallel_invariance_object	trit_tick_object	colored_bisimulation_candidate	has_aspect	has_counterfactual;from_aspect	has_counterfactual;to_aspect	has_counterfactual;shared_in	witness_arena	1	positive_shift	#E76356	0.620225	0xf6ee01e8194c6e33
2355	2355	169	parallel_invariance_object	rng_determinism_object	colored_bisimulation_candidate	has_aspect	has_counterfactual;from_aspect	has_counterfactual;to_aspect	has_counterfactual;shared_in	witness_arena	-1	negative_shift	#92E5EB	0.951512	0x9e4da8c225509b2f
2356	2356	169	parallel_invariance_object	palette_interface_object	colored_bisimulation_candidate	has_aspect	has_counterfactual;from_aspect	has_counterfactual;to_aspect	has_counterfactual;shared_in	witness_arena	1	positive_shift	#F97477	0.762597	0xf559cde81964d4de
2357	2357	169	parallel_invariance_object	lisp_semantics_object	colored_bisimulation_candidate	has_aspect	has_counterfactual;from_aspect	has_counterfactual;to_aspect	has_counterfactual;shared_in	witness_arena	-1	negative_shift	#A3E3D9	0.796095	0x5b8b0acfd5fcc33e
2358	2358	169	parallel_invariance_object	entropy_source_object	colored_bisimulation_candidate	has_aspect	has_counterfactual;from_aspect	has_counterfactual;to_aspect	has_counterfactual;shared_in	witness_arena	0	same_trit_relabel	#7E17C4	0.5995	0xc36b659996c05e01
2359	2359	169	parallel_invariance_object	propagator_cell_object	colored_bisimulation_candidate	has_aspect	has_counterfactual;from_aspect	has_counterfactual;to_aspect	has_counterfactual;shared_in	witness_arena	1	positive_shift	#03CD93	0.964828	0x62f8c940bb88af73
2360	2360	169	parallel_invariance_object	abductive_world_object	colored_bisimulation_candidate	has_aspect	has_counterfactual;from_aspect	has_counterfactual;to_aspect	has_counterfactual;shared_in	witness_arena	-1	negative_shift	#26F1BD	0.837449	0x9d976679557ffd4d
2361	2361	169	parallel_invariance_object	fuzz_soundness_object	colored_bisimulation_candidate	has_aspect	has_counterfactual;from_aspect	has_counterfactual;to_aspect	has_counterfactual;shared_in	witness_arena	0	same_trit_relabel	#2D90C2	0.759368	0xbe531223c3d08801
2362	2362	169	parallel_invariance_object	ternary_regression_object	colored_bisimulation_candidate	has_aspect	has_counterfactual;from_aspect	has_counterfactual;to_aspect	has_counterfactual;shared_in	witness_arena	1	positive_shift	#73F28A	0.799225	0xd82074c4470a8f54
2363	2363	169	parallel_invariance_object	nonriemannian_gate_object	colored_bisimulation_candidate	has_aspect	has_counterfactual;from_aspect	has_counterfactual;to_aspect	has_counterfactual;shared_in	witness_arena	-1	negative_shift	#3F1E4F	0.682044	0x46f4071fdbf70264
2364	2364	169	parallel_invariance_object	exa_loop_object	colored_bisimulation_candidate	has_aspect	has_counterfactual;from_aspect	has_counterfactual;to_aspect	has_counterfactual;shared_in	witness_arena	0	same_trit_relabel	#4845A5	0.123015	0xe12533bc5084d3cc
2365	2365	169	parallel_invariance_object	aqua_hygiene_object	colored_bisimulation_candidate	has_aspect	has_counterfactual;from_aspect	has_counterfactual;to_aspect	has_counterfactual;shared_in	witness_arena	1	positive_shift	#216E92	0.539691	0x685c256b78f5d64e
2366	2366	169	parallel_invariance_object	scip_catcolab_object	colored_bisimulation_candidate	has_aspect	has_counterfactual;from_aspect	has_counterfactual;to_aspect	has_counterfactual;shared_in	witness_arena	-1	negative_shift	#C2AE76	0.869958	0x7d0678454dfed9f0
2367	2367	170	palette_interface_object	color_space_object	colored_bisimulation_candidate	has_aspect	has_counterfactual;from_aspect	has_counterfactual;to_aspect	has_counterfactual;shared_in	witness_arena	-1	negative_shift	#080CB9	0.773633	0x3a78633ccb488796
2368	2368	170	palette_interface_object	trit_tick_object	colored_bisimulation_candidate	has_aspect	has_counterfactual;from_aspect	has_counterfactual;to_aspect	has_counterfactual;shared_in	witness_arena	0	same_trit_relabel	#56B07D	0.437971	0xf1ab0213b5155a87
2369	2369	170	palette_interface_object	rng_determinism_object	colored_bisimulation_candidate	has_aspect	has_counterfactual;from_aspect	has_counterfactual;to_aspect	has_counterfactual;shared_in	witness_arena	1	positive_shift	#CED481	1.097043	0x1460ca7b5e4a59e0
2370	2370	170	palette_interface_object	parallel_invariance_object	colored_bisimulation_candidate	has_aspect	has_counterfactual;from_aspect	has_counterfactual;to_aspect	has_counterfactual;shared_in	witness_arena	-1	negative_shift	#C2B1B9	0.980547	0x2f8c2b24e1c78205
2371	2371	170	palette_interface_object	lisp_semantics_object	colored_bisimulation_candidate	has_aspect	has_counterfactual;from_aspect	has_counterfactual;to_aspect	has_counterfactual;shared_in	witness_arena	1	positive_shift	#4F167B	0.792509	0xdde8536e94ffaffd
2372	2372	170	palette_interface_object	entropy_source_object	colored_bisimulation_candidate	has_aspect	has_counterfactual;from_aspect	has_counterfactual;to_aspect	has_counterfactual;shared_in	witness_arena	-1	negative_shift	#22F108	0.872588	0x07ee50a794e7603a
2373	2373	170	palette_interface_object	propagator_cell_object	colored_bisimulation_candidate	has_aspect	has_counterfactual;from_aspect	has_counterfactual;to_aspect	has_counterfactual;shared_in	witness_arena	0	same_trit_relabel	#306D3F	0.72444	0xcf7e6677c7591f0d
2374	2374	170	palette_interface_object	abductive_world_object	colored_bisimulation_candidate	has_aspect	has_counterfactual;from_aspect	has_counterfactual;to_aspect	has_counterfactual;shared_in	witness_arena	1	positive_shift	#B93FA3	0.721509	0xa1d353125984f655
2375	2375	170	palette_interface_object	fuzz_soundness_object	colored_bisimulation_candidate	has_aspect	has_counterfactual;from_aspect	has_counterfactual;to_aspect	has_counterfactual;shared_in	witness_arena	-1	negative_shift	#82037F	1.150875	0x4c9a1ffa6770fa47
2376	2376	170	palette_interface_object	ternary_regression_object	colored_bisimulation_candidate	has_aspect	has_counterfactual;from_aspect	has_counterfactual;to_aspect	has_counterfactual;shared_in	witness_arena	0	same_trit_relabel	#880DA1	0.606551	0x216ed443e458e16d
2377	2377	170	palette_interface_object	nonriemannian_gate_object	colored_bisimulation_candidate	has_aspect	has_counterfactual;from_aspect	has_counterfactual;to_aspect	has_counterfactual;shared_in	witness_arena	1	positive_shift	#3E28FA	0.815192	0x377eab6a1c978099
2378	2378	170	palette_interface_object	exa_loop_object	colored_bisimulation_candidate	has_aspect	has_counterfactual;from_aspect	has_counterfactual;to_aspect	has_counterfactual;shared_in	witness_arena	-1	negative_shift	#0B7960	0.587994	0x0b3ea05de7aa681a
2379	2379	170	palette_interface_object	aqua_hygiene_object	colored_bisimulation_candidate	has_aspect	has_counterfactual;from_aspect	has_counterfactual;to_aspect	has_counterfactual;shared_in	witness_arena	0	same_trit_relabel	#981606	0.176949	0x480fe9715c22a12b
2380	2380	170	palette_interface_object	scip_catcolab_object	colored_bisimulation_candidate	has_aspect	has_counterfactual;from_aspect	has_counterfactual;to_aspect	has_counterfactual;shared_in	witness_arena	1	positive_shift	#F76AD8	0.702128	0x237cb303c9fd13a7
2381	2381	171	lisp_semantics_object	color_space_object	colored_bisimulation_candidate	has_aspect	has_counterfactual;from_aspect	has_counterfactual;to_aspect	has_counterfactual;shared_in	witness_arena	1	positive_shift	#DA01BB	0.754185	0xfd76f261dd39a728
2382	2382	171	lisp_semantics_object	trit_tick_object	colored_bisimulation_candidate	has_aspect	has_counterfactual;from_aspect	has_counterfactual;to_aspect	has_counterfactual;shared_in	witness_arena	-1	negative_shift	#C72599	0.749205	0x1c400d2499704442
2383	2383	171	lisp_semantics_object	rng_determinism_object	colored_bisimulation_candidate	has_aspect	has_counterfactual;from_aspect	has_counterfactual;to_aspect	has_counterfactual;shared_in	witness_arena	0	same_trit_relabel	#5796B2	0.802313	0xbd50da21d7366453
2384	2384	171	lisp_semantics_object	parallel_invariance_object	colored_bisimulation_candidate	has_aspect	has_counterfactual;from_aspect	has_counterfactual;to_aspect	has_counterfactual;shared_in	witness_arena	1	positive_shift	#70E7BD	1.24958	0xd7f1d83f3f9b007e
2385	2385	171	lisp_semantics_object	palette_interface_object	colored_bisimulation_candidate	has_aspect	has_counterfactual;from_aspect	has_counterfactual;to_aspect	has_counterfactual;shared_in	witness_arena	-1	negative_shift	#D4F3DC	0.699239	0xcd22398930fb20b4
2386	2386	171	lisp_semantics_object	entropy_source_object	colored_bisimulation_candidate	has_aspect	has_counterfactual;from_aspect	has_counterfactual;to_aspect	has_counterfactual;shared_in	witness_arena	1	positive_shift	#E67052	1.106966	0x63c90eda7ffd745f
2387	2387	171	lisp_semantics_object	propagator_cell_object	colored_bisimulation_candidate	has_aspect	has_counterfactual;from_aspect	has_counterfactual;to_aspect	has_counterfactual;shared_in	witness_arena	-1	negative_shift	#54783D	1.154366	0x134d16f8370f0553
2388	2388	171	lisp_semantics_object	abductive_world_object	colored_bisimulation_candidate	has_aspect	has_counterfactual;from_aspect	has_counterfactual;to_aspect	has_counterfactual;shared_in	witness_arena	0	same_trit_relabel	#D4C2B8	0.571917	0xe5eff31d6b0570af
2389	2389	171	lisp_semantics_object	fuzz_soundness_object	colored_bisimulation_candidate	has_aspect	has_counterfactual;from_aspect	has_counterfactual;to_aspect	has_counterfactual;shared_in	witness_arena	1	positive_shift	#BB6FA3	1.265067	0x34dbe89ed3cd4a2d
2390	2390	171	lisp_semantics_object	ternary_regression_object	colored_bisimulation_candidate	has_aspect	has_counterfactual;from_aspect	has_counterfactual;to_aspect	has_counterfactual;shared_in	witness_arena	-1	negative_shift	#592E0E	0.754532	0xb4ca969333c4a86e
2391	2391	171	lisp_semantics_object	nonriemannian_gate_object	colored_bisimulation_candidate	has_aspect	has_counterfactual;from_aspect	has_counterfactual;to_aspect	has_counterfactual;shared_in	witness_arena	0	same_trit_relabel	#A5167E	0.559686	0xed4c487c50bb5b8b
2392	2392	171	lisp_semantics_object	exa_loop_object	colored_bisimulation_candidate	has_aspect	has_counterfactual;from_aspect	has_counterfactual;to_aspect	has_counterfactual;shared_in	witness_arena	1	positive_shift	#61C99A	0.654375	0xf1a04b39c47db5ce
2393	2393	171	lisp_semantics_object	aqua_hygiene_object	colored_bisimulation_candidate	has_aspect	has_counterfactual;from_aspect	has_counterfactual;to_aspect	has_counterfactual;shared_in	witness_arena	-1	negative_shift	#9595E0	0.509891	0x734442bd5d4a26da
2394	2394	171	lisp_semantics_object	scip_catcolab_object	colored_bisimulation_candidate	has_aspect	has_counterfactual;from_aspect	has_counterfactual;to_aspect	has_counterfactual;shared_in	witness_arena	0	same_trit_relabel	#79C1BC	0.501884	0x76c48130834a57fd
2395	2395	172	entropy_source_object	color_space_object	colored_bisimulation_candidate	has_aspect	has_counterfactual;from_aspect	has_counterfactual;to_aspect	has_counterfactual;shared_in	witness_arena	0	same_trit_relabel	#333CBC	0.548375	0xa0d26330aa8a7326
2396	2396	172	entropy_source_object	trit_tick_object	colored_bisimulation_candidate	has_aspect	has_counterfactual;from_aspect	has_counterfactual;to_aspect	has_counterfactual;shared_in	witness_arena	1	positive_shift	#F8E7AE	0.72315	0x006a9241dfd6b819
2397	2397	172	entropy_source_object	rng_determinism_object	colored_bisimulation_candidate	has_aspect	has_counterfactual;from_aspect	has_counterfactual;to_aspect	has_counterfactual;shared_in	witness_arena	-1	negative_shift	#1FB4F0	0.814521	0x96feb30018ec4e87
2398	2398	172	entropy_source_object	parallel_invariance_object	colored_bisimulation_candidate	has_aspect	has_counterfactual;from_aspect	has_counterfactual;to_aspect	has_counterfactual;shared_in	witness_arena	0	same_trit_relabel	#6DB1AE	0.580657	0x5e7186c57f2f7f55
2399	2399	172	entropy_source_object	palette_interface_object	colored_bisimulation_candidate	has_aspect	has_counterfactual;from_aspect	has_counterfactual;to_aspect	has_counterfactual;shared_in	witness_arena	1	positive_shift	#A013B9	1.034	0x49c756f61d26c228
2400	2400	172	entropy_source_object	lisp_semantics_object	colored_bisimulation_candidate	has_aspect	has_counterfactual;from_aspect	has_counterfactual;to_aspect	has_counterfactual;shared_in	witness_arena	-1	negative_shift	#0B985F	0.89446	0xb3d896edc58d1cad
2401	2401	172	entropy_source_object	propagator_cell_object	colored_bisimulation_candidate	has_aspect	has_counterfactual;from_aspect	has_counterfactual;to_aspect	has_counterfactual;shared_in	witness_arena	1	positive_shift	#FC072F	0.827669	0x968819adab40b57f
2402	2402	172	entropy_source_object	abductive_world_object	colored_bisimulation_candidate	has_aspect	has_counterfactual;from_aspect	has_counterfactual;to_aspect	has_counterfactual;shared_in	witness_arena	-1	negative_shift	#96D7B4	0.879798	0xfdfa9aa2b06f25d8
2403	2403	172	entropy_source_object	fuzz_soundness_object	colored_bisimulation_candidate	has_aspect	has_counterfactual;from_aspect	has_counterfactual;to_aspect	has_counterfactual;shared_in	witness_arena	0	same_trit_relabel	#B86E46	0.641185	0x5b6d24508202d2b4
2404	2404	172	entropy_source_object	ternary_regression_object	colored_bisimulation_candidate	has_aspect	has_counterfactual;from_aspect	has_counterfactual;to_aspect	has_counterfactual;shared_in	witness_arena	1	positive_shift	#4DF11A	1.065071	0x675e8639774a5b94
2405	2405	172	entropy_source_object	nonriemannian_gate_object	colored_bisimulation_candidate	has_aspect	has_counterfactual;from_aspect	has_counterfactual;to_aspect	has_counterfactual;shared_in	witness_arena	-1	negative_shift	#A50B12	0.567776	0xc745b2d3ebe78bfe
2406	2406	172	entropy_source_object	exa_loop_object	colored_bisimulation_candidate	has_aspect	has_counterfactual;from_aspect	has_counterfactual;to_aspect	has_counterfactual;shared_in	witness_arena	0	same_trit_relabel	#E83C64	0.295994	0xf4a745f1e2504f30
2407	2407	172	entropy_source_object	aqua_hygiene_object	colored_bisimulation_candidate	has_aspect	has_counterfactual;from_aspect	has_counterfactual;to_aspect	has_counterfactual;shared_in	witness_arena	1	positive_shift	#035D4A	0.838196	0x5b7e8f87df944af0
2408	2408	172	entropy_source_object	scip_catcolab_object	colored_bisimulation_candidate	has_aspect	has_counterfactual;from_aspect	has_counterfactual;to_aspect	has_counterfactual;shared_in	witness_arena	-1	negative_shift	#32C22E	1.061796	0x7b7cbd41c8c63ab7
2409	2409	173	propagator_cell_object	color_space_object	colored_bisimulation_candidate	has_aspect	has_counterfactual;from_aspect	has_counterfactual;to_aspect	has_counterfactual;shared_in	witness_arena	-1	negative_shift	#F4F2EE	1.204116	0x641ec16735d47aef
2410	2410	173	propagator_cell_object	trit_tick_object	colored_bisimulation_candidate	has_aspect	has_counterfactual;from_aspect	has_counterfactual;to_aspect	has_counterfactual;shared_in	witness_arena	0	same_trit_relabel	#037D66	0.862041	0xea88ca291596bf23
2411	2411	173	propagator_cell_object	rng_determinism_object	colored_bisimulation_candidate	has_aspect	has_counterfactual;from_aspect	has_counterfactual;to_aspect	has_counterfactual;shared_in	witness_arena	1	positive_shift	#DD7A91	1.330353	0x9195b552cc17018c
2412	2412	173	propagator_cell_object	parallel_invariance_object	colored_bisimulation_candidate	has_aspect	has_counterfactual;from_aspect	has_counterfactual;to_aspect	has_counterfactual;shared_in	witness_arena	-1	negative_shift	#29DC7D	0.523115	0xebee63fa1c841370
2413	2413	173	propagator_cell_object	palette_interface_object	colored_bisimulation_candidate	has_aspect	has_counterfactual;from_aspect	has_counterfactual;to_aspect	has_counterfactual;shared_in	witness_arena	0	same_trit_relabel	#2F2CF8	0.663858	0xa58678d27cf0188a
2414	2414	173	propagator_cell_object	lisp_semantics_object	colored_bisimulation_candidate	has_aspect	has_counterfactual;from_aspect	has_counterfactual;to_aspect	has_counterfactual;shared_in	witness_arena	1	positive_shift	#CCF852	0.917897	0x5b8b7675c4e13696
2415	2415	173	propagator_cell_object	entropy_source_object	colored_bisimulation_candidate	has_aspect	has_counterfactual;from_aspect	has_counterfactual;to_aspect	has_counterfactual;shared_in	witness_arena	-1	negative_shift	#6D4EEC	0.644722	0xa258fb94dd9d766d
2416	2416	173	propagator_cell_object	abductive_world_object	colored_bisimulation_candidate	has_aspect	has_counterfactual;from_aspect	has_counterfactual;to_aspect	has_counterfactual;shared_in	witness_arena	1	positive_shift	#DAF60D	0.898148	0x8837f60da091ff26
2417	2417	173	propagator_cell_object	fuzz_soundness_object	colored_bisimulation_candidate	has_aspect	has_counterfactual;from_aspect	has_counterfactual;to_aspect	has_counterfactual;shared_in	witness_arena	-1	negative_shift	#10FB15	1.150159	0x49724cdf2d01f220
2418	2418	173	propagator_cell_object	ternary_regression_object	colored_bisimulation_candidate	has_aspect	has_counterfactual;from_aspect	has_counterfactual;to_aspect	has_counterfactual;shared_in	witness_arena	0	same_trit_relabel	#EFAF41	1.04747	0xebac5a6a2172522a
2419	2419	173	propagator_cell_object	nonriemannian_gate_object	colored_bisimulation_candidate	has_aspect	has_counterfactual;from_aspect	has_counterfactual;to_aspect	has_counterfactual;shared_in	witness_arena	1	positive_shift	#E3E73E	1.094744	0x405bdd9b2999f507
2420	2420	173	propagator_cell_object	exa_loop_object	colored_bisimulation_candidate	has_aspect	has_counterfactual;from_aspect	has_counterfactual;to_aspect	has_counterfactual;shared_in	witness_arena	-1	negative_shift	#D6324F	1.018442	0x2327eb43e897c452
2421	2421	173	propagator_cell_object	aqua_hygiene_object	colored_bisimulation_candidate	has_aspect	has_counterfactual;from_aspect	has_counterfactual;to_aspect	has_counterfactual;shared_in	witness_arena	0	same_trit_relabel	#63A083	0.682556	0xac3b172f899a191a
2422	2422	173	propagator_cell_object	scip_catcolab_object	colored_bisimulation_candidate	has_aspect	has_counterfactual;from_aspect	has_counterfactual;to_aspect	has_counterfactual;shared_in	witness_arena	1	positive_shift	#AF9E20	0.84833	0xd63442b2a3af85d5
2423	2423	174	abductive_world_object	color_space_object	colored_bisimulation_candidate	has_aspect	has_counterfactual;from_aspect	has_counterfactual;to_aspect	has_counterfactual;shared_in	witness_arena	1	positive_shift	#1F0FE9	1.301635	0x87def38a973e9a65
2424	2424	174	abductive_world_object	trit_tick_object	colored_bisimulation_candidate	has_aspect	has_counterfactual;from_aspect	has_counterfactual;to_aspect	has_counterfactual;shared_in	witness_arena	-1	negative_shift	#2FC642	1.082866	0x84cde8ca501d9f92
2425	2425	174	abductive_world_object	rng_determinism_object	colored_bisimulation_candidate	has_aspect	has_counterfactual;from_aspect	has_counterfactual;to_aspect	has_counterfactual;shared_in	witness_arena	0	same_trit_relabel	#811E8C	0.563479	0xc214d57d98cdab30
2426	2426	174	abductive_world_object	parallel_invariance_object	colored_bisimulation_candidate	has_aspect	has_counterfactual;from_aspect	has_counterfactual;to_aspect	has_counterfactual;shared_in	witness_arena	1	positive_shift	#242C72	0.86334	0x2367bcffa5254d10
2427	2427	174	abductive_world_object	palette_interface_object	colored_bisimulation_candidate	has_aspect	has_counterfactual;from_aspect	has_counterfactual;to_aspect	has_counterfactual;shared_in	witness_arena	-1	negative_shift	#DAFEFD	1.086489	0xedbaf5266ac1a16a
2428	2428	174	abductive_world_object	lisp_semantics_object	colored_bisimulation_candidate	has_aspect	has_counterfactual;from_aspect	has_counterfactual;to_aspect	has_counterfactual;shared_in	witness_arena	0	same_trit_relabel	#BC541C	0.419626	0xb0351eabd917ab9d
2429	2429	174	abductive_world_object	entropy_source_object	colored_bisimulation_candidate	has_aspect	has_counterfactual;from_aspect	has_counterfactual;to_aspect	has_counterfactual;shared_in	witness_arena	1	positive_shift	#92D67D	0.65243	0x3e54a2b88a469156
2430	2430	174	abductive_world_object	propagator_cell_object	colored_bisimulation_candidate	has_aspect	has_counterfactual;from_aspect	has_counterfactual;to_aspect	has_counterfactual;shared_in	witness_arena	-1	negative_shift	#37B66E	0.579987	0x045ca36a77913d26
2431	2431	174	abductive_world_object	fuzz_soundness_object	colored_bisimulation_candidate	has_aspect	has_counterfactual;from_aspect	has_counterfactual;to_aspect	has_counterfactual;shared_in	witness_arena	1	positive_shift	#64C527	0.553605	0xe38f3f8d15babfa2
2432	2432	174	abductive_world_object	ternary_regression_object	colored_bisimulation_candidate	has_aspect	has_counterfactual;from_aspect	has_counterfactual;to_aspect	has_counterfactual;shared_in	witness_arena	-1	negative_shift	#DF6A90	1.146877	0xce5c75529b5f9540
2433	2433	174	abductive_world_object	nonriemannian_gate_object	colored_bisimulation_candidate	has_aspect	has_counterfactual;from_aspect	has_counterfactual;to_aspect	has_counterfactual;shared_in	witness_arena	0	same_trit_relabel	#E04AC0	0.496663	0xaf115ee57bc4b446
2434	2434	174	abductive_world_object	exa_loop_object	colored_bisimulation_candidate	has_aspect	has_counterfactual;from_aspect	has_counterfactual;to_aspect	has_counterfactual;shared_in	witness_arena	1	positive_shift	#3ACAB9	0.98203	0xd6f17b0154e6ec0f
2435	2435	174	abductive_world_object	aqua_hygiene_object	colored_bisimulation_candidate	has_aspect	has_counterfactual;from_aspect	has_counterfactual;to_aspect	has_counterfactual;shared_in	witness_arena	-1	negative_shift	#803384	1.147567	0x17223fb3a662a677
2436	2436	174	abductive_world_object	scip_catcolab_object	colored_bisimulation_candidate	has_aspect	has_counterfactual;from_aspect	has_counterfactual;to_aspect	has_counterfactual;shared_in	witness_arena	0	same_trit_relabel	#42B9C7	0.898048	0xefb53325d2711ea2
2437	2437	175	fuzz_soundness_object	color_space_object	colored_bisimulation_candidate	has_aspect	has_counterfactual;from_aspect	has_counterfactual;to_aspect	has_counterfactual;shared_in	witness_arena	0	same_trit_relabel	#690E53	1.034469	0x82ad2d88535f4993
2438	2438	175	fuzz_soundness_object	trit_tick_object	colored_bisimulation_candidate	has_aspect	has_counterfactual;from_aspect	has_counterfactual;to_aspect	has_counterfactual;shared_in	witness_arena	1	positive_shift	#1CE159	1.156246	0xabe3c5ef7acbd1bd
2439	2439	175	fuzz_soundness_object	rng_determinism_object	colored_bisimulation_candidate	has_aspect	has_counterfactual;from_aspect	has_counterfactual;to_aspect	has_counterfactual;shared_in	witness_arena	-1	negative_shift	#7D497E	1.046962	0x5ddc1eeaa488fca5
2440	2440	175	fuzz_soundness_object	parallel_invariance_object	colored_bisimulation_candidate	has_aspect	has_counterfactual;from_aspect	has_counterfactual;to_aspect	has_counterfactual;shared_in	witness_arena	0	same_trit_relabel	#64785C	0.689338	0x2ce947c991a22b2a
2441	2441	175	fuzz_soundness_object	palette_interface_object	colored_bisimulation_candidate	has_aspect	has_counterfactual;from_aspect	has_counterfactual;to_aspect	has_counterfactual;shared_in	witness_arena	1	positive_shift	#836FA8	0.921673	0xcd655a1929862ac7
2442	2442	175	fuzz_soundness_object	lisp_semantics_object	colored_bisimulation_candidate	has_aspect	has_counterfactual;from_aspect	has_counterfactual;to_aspect	has_counterfactual;shared_in	witness_arena	-1	negative_shift	#0FAC93	0.574087	0xfbc2d3c8e99dcc08
2443	2443	175	fuzz_soundness_object	entropy_source_object	colored_bisimulation_candidate	has_aspect	has_counterfactual;from_aspect	has_counterfactual;to_aspect	has_counterfactual;shared_in	witness_arena	0	same_trit_relabel	#294CB5	0.446439	0xd0391d1fbc890429
2444	2444	175	fuzz_soundness_object	propagator_cell_object	colored_bisimulation_candidate	has_aspect	has_counterfactual;from_aspect	has_counterfactual;to_aspect	has_counterfactual;shared_in	witness_arena	1	positive_shift	#175AFC	0.726058	0x572991c2f46b4439
2445	2445	175	fuzz_soundness_object	abductive_world_object	colored_bisimulation_candidate	has_aspect	has_counterfactual;from_aspect	has_counterfactual;to_aspect	has_counterfactual;shared_in	witness_arena	-1	negative_shift	#85CEAB	1.350865	0x905bef2c10173342
2446	2446	175	fuzz_soundness_object	ternary_regression_object	colored_bisimulation_candidate	has_aspect	has_counterfactual;from_aspect	has_counterfactual;to_aspect	has_counterfactual;shared_in	witness_arena	1	positive_shift	#D3F19E	1.006999	0x604224eb2a2cfaa0
2447	2447	175	fuzz_soundness_object	nonriemannian_gate_object	colored_bisimulation_candidate	has_aspect	has_counterfactual;from_aspect	has_counterfactual;to_aspect	has_counterfactual;shared_in	witness_arena	-1	negative_shift	#9BB40E	0.966894	0x06ed10aef1fdf2f5
2448	2448	175	fuzz_soundness_object	exa_loop_object	colored_bisimulation_candidate	has_aspect	has_counterfactual;from_aspect	has_counterfactual;to_aspect	has_counterfactual;shared_in	witness_arena	0	same_trit_relabel	#83F751	0.709815	0xae8e061f848fb451
2449	2449	175	fuzz_soundness_object	aqua_hygiene_object	colored_bisimulation_candidate	has_aspect	has_counterfactual;from_aspect	has_counterfactual;to_aspect	has_counterfactual;shared_in	witness_arena	1	positive_shift	#06402E	1.138937	0xfefaf4b3ed1249e3
2450	2450	175	fuzz_soundness_object	scip_catcolab_object	colored_bisimulation_candidate	has_aspect	has_counterfactual;from_aspect	has_counterfactual;to_aspect	has_counterfactual;shared_in	witness_arena	-1	negative_shift	#5FCD3F	1.177892	0x272e5105716569d5
2451	2451	176	ternary_regression_object	color_space_object	colored_bisimulation_candidate	has_aspect	has_counterfactual;from_aspect	has_counterfactual;to_aspect	has_counterfactual;shared_in	witness_arena	-1	negative_shift	#5DFBC4	0.840051	0xd2eb42ecd1be26b7
2452	2452	176	ternary_regression_object	trit_tick_object	colored_bisimulation_candidate	has_aspect	has_counterfactual;from_aspect	has_counterfactual;to_aspect	has_counterfactual;shared_in	witness_arena	0	same_trit_relabel	#1B0016	0.18966	0x07b505e6a6fe0de3
2453	2453	176	ternary_regression_object	rng_determinism_object	colored_bisimulation_candidate	has_aspect	has_counterfactual;from_aspect	has_counterfactual;to_aspect	has_counterfactual;shared_in	witness_arena	1	positive_shift	#DD7EB3	0.659414	0xf69e2138a6442439
2454	2454	176	ternary_regression_object	parallel_invariance_object	colored_bisimulation_candidate	has_aspect	has_counterfactual;from_aspect	has_counterfactual;to_aspect	has_counterfactual;shared_in	witness_arena	-1	negative_shift	#CBEFFF	1.287863	0x85fcaf26be11a210
2455	2455	176	ternary_regression_object	palette_interface_object	colored_bisimulation_candidate	has_aspect	has_counterfactual;from_aspect	has_counterfactual;to_aspect	has_counterfactual;shared_in	witness_arena	0	same_trit_relabel	#E927DB	0.744241	0xb73c700365ca225f
2456	2456	176	ternary_regression_object	lisp_semantics_object	colored_bisimulation_candidate	has_aspect	has_counterfactual;from_aspect	has_counterfactual;to_aspect	has_counterfactual;shared_in	witness_arena	1	positive_shift	#57F8EE	0.994603	0x9cc9e8c3c29f86e6
2457	2457	176	ternary_regression_object	entropy_source_object	colored_bisimulation_candidate	has_aspect	has_counterfactual;from_aspect	has_counterfactual;to_aspect	has_counterfactual;shared_in	witness_arena	-1	negative_shift	#27A532	1.116008	0x48cd32b0471f4c94
2458	2458	176	ternary_regression_object	propagator_cell_object	colored_bisimulation_candidate	has_aspect	has_counterfactual;from_aspect	has_counterfactual;to_aspect	has_counterfactual;shared_in	witness_arena	0	same_trit_relabel	#22E1E1	0.533852	0x197c1f51f1cdbe23
2459	2459	176	ternary_regression_object	abductive_world_object	colored_bisimulation_candidate	has_aspect	has_counterfactual;from_aspect	has_counterfactual;to_aspect	has_counterfactual;shared_in	witness_arena	1	positive_shift	#FE5AA7	1.099295	0xa7ab8ef3b1cb638d
2460	2460	176	ternary_regression_object	fuzz_soundness_object	colored_bisimulation_candidate	has_aspect	has_counterfactual;from_aspect	has_counterfactual;to_aspect	has_counterfactual;shared_in	witness_arena	-1	negative_shift	#8FB9A8	1.066772	0x17af3a22825ca812
2461	2461	176	ternary_regression_object	nonriemannian_gate_object	colored_bisimulation_candidate	has_aspect	has_counterfactual;from_aspect	has_counterfactual;to_aspect	has_counterfactual;shared_in	witness_arena	1	positive_shift	#1C0818	0.53144	0x1b9bbdff25a60cdd
2462	2462	176	ternary_regression_object	exa_loop_object	colored_bisimulation_candidate	has_aspect	has_counterfactual;from_aspect	has_counterfactual;to_aspect	has_counterfactual;shared_in	witness_arena	-1	negative_shift	#B29DFC	0.631037	0x0487a9acf12bda17
2463	2463	176	ternary_regression_object	aqua_hygiene_object	colored_bisimulation_candidate	has_aspect	has_counterfactual;from_aspect	has_counterfactual;to_aspect	has_counterfactual;shared_in	witness_arena	0	same_trit_relabel	#24C4E2	0.527214	0x24341e5f059ee1ad
2464	2464	176	ternary_regression_object	scip_catcolab_object	colored_bisimulation_candidate	has_aspect	has_counterfactual;from_aspect	has_counterfactual;to_aspect	has_counterfactual;shared_in	witness_arena	1	positive_shift	#A82776	1.233536	0xf4d43786bde2b560
2465	2465	177	nonriemannian_gate_object	color_space_object	colored_bisimulation_candidate	has_aspect	has_counterfactual;from_aspect	has_counterfactual;to_aspect	has_counterfactual;shared_in	witness_arena	1	positive_shift	#AEDD8C	0.922248	0x963c48e6d8dd8ffd
2466	2466	177	nonriemannian_gate_object	trit_tick_object	colored_bisimulation_candidate	has_aspect	has_counterfactual;from_aspect	has_counterfactual;to_aspect	has_counterfactual;shared_in	witness_arena	-1	negative_shift	#C1AA51	0.819529	0x761870434cb31c74
2467	2467	177	nonriemannian_gate_object	rng_determinism_object	colored_bisimulation_candidate	has_aspect	has_counterfactual;from_aspect	has_counterfactual;to_aspect	has_counterfactual;shared_in	witness_arena	0	same_trit_relabel	#E65C3B	0.553011	0x17e467e30c437be8
2468	2468	177	nonriemannian_gate_object	parallel_invariance_object	colored_bisimulation_candidate	has_aspect	has_counterfactual;from_aspect	has_counterfactual;to_aspect	has_counterfactual;shared_in	witness_arena	1	positive_shift	#A8B5CC	1.057986	0xea73cf9c90bb89ef
2469	2469	177	nonriemannian_gate_object	palette_interface_object	colored_bisimulation_candidate	has_aspect	has_counterfactual;from_aspect	has_counterfactual;to_aspect	has_counterfactual;shared_in	witness_arena	-1	negative_shift	#8B439A	1.286629	0xb19d14db963cebcc
2470	2470	177	nonriemannian_gate_object	lisp_semantics_object	colored_bisimulation_candidate	has_aspect	has_counterfactual;from_aspect	has_counterfactual;to_aspect	has_counterfactual;shared_in	witness_arena	0	same_trit_relabel	#1FA953	0.83346	0xfda2a8244d26362a
2471	2471	177	nonriemannian_gate_object	entropy_source_object	colored_bisimulation_candidate	has_aspect	has_counterfactual;from_aspect	has_counterfactual;to_aspect	has_counterfactual;shared_in	witness_arena	1	positive_shift	#61FA86	1.018307	0x9a19ff75fdd404e6
2472	2472	177	nonriemannian_gate_object	propagator_cell_object	colored_bisimulation_candidate	has_aspect	has_counterfactual;from_aspect	has_counterfactual;to_aspect	has_counterfactual;shared_in	witness_arena	-1	negative_shift	#BE8EDE	1.009892	0x2662509fa8a9a8ea
2473	2473	177	nonriemannian_gate_object	abductive_world_object	colored_bisimulation_candidate	has_aspect	has_counterfactual;from_aspect	has_counterfactual;to_aspect	has_counterfactual;shared_in	witness_arena	0	same_trit_relabel	#F841CE	0.601702	0x3da1b5933e16974a
2474	2474	177	nonriemannian_gate_object	fuzz_soundness_object	colored_bisimulation_candidate	has_aspect	has_counterfactual;from_aspect	has_counterfactual;to_aspect	has_counterfactual;shared_in	witness_arena	1	positive_shift	#229861	1.174517	0xb021528dc2e569b6
2475	2475	177	nonriemannian_gate_object	ternary_regression_object	colored_bisimulation_candidate	has_aspect	has_counterfactual;from_aspect	has_counterfactual;to_aspect	has_counterfactual;shared_in	witness_arena	-1	negative_shift	#34C54A	1.273373	0xc073f5d870957d75
2476	2476	177	nonriemannian_gate_object	exa_loop_object	colored_bisimulation_candidate	has_aspect	has_counterfactual;from_aspect	has_counterfactual;to_aspect	has_counterfactual;shared_in	witness_arena	1	positive_shift	#EDB667	0.806967	0x24519fe9fd4145f6
2477	2477	177	nonriemannian_gate_object	aqua_hygiene_object	colored_bisimulation_candidate	has_aspect	has_counterfactual;from_aspect	has_counterfactual;to_aspect	has_counterfactual;shared_in	witness_arena	-1	negative_shift	#42F6A6	1.009733	0x804934e1de5a6d3b
2478	2478	177	nonriemannian_gate_object	scip_catcolab_object	colored_bisimulation_candidate	has_aspect	has_counterfactual;from_aspect	has_counterfactual;to_aspect	has_counterfactual;shared_in	witness_arena	0	same_trit_relabel	#A2489A	0.92131	0x5124c1d4a7f095ba
2479	2479	178	exa_loop_object	color_space_object	colored_bisimulation_candidate	has_aspect	has_counterfactual;from_aspect	has_counterfactual;to_aspect	has_counterfactual;shared_in	witness_arena	0	same_trit_relabel	#163832	0.607337	0xb4f53c2c4a25f222
2480	2480	178	exa_loop_object	trit_tick_object	colored_bisimulation_candidate	has_aspect	has_counterfactual;from_aspect	has_counterfactual;to_aspect	has_counterfactual;shared_in	witness_arena	1	positive_shift	#5D1EBA	0.714957	0xeb054181c34086e4
2481	2481	178	exa_loop_object	rng_determinism_object	colored_bisimulation_candidate	has_aspect	has_counterfactual;from_aspect	has_counterfactual;to_aspect	has_counterfactual;shared_in	witness_arena	-1	negative_shift	#3256EC	0.850073	0xa5e81e6d21fd24e6
2482	2482	178	exa_loop_object	parallel_invariance_object	colored_bisimulation_candidate	has_aspect	has_counterfactual;from_aspect	has_counterfactual;to_aspect	has_counterfactual;shared_in	witness_arena	0	same_trit_relabel	#A25CBD	0.849552	0xf807f06a7cf88cff
2483	2483	178	exa_loop_object	palette_interface_object	colored_bisimulation_candidate	has_aspect	has_counterfactual;from_aspect	has_counterfactual;to_aspect	has_counterfactual;shared_in	witness_arena	1	positive_shift	#A8E79E	0.794814	0xd15aee7e9b5ba552
2484	2484	178	exa_loop_object	lisp_semantics_object	colored_bisimulation_candidate	has_aspect	has_counterfactual;from_aspect	has_counterfactual;to_aspect	has_counterfactual;shared_in	witness_arena	-1	negative_shift	#CED293	0.720855	0xbbda102260320b0c
2485	2485	178	exa_loop_object	entropy_source_object	colored_bisimulation_candidate	has_aspect	has_counterfactual;from_aspect	has_counterfactual;to_aspect	has_counterfactual;shared_in	witness_arena	0	same_trit_relabel	#9A2304	0.640694	0x3d7c1115606ed4da
2486	2486	178	exa_loop_object	propagator_cell_object	colored_bisimulation_candidate	has_aspect	has_counterfactual;from_aspect	has_counterfactual;to_aspect	has_counterfactual;shared_in	witness_arena	1	positive_shift	#2633CE	0.826594	0x021014163f42782c
2487	2487	178	exa_loop_object	abductive_world_object	colored_bisimulation_candidate	has_aspect	has_counterfactual;from_aspect	has_counterfactual;to_aspect	has_counterfactual;shared_in	witness_arena	-1	negative_shift	#B6F5CB	1.096106	0x6819ca70265d4dbb
2488	2488	178	exa_loop_object	fuzz_soundness_object	colored_bisimulation_candidate	has_aspect	has_counterfactual;from_aspect	has_counterfactual;to_aspect	has_counterfactual;shared_in	witness_arena	0	same_trit_relabel	#BA6C7A	0.617495	0x1af3924c397d8210
2489	2489	178	exa_loop_object	ternary_regression_object	colored_bisimulation_candidate	has_aspect	has_counterfactual;from_aspect	has_counterfactual;to_aspect	has_counterfactual;shared_in	witness_arena	1	positive_shift	#A21543	0.60924	0x932b7658b0583bde
2490	2490	178	exa_loop_object	nonriemannian_gate_object	colored_bisimulation_candidate	has_aspect	has_counterfactual;from_aspect	has_counterfactual;to_aspect	has_counterfactual;shared_in	witness_arena	-1	negative_shift	#FD9CD4	0.679077	0x30ea0f3024f9f00b
2491	2491	178	exa_loop_object	aqua_hygiene_object	colored_bisimulation_candidate	has_aspect	has_counterfactual;from_aspect	has_counterfactual;to_aspect	has_counterfactual;shared_in	witness_arena	1	positive_shift	#49B0F2	0.771094	0x823258afdeae6afe
2492	2492	178	exa_loop_object	scip_catcolab_object	colored_bisimulation_candidate	has_aspect	has_counterfactual;from_aspect	has_counterfactual;to_aspect	has_counterfactual;shared_in	witness_arena	-1	negative_shift	#5CBBEE	1.046682	0xb96f002bee29f7a3
2493	2493	179	aqua_hygiene_object	color_space_object	colored_bisimulation_candidate	has_aspect	has_counterfactual;from_aspect	has_counterfactual;to_aspect	has_counterfactual;shared_in	witness_arena	-1	negative_shift	#F71E33	0.799505	0xe427883cfe7f930d
2494	2494	179	aqua_hygiene_object	trit_tick_object	colored_bisimulation_candidate	has_aspect	has_counterfactual;from_aspect	has_counterfactual;to_aspect	has_counterfactual;shared_in	witness_arena	0	same_trit_relabel	#031427	0.259772	0x998e6e537be4c5ad
2495	2495	179	aqua_hygiene_object	rng_determinism_object	colored_bisimulation_candidate	has_aspect	has_counterfactual;from_aspect	has_counterfactual;to_aspect	has_counterfactual;shared_in	witness_arena	1	positive_shift	#56B720	0.751473	0xbcac6c679a40bc48
2496	2496	179	aqua_hygiene_object	parallel_invariance_object	colored_bisimulation_candidate	has_aspect	has_counterfactual;from_aspect	has_counterfactual;to_aspect	has_counterfactual;shared_in	witness_arena	-1	negative_shift	#021306	1.040446	0x62da9e2b6d6b48d4
2497	2497	179	aqua_hygiene_object	palette_interface_object	colored_bisimulation_candidate	has_aspect	has_counterfactual;from_aspect	has_counterfactual;to_aspect	has_counterfactual;shared_in	witness_arena	0	same_trit_relabel	#ACC4E7	0.695634	0x2a2dd4dd02671013
2498	2498	179	aqua_hygiene_object	lisp_semantics_object	colored_bisimulation_candidate	has_aspect	has_counterfactual;from_aspect	has_counterfactual;to_aspect	has_counterfactual;shared_in	witness_arena	1	positive_shift	#99081D	0.922	0x63e6d44dfdbd6528
2499	2499	179	aqua_hygiene_object	entropy_source_object	colored_bisimulation_candidate	has_aspect	has_counterfactual;from_aspect	has_counterfactual;to_aspect	has_counterfactual;shared_in	witness_arena	-1	negative_shift	#4259AD	0.911788	0xad013f16f248b323
2500	2500	179	aqua_hygiene_object	propagator_cell_object	colored_bisimulation_candidate	has_aspect	has_counterfactual;from_aspect	has_counterfactual;to_aspect	has_counterfactual;shared_in	witness_arena	0	same_trit_relabel	#C659F9	0.509306	0xdf4087b57aee7e5e
2501	2501	179	aqua_hygiene_object	abductive_world_object	colored_bisimulation_candidate	has_aspect	has_counterfactual;from_aspect	has_counterfactual;to_aspect	has_counterfactual;shared_in	witness_arena	1	positive_shift	#D88AD4	0.900715	0xeb8157caec03a692
2502	2502	179	aqua_hygiene_object	fuzz_soundness_object	colored_bisimulation_candidate	has_aspect	has_counterfactual;from_aspect	has_counterfactual;to_aspect	has_counterfactual;shared_in	witness_arena	-1	negative_shift	#7D00D8	1.016587	0x58eceb8944cdfbc3
2503	2503	179	aqua_hygiene_object	ternary_regression_object	colored_bisimulation_candidate	has_aspect	has_counterfactual;from_aspect	has_counterfactual;to_aspect	has_counterfactual;shared_in	witness_arena	0	same_trit_relabel	#712A32	0.640141	0x81e6e44b878442c7
2504	2504	179	aqua_hygiene_object	nonriemannian_gate_object	colored_bisimulation_candidate	has_aspect	has_counterfactual;from_aspect	has_counterfactual;to_aspect	has_counterfactual;shared_in	witness_arena	1	positive_shift	#A547C7	0.476403	0x8ecd3c98e96aba90
2505	2505	179	aqua_hygiene_object	exa_loop_object	colored_bisimulation_candidate	has_aspect	has_counterfactual;from_aspect	has_counterfactual;to_aspect	has_counterfactual;shared_in	witness_arena	-1	negative_shift	#691CAB	0.543348	0x0d05328de5ff530a
2506	2506	179	aqua_hygiene_object	scip_catcolab_object	colored_bisimulation_candidate	has_aspect	has_counterfactual;from_aspect	has_counterfactual;to_aspect	has_counterfactual;shared_in	witness_arena	1	positive_shift	#232398	1.089505	0x16ff38ff3df3ab2a
2507	2507	180	scip_catcolab_object	color_space_object	colored_bisimulation_candidate	has_aspect	has_counterfactual;from_aspect	has_counterfactual;to_aspect	has_counterfactual;shared_in	witness_arena	1	positive_shift	#8E845D	0.680763	0xa6a64924668cc477
2508	2508	180	scip_catcolab_object	trit_tick_object	colored_bisimulation_candidate	has_aspect	has_counterfactual;from_aspect	has_counterfactual;to_aspect	has_counterfactual;shared_in	witness_arena	-1	negative_shift	#1E722A	0.727953	0xbe486d4f8872d874
2509	2509	180	scip_catcolab_object	rng_determinism_object	colored_bisimulation_candidate	has_aspect	has_counterfactual;from_aspect	has_counterfactual;to_aspect	has_counterfactual;shared_in	witness_arena	0	same_trit_relabel	#8C578E	0.751316	0xd9311970b8bea274
2510	2510	180	scip_catcolab_object	parallel_invariance_object	colored_bisimulation_candidate	has_aspect	has_counterfactual;from_aspect	has_counterfactual;to_aspect	has_counterfactual;shared_in	witness_arena	1	positive_shift	#AA439A	0.988752	0x17f925169ba85e48
2511	2511	180	scip_catcolab_object	palette_interface_object	colored_bisimulation_candidate	has_aspect	has_counterfactual;from_aspect	has_counterfactual;to_aspect	has_counterfactual;shared_in	witness_arena	-1	negative_shift	#9962F6	0.854976	0x2620a77b39b95afc
2512	2512	180	scip_catcolab_object	lisp_semantics_object	colored_bisimulation_candidate	has_aspect	has_counterfactual;from_aspect	has_counterfactual;to_aspect	has_counterfactual;shared_in	witness_arena	0	same_trit_relabel	#26FC09	0.58384	0xbb57874eb7407e5e
2513	2513	180	scip_catcolab_object	entropy_source_object	colored_bisimulation_candidate	has_aspect	has_counterfactual;from_aspect	has_counterfactual;to_aspect	has_counterfactual;shared_in	witness_arena	1	positive_shift	#FD9F01	0.919132	0xb2ee29c3ec07e1f4
2514	2514	180	scip_catcolab_object	propagator_cell_object	colored_bisimulation_candidate	has_aspect	has_counterfactual;from_aspect	has_counterfactual;to_aspect	has_counterfactual;shared_in	witness_arena	-1	negative_shift	#1E285E	1.096469	0xf7a236ae22fe077f
2515	2515	180	scip_catcolab_object	abductive_world_object	colored_bisimulation_candidate	has_aspect	has_counterfactual;from_aspect	has_counterfactual;to_aspect	has_counterfactual;shared_in	witness_arena	0	same_trit_relabel	#1A4A01	0.274202	0x18191898162cb7f5
2516	2516	180	scip_catcolab_object	fuzz_soundness_object	colored_bisimulation_candidate	has_aspect	has_counterfactual;from_aspect	has_counterfactual;to_aspect	has_counterfactual;shared_in	witness_arena	1	positive_shift	#FBF13D	1.212762	0x7ff31d85b2ce3d7f
2517	2517	180	scip_catcolab_object	ternary_regression_object	colored_bisimulation_candidate	has_aspect	has_counterfactual;from_aspect	has_counterfactual;to_aspect	has_counterfactual;shared_in	witness_arena	-1	negative_shift	#4CE139	1.031196	0x613becfaa6d18307
2518	2518	180	scip_catcolab_object	nonriemannian_gate_object	colored_bisimulation_candidate	has_aspect	has_counterfactual;from_aspect	has_counterfactual;to_aspect	has_counterfactual;shared_in	witness_arena	0	same_trit_relabel	#4020C8	0.462363	0x1fff528290099d60
2519	2519	180	scip_catcolab_object	exa_loop_object	colored_bisimulation_candidate	has_aspect	has_counterfactual;from_aspect	has_counterfactual;to_aspect	has_counterfactual;shared_in	witness_arena	1	positive_shift	#A0DCCF	0.563807	0xf93f15ba6606df58
2520	2520	180	scip_catcolab_object	aqua_hygiene_object	colored_bisimulation_candidate	has_aspect	has_counterfactual;from_aspect	has_counterfactual;to_aspect	has_counterfactual;shared_in	witness_arena	-1	negative_shift	#DC3A5E	0.545352	0x3c17969f0625bb37
2521	2521	181	color_space_object	trit_tick_object	colored_bisimulation_candidate	has_aspect	has_counterfactual;from_aspect	has_counterfactual;to_aspect	has_counterfactual;shared_in	witness_arena	1	positive_shift	#274B48	0.895378	0xfd9340702b2de94b
2522	2522	181	color_space_object	rng_determinism_object	colored_bisimulation_candidate	has_aspect	has_counterfactual;from_aspect	has_counterfactual;to_aspect	has_counterfactual;shared_in	witness_arena	-1	negative_shift	#511E41	0.766875	0x6ccc4488ac37b65b
2523	2523	181	color_space_object	parallel_invariance_object	colored_bisimulation_candidate	has_aspect	has_counterfactual;from_aspect	has_counterfactual;to_aspect	has_counterfactual;shared_in	witness_arena	0	same_trit_relabel	#5974FC	0.539839	0x262479da51294ddc
2524	2524	181	color_space_object	palette_interface_object	colored_bisimulation_candidate	has_aspect	has_counterfactual;from_aspect	has_counterfactual;to_aspect	has_counterfactual;shared_in	witness_arena	1	positive_shift	#990089	1.081572	0x17fed7cfc9b4c10b
2525	2525	181	color_space_object	lisp_semantics_object	colored_bisimulation_candidate	has_aspect	has_counterfactual;from_aspect	has_counterfactual;to_aspect	has_counterfactual;shared_in	witness_arena	-1	negative_shift	#4C5B2A	0.824673	0xdb748309dc22e323
2526	2526	181	color_space_object	entropy_source_object	colored_bisimulation_candidate	has_aspect	has_counterfactual;from_aspect	has_counterfactual;to_aspect	has_counterfactual;shared_in	witness_arena	0	same_trit_relabel	#6355B1	0.374443	0x9c3791d08816ca6c
2527	2527	181	color_space_object	propagator_cell_object	colored_bisimulation_candidate	has_aspect	has_counterfactual;from_aspect	has_counterfactual;to_aspect	has_counterfactual;shared_in	witness_arena	1	positive_shift	#D05716	0.626639	0xb8df41747f860e70
2528	2528	181	color_space_object	abductive_world_object	colored_bisimulation_candidate	has_aspect	has_counterfactual;from_aspect	has_counterfactual;to_aspect	has_counterfactual;shared_in	witness_arena	-1	negative_shift	#E7DA42	1.092235	0xba16fa867fe9be49
2529	2529	181	color_space_object	fuzz_soundness_object	colored_bisimulation_candidate	has_aspect	has_counterfactual;from_aspect	has_counterfactual;to_aspect	has_counterfactual;shared_in	witness_arena	0	same_trit_relabel	#55DA92	0.414593	0xebabaa41c4c98fe8
2530	2530	181	color_space_object	ternary_regression_object	colored_bisimulation_candidate	has_aspect	has_counterfactual;from_aspect	has_counterfactual;to_aspect	has_counterfactual;shared_in	witness_arena	1	positive_shift	#C3D5D5	1.098542	0x68e9067916294abb
2531	2531	181	color_space_object	nonriemannian_gate_object	colored_bisimulation_candidate	has_aspect	has_counterfactual;from_aspect	has_counterfactual;to_aspect	has_counterfactual;shared_in	witness_arena	-1	negative_shift	#F8DF5D	0.64047	0xc9d9c9892756c4a3
2532	2532	181	color_space_object	exa_loop_object	colored_bisimulation_candidate	has_aspect	has_counterfactual;from_aspect	has_counterfactual;to_aspect	has_counterfactual;shared_in	witness_arena	0	same_trit_relabel	#98C6A1	0.477547	0xc2598c99af9e75e4
2533	2533	181	color_space_object	aqua_hygiene_object	colored_bisimulation_candidate	has_aspect	has_counterfactual;from_aspect	has_counterfactual;to_aspect	has_counterfactual;shared_in	witness_arena	1	positive_shift	#011E9A	1.014604	0xc4acf4b035dd0c1e
2534	2534	181	color_space_object	scip_catcolab_object	colored_bisimulation_candidate	has_aspect	has_counterfactual;from_aspect	has_counterfactual;to_aspect	has_counterfactual;shared_in	witness_arena	-1	negative_shift	#E325C9	1.176644	0x28a6daa3e7eca367
2535	2535	182	trit_tick_object	color_space_object	colored_bisimulation_candidate	has_aspect	has_counterfactual;from_aspect	has_counterfactual;to_aspect	has_counterfactual;shared_in	witness_arena	-1	negative_shift	#9BFF54	0.974003	0xcf611c4e084cbd36
2536	2536	182	trit_tick_object	rng_determinism_object	colored_bisimulation_candidate	has_aspect	has_counterfactual;from_aspect	has_counterfactual;to_aspect	has_counterfactual;shared_in	witness_arena	1	positive_shift	#9F1C0B	1.157964	0x894ce072b53d4eb2
2537	2537	182	trit_tick_object	parallel_invariance_object	colored_bisimulation_candidate	has_aspect	has_counterfactual;from_aspect	has_counterfactual;to_aspect	has_counterfactual;shared_in	witness_arena	-1	negative_shift	#8BC686	1.440203	0x65262e3543bb9750
2538	2538	182	trit_tick_object	palette_interface_object	colored_bisimulation_candidate	has_aspect	has_counterfactual;from_aspect	has_counterfactual;to_aspect	has_counterfactual;shared_in	witness_arena	0	same_trit_relabel	#B8A376	0.450093	0xf0575b6f4482b678
2539	2539	182	trit_tick_object	lisp_semantics_object	colored_bisimulation_candidate	has_aspect	has_counterfactual;from_aspect	has_counterfactual;to_aspect	has_counterfactual;shared_in	witness_arena	1	positive_shift	#B5AAC1	0.940885	0x6572361ed331c5bf
2540	2540	182	trit_tick_object	entropy_source_object	colored_bisimulation_candidate	has_aspect	has_counterfactual;from_aspect	has_counterfactual;to_aspect	has_counterfactual;shared_in	witness_arena	-1	negative_shift	#B33863	1.253533	0xbd2ebc2bf20457ce
2541	2541	182	trit_tick_object	propagator_cell_object	colored_bisimulation_candidate	has_aspect	has_counterfactual;from_aspect	has_counterfactual;to_aspect	has_counterfactual;shared_in	witness_arena	0	same_trit_relabel	#4E61B2	0.841028	0xfbece4f6294ff8f3
2542	2542	182	trit_tick_object	abductive_world_object	colored_bisimulation_candidate	has_aspect	has_counterfactual;from_aspect	has_counterfactual;to_aspect	has_counterfactual;shared_in	witness_arena	1	positive_shift	#7EA51E	1.187641	0x11e98c162e98da00
2543	2543	182	trit_tick_object	fuzz_soundness_object	colored_bisimulation_candidate	has_aspect	has_counterfactual;from_aspect	has_counterfactual;to_aspect	has_counterfactual;shared_in	witness_arena	-1	negative_shift	#32AC07	1.275269	0xb4bd42ac8bdbc984
2544	2544	182	trit_tick_object	ternary_regression_object	colored_bisimulation_candidate	has_aspect	has_counterfactual;from_aspect	has_counterfactual;to_aspect	has_counterfactual;shared_in	witness_arena	0	same_trit_relabel	#D4F60D	0.216611	0xd699e1106717c18c
2545	2545	182	trit_tick_object	nonriemannian_gate_object	colored_bisimulation_candidate	has_aspect	has_counterfactual;from_aspect	has_counterfactual;to_aspect	has_counterfactual;shared_in	witness_arena	1	positive_shift	#1B03FA	0.993253	0x46583193d0432746
2546	2546	182	trit_tick_object	exa_loop_object	colored_bisimulation_candidate	has_aspect	has_counterfactual;from_aspect	has_counterfactual;to_aspect	has_counterfactual;shared_in	witness_arena	-1	negative_shift	#C74523	0.847179	0xe4470acdb290add6
2547	2547	182	trit_tick_object	aqua_hygiene_object	colored_bisimulation_candidate	has_aspect	has_counterfactual;from_aspect	has_counterfactual;to_aspect	has_counterfactual;shared_in	witness_arena	0	same_trit_relabel	#6B943B	0.45827	0xf3e7928cf81eb85b
2548	2548	182	trit_tick_object	scip_catcolab_object	colored_bisimulation_candidate	has_aspect	has_counterfactual;from_aspect	has_counterfactual;to_aspect	has_counterfactual;shared_in	witness_arena	1	positive_shift	#829A92	1.055754	0x3dcbd1be9c5b5ddf
2549	2549	183	rng_determinism_object	color_space_object	colored_bisimulation_candidate	has_aspect	has_counterfactual;from_aspect	has_counterfactual;to_aspect	has_counterfactual;shared_in	witness_arena	1	positive_shift	#020549	0.694842	0x723126526286d0a8
2550	2550	183	rng_determinism_object	trit_tick_object	colored_bisimulation_candidate	has_aspect	has_counterfactual;from_aspect	has_counterfactual;to_aspect	has_counterfactual;shared_in	witness_arena	-1	negative_shift	#26028D	0.66174	0x200b9fd6cc456821
2551	2551	183	rng_determinism_object	parallel_invariance_object	colored_bisimulation_candidate	has_aspect	has_counterfactual;from_aspect	has_counterfactual;to_aspect	has_counterfactual;shared_in	witness_arena	1	positive_shift	#207114	1.008367	0xf394b95cb9dafb50
2552	2552	183	rng_determinism_object	palette_interface_object	colored_bisimulation_candidate	has_aspect	has_counterfactual;from_aspect	has_counterfactual;to_aspect	has_counterfactual;shared_in	witness_arena	-1	negative_shift	#3FA973	0.807649	0xa2724cb9cd82d551
2553	2553	183	rng_determinism_object	lisp_semantics_object	colored_bisimulation_candidate	has_aspect	has_counterfactual;from_aspect	has_counterfactual;to_aspect	has_counterfactual;shared_in	witness_arena	0	same_trit_relabel	#D9F236	0.512272	0x381b1c384b2a669a
2554	2554	183	rng_determinism_object	entropy_source_object	colored_bisimulation_candidate	has_aspect	has_counterfactual;from_aspect	has_counterfactual;to_aspect	has_counterfactual;shared_in	witness_arena	1	positive_shift	#8DE5F5	0.898652	0x5240cd4b0604b8e1
2555	2555	183	rng_determinism_object	propagator_cell_object	colored_bisimulation_candidate	has_aspect	has_counterfactual;from_aspect	has_counterfactual;to_aspect	has_counterfactual;shared_in	witness_arena	-1	negative_shift	#E4F836	1.014536	0xd4d5f1b5e4abc215
2556	2556	183	rng_determinism_object	abductive_world_object	colored_bisimulation_candidate	has_aspect	has_counterfactual;from_aspect	has_counterfactual;to_aspect	has_counterfactual;shared_in	witness_arena	0	same_trit_relabel	#DCD5A3	0.381422	0x795ab623f5f492f9
2557	2557	183	rng_determinism_object	fuzz_soundness_object	colored_bisimulation_candidate	has_aspect	has_counterfactual;from_aspect	has_counterfactual;to_aspect	has_counterfactual;shared_in	witness_arena	1	positive_shift	#FE83E4	1.137064	0x2a087a74e6069292
2558	2558	183	rng_determinism_object	ternary_regression_object	colored_bisimulation_candidate	has_aspect	has_counterfactual;from_aspect	has_counterfactual;to_aspect	has_counterfactual;shared_in	witness_arena	-1	negative_shift	#226503	0.93025	0x0b6acdf2afd0aa7b
2559	2559	183	rng_determinism_object	nonriemannian_gate_object	colored_bisimulation_candidate	has_aspect	has_counterfactual;from_aspect	has_counterfactual;to_aspect	has_counterfactual;shared_in	witness_arena	0	same_trit_relabel	#A309F2	0.383953	0x90af7ae8f992c95d
2560	2560	183	rng_determinism_object	exa_loop_object	colored_bisimulation_candidate	has_aspect	has_counterfactual;from_aspect	has_counterfactual;to_aspect	has_counterfactual;shared_in	witness_arena	1	positive_shift	#06938C	0.477794	0x504fbeb1be74d668
2561	2561	183	rng_determinism_object	aqua_hygiene_object	colored_bisimulation_candidate	has_aspect	has_counterfactual;from_aspect	has_counterfactual;to_aspect	has_counterfactual;shared_in	witness_arena	-1	negative_shift	#F94312	0.526488	0x559c3bcc4335dc5d
2562	2562	183	rng_determinism_object	scip_catcolab_object	colored_bisimulation_candidate	has_aspect	has_counterfactual;from_aspect	has_counterfactual;to_aspect	has_counterfactual;shared_in	witness_arena	0	same_trit_relabel	#732B4D	0.484532	0xf67a66c28188103b
2563	2563	184	parallel_invariance_object	color_space_object	colored_bisimulation_candidate	has_aspect	has_counterfactual;from_aspect	has_counterfactual;to_aspect	has_counterfactual;shared_in	witness_arena	0	same_trit_relabel	#7FFF61	0.72977	0x3f3b79f03c01f575
2564	2564	184	parallel_invariance_object	trit_tick_object	colored_bisimulation_candidate	has_aspect	has_counterfactual;from_aspect	has_counterfactual;to_aspect	has_counterfactual;shared_in	witness_arena	1	positive_shift	#61019B	1.105643	0xae423ee58ee05290
2565	2565	184	parallel_invariance_object	rng_determinism_object	colored_bisimulation_candidate	has_aspect	has_counterfactual;from_aspect	has_counterfactual;to_aspect	has_counterfactual;shared_in	witness_arena	-1	negative_shift	#C08754	1.271515	0xd03aceb02a467187
2566	2566	184	parallel_invariance_object	palette_interface_object	colored_bisimulation_candidate	has_aspect	has_counterfactual;from_aspect	has_counterfactual;to_aspect	has_counterfactual;shared_in	witness_arena	1	positive_shift	#B3039B	1.275171	0x28f1064c7ad8ea5d
2567	2567	184	parallel_invariance_object	lisp_semantics_object	colored_bisimulation_candidate	has_aspect	has_counterfactual;from_aspect	has_counterfactual;to_aspect	has_counterfactual;shared_in	witness_arena	-1	negative_shift	#2946D8	1.213811	0xa6a39bd42f3e09fb
2568	2568	184	parallel_invariance_object	entropy_source_object	colored_bisimulation_candidate	has_aspect	has_counterfactual;from_aspect	has_counterfactual;to_aspect	has_counterfactual;shared_in	witness_arena	0	same_trit_relabel	#3BEF30	0.616086	0xdc8e2323cf26f1e3
2569	2569	184	parallel_invariance_object	propagator_cell_object	colored_bisimulation_candidate	has_aspect	has_counterfactual;from_aspect	has_counterfactual;to_aspect	has_counterfactual;shared_in	witness_arena	1	positive_shift	#3C17C0	1.252939	0xd48fb63c339db2f0
2570	2570	184	parallel_invariance_object	abductive_world_object	colored_bisimulation_candidate	has_aspect	has_counterfactual;from_aspect	has_counterfactual;to_aspect	has_counterfactual;shared_in	witness_arena	-1	negative_shift	#BE9534	0.778565	0x99e8d3211135c3f4
2571	2571	184	parallel_invariance_object	fuzz_soundness_object	colored_bisimulation_candidate	has_aspect	has_counterfactual;from_aspect	has_counterfactual;to_aspect	has_counterfactual;shared_in	witness_arena	0	same_trit_relabel	#70443D	1.004817	0xfc298b8f0aba4c14
2572	2572	184	parallel_invariance_object	ternary_regression_object	colored_bisimulation_candidate	has_aspect	has_counterfactual;from_aspect	has_counterfactual;to_aspect	has_counterfactual;shared_in	witness_arena	1	positive_shift	#0B4042	1.49689	0xb1d2bba36c786917
2573	2573	184	parallel_invariance_object	nonriemannian_gate_object	colored_bisimulation_candidate	has_aspect	has_counterfactual;from_aspect	has_counterfactual;to_aspect	has_counterfactual;shared_in	witness_arena	-1	negative_shift	#9CB124	1.048845	0x63dc719875f33e37
2574	2574	184	parallel_invariance_object	exa_loop_object	colored_bisimulation_candidate	has_aspect	has_counterfactual;from_aspect	has_counterfactual;to_aspect	has_counterfactual;shared_in	witness_arena	0	same_trit_relabel	#1D7213	0.661072	0x7be027983cff25d7
2575	2575	184	parallel_invariance_object	aqua_hygiene_object	colored_bisimulation_candidate	has_aspect	has_counterfactual;from_aspect	has_counterfactual;to_aspect	has_counterfactual;shared_in	witness_arena	1	positive_shift	#67E1C9	1.058855	0x17c51b14ab3cfc88
2576	2576	184	parallel_invariance_object	scip_catcolab_object	colored_bisimulation_candidate	has_aspect	has_counterfactual;from_aspect	has_counterfactual;to_aspect	has_counterfactual;shared_in	witness_arena	-1	negative_shift	#FAE8E4	1.089739	0xb9051c3d6d3b5337
2577	2577	185	palette_interface_object	color_space_object	colored_bisimulation_candidate	has_aspect	has_counterfactual;from_aspect	has_counterfactual;to_aspect	has_counterfactual;shared_in	witness_arena	-1	negative_shift	#D85BEA	1.272269	0xadd11de60a070288
2578	2578	185	palette_interface_object	trit_tick_object	colored_bisimulation_candidate	has_aspect	has_counterfactual;from_aspect	has_counterfactual;to_aspect	has_counterfactual;shared_in	witness_arena	0	same_trit_relabel	#4620DE	0.716918	0xa707521445fc6a9d
2579	2579	185	palette_interface_object	rng_determinism_object	colored_bisimulation_candidate	has_aspect	has_counterfactual;from_aspect	has_counterfactual;to_aspect	has_counterfactual;shared_in	witness_arena	1	positive_shift	#4E1A06	0.927215	0x6ef4acde0ffde34d
2580	2580	185	palette_interface_object	parallel_invariance_object	colored_bisimulation_candidate	has_aspect	has_counterfactual;from_aspect	has_counterfactual;to_aspect	has_counterfactual;shared_in	witness_arena	-1	negative_shift	#598DF7	0.959975	0x1edfcaae73962f36
2581	2581	185	palette_interface_object	lisp_semantics_object	colored_bisimulation_candidate	has_aspect	has_counterfactual;from_aspect	has_counterfactual;to_aspect	has_counterfactual;shared_in	witness_arena	1	positive_shift	#44BCF4	0.582654	0xd982f72fadf22e71
2582	2582	185	palette_interface_object	entropy_source_object	colored_bisimulation_candidate	has_aspect	has_counterfactual;from_aspect	has_counterfactual;to_aspect	has_counterfactual;shared_in	witness_arena	-1	negative_shift	#25DF11	0.713078	0xd368890d2e670fd9
2583	2583	185	palette_interface_object	propagator_cell_object	colored_bisimulation_candidate	has_aspect	has_counterfactual;from_aspect	has_counterfactual;to_aspect	has_counterfactual;shared_in	witness_arena	0	same_trit_relabel	#0EEA48	0.279231	0x5a6b1ea7dade7277
2584	2584	185	palette_interface_object	abductive_world_object	colored_bisimulation_candidate	has_aspect	has_counterfactual;from_aspect	has_counterfactual;to_aspect	has_counterfactual;shared_in	witness_arena	1	positive_shift	#39EE91	1.263349	0x0dc647bab0dadea6
2585	2585	185	palette_interface_object	fuzz_soundness_object	colored_bisimulation_candidate	has_aspect	has_counterfactual;from_aspect	has_counterfactual;to_aspect	has_counterfactual;shared_in	witness_arena	-1	negative_shift	#314F1A	0.57126	0xd30e97d87e000c2c
2586	2586	185	palette_interface_object	ternary_regression_object	colored_bisimulation_candidate	has_aspect	has_counterfactual;from_aspect	has_counterfactual;to_aspect	has_counterfactual;shared_in	witness_arena	0	same_trit_relabel	#DB46AE	0.651346	0x242919360879c5f5
2587	2587	185	palette_interface_object	nonriemannian_gate_object	colored_bisimulation_candidate	has_aspect	has_counterfactual;from_aspect	has_counterfactual;to_aspect	has_counterfactual;shared_in	witness_arena	1	positive_shift	#E5DD38	0.839474	0xdffe61cdae653a6a
2588	2588	185	palette_interface_object	exa_loop_object	colored_bisimulation_candidate	has_aspect	has_counterfactual;from_aspect	has_counterfactual;to_aspect	has_counterfactual;shared_in	witness_arena	-1	negative_shift	#2CD1C3	0.94244	0x062d0a6c42939763
2589	2589	185	palette_interface_object	aqua_hygiene_object	colored_bisimulation_candidate	has_aspect	has_counterfactual;from_aspect	has_counterfactual;to_aspect	has_counterfactual;shared_in	witness_arena	0	same_trit_relabel	#C9CA5D	0.738755	0x95c3dec7a6c5fae7
2590	2590	185	palette_interface_object	scip_catcolab_object	colored_bisimulation_candidate	has_aspect	has_counterfactual;from_aspect	has_counterfactual;to_aspect	has_counterfactual;shared_in	witness_arena	1	positive_shift	#E26085	1.155405	0x3750930d8b1ee88f
2591	2591	186	lisp_semantics_object	color_space_object	colored_bisimulation_candidate	has_aspect	has_counterfactual;from_aspect	has_counterfactual;to_aspect	has_counterfactual;shared_in	witness_arena	1	positive_shift	#D0A18E	0.846025	0x04419c4232136bf8
2592	2592	186	lisp_semantics_object	trit_tick_object	colored_bisimulation_candidate	has_aspect	has_counterfactual;from_aspect	has_counterfactual;to_aspect	has_counterfactual;shared_in	witness_arena	-1	negative_shift	#84F753	0.566889	0x698486669ed760c8
2593	2593	186	lisp_semantics_object	rng_determinism_object	colored_bisimulation_candidate	has_aspect	has_counterfactual;from_aspect	has_counterfactual;to_aspect	has_counterfactual;shared_in	witness_arena	0	same_trit_relabel	#995D3A	0.306033	0x669d3113507c67a3
2594	2594	186	lisp_semantics_object	parallel_invariance_object	colored_bisimulation_candidate	has_aspect	has_counterfactual;from_aspect	has_counterfactual;to_aspect	has_counterfactual;shared_in	witness_arena	1	positive_shift	#B9CEB8	1.143932	0x80681cf1b0b9af95
2595	2595	186	lisp_semantics_object	palette_interface_object	colored_bisimulation_candidate	has_aspect	has_counterfactual;from_aspect	has_counterfactual;to_aspect	has_counterfactual;shared_in	witness_arena	-1	negative_shift	#A2EA2E	1.076375	0x753761be811cd191
2596	2596	186	lisp_semantics_object	entropy_source_object	colored_bisimulation_candidate	has_aspect	has_counterfactual;from_aspect	has_counterfactual;to_aspect	has_counterfactual;shared_in	witness_arena	1	positive_shift	#03EF63	0.991	0x096b973d99d2b587
2597	2597	186	lisp_semantics_object	propagator_cell_object	colored_bisimulation_candidate	has_aspect	has_counterfactual;from_aspect	has_counterfactual;to_aspect	has_counterfactual;shared_in	witness_arena	-1	negative_shift	#E81B30	0.799984	0x5dc9a1ce33088bd5
2598	2598	186	lisp_semantics_object	abductive_world_object	colored_bisimulation_candidate	has_aspect	has_counterfactual;from_aspect	has_counterfactual;to_aspect	has_counterfactual;shared_in	witness_arena	0	same_trit_relabel	#1E54CE	0.683996	0x9deea3d8cdaf4889
2599	2599	186	lisp_semantics_object	fuzz_soundness_object	colored_bisimulation_candidate	has_aspect	has_counterfactual;from_aspect	has_counterfactual;to_aspect	has_counterfactual;shared_in	witness_arena	1	positive_shift	#CFA560	0.9974	0x9cf2cd3da083912b
2600	2600	186	lisp_semantics_object	ternary_regression_object	colored_bisimulation_candidate	has_aspect	has_counterfactual;from_aspect	has_counterfactual;to_aspect	has_counterfactual;shared_in	witness_arena	-1	negative_shift	#A90E43	0.915538	0x3ec25c20e6274b1b
2601	2601	186	lisp_semantics_object	nonriemannian_gate_object	colored_bisimulation_candidate	has_aspect	has_counterfactual;from_aspect	has_counterfactual;to_aspect	has_counterfactual;shared_in	witness_arena	0	same_trit_relabel	#A2C309	0.060244	0xb5d983c188f851e0
2602	2602	186	lisp_semantics_object	exa_loop_object	colored_bisimulation_candidate	has_aspect	has_counterfactual;from_aspect	has_counterfactual;to_aspect	has_counterfactual;shared_in	witness_arena	1	positive_shift	#3BBFD1	0.596605	0xa274cc59c7280ce5
2603	2603	186	lisp_semantics_object	aqua_hygiene_object	colored_bisimulation_candidate	has_aspect	has_counterfactual;from_aspect	has_counterfactual;to_aspect	has_counterfactual;shared_in	witness_arena	-1	negative_shift	#41B11C	0.856271	0xc81cf6d5be3b2629
2604	2604	186	lisp_semantics_object	scip_catcolab_object	colored_bisimulation_candidate	has_aspect	has_counterfactual;from_aspect	has_counterfactual;to_aspect	has_counterfactual;shared_in	witness_arena	0	same_trit_relabel	#07B567	0.852362	0x0470c09104f578b5
2605	2605	187	entropy_source_object	color_space_object	colored_bisimulation_candidate	has_aspect	has_counterfactual;from_aspect	has_counterfactual;to_aspect	has_counterfactual;shared_in	witness_arena	0	same_trit_relabel	#861EF8	0.171342	0x31630b566c1f6605
2606	2606	187	entropy_source_object	trit_tick_object	colored_bisimulation_candidate	has_aspect	has_counterfactual;from_aspect	has_counterfactual;to_aspect	has_counterfactual;shared_in	witness_arena	1	positive_shift	#E973AF	0.652743	0x198243cbf6f44821
2607	2607	187	entropy_source_object	rng_determinism_object	colored_bisimulation_candidate	has_aspect	has_counterfactual;from_aspect	has_counterfactual;to_aspect	has_counterfactual;shared_in	witness_arena	-1	negative_shift	#EF81FF	1.108823	0x4c03894f5662e4cd
2608	2608	187	entropy_source_object	parallel_invariance_object	colored_bisimulation_candidate	has_aspect	has_counterfactual;from_aspect	has_counterfactual;to_aspect	has_counterfactual;shared_in	witness_arena	0	same_trit_relabel	#314645	0.852028	0x26658613dff04350
2609	2609	187	entropy_source_object	palette_interface_object	colored_bisimulation_candidate	has_aspect	has_counterfactual;from_aspect	has_counterfactual;to_aspect	has_counterfactual;shared_in	witness_arena	1	positive_shift	#B3E81F	0.917081	0x531f7ca347f7179c
2610	2610	187	entropy_source_object	lisp_semantics_object	colored_bisimulation_candidate	has_aspect	has_counterfactual;from_aspect	has_counterfactual;to_aspect	has_counterfactual;shared_in	witness_arena	-1	negative_shift	#D91559	1.036345	0x80d87339293f65df
2611	2611	187	entropy_source_object	propagator_cell_object	colored_bisimulation_candidate	has_aspect	has_counterfactual;from_aspect	has_counterfactual;to_aspect	has_counterfactual;shared_in	witness_arena	1	positive_shift	#D7C94F	1.192157	0x6f3ba52f12267344
2612	2612	187	entropy_source_object	abductive_world_object	colored_bisimulation_candidate	has_aspect	has_counterfactual;from_aspect	has_counterfactual;to_aspect	has_counterfactual;shared_in	witness_arena	-1	negative_shift	#964CAD	0.673336	0x2780e3cfb64e6e69
2613	2613	187	entropy_source_object	fuzz_soundness_object	colored_bisimulation_candidate	has_aspect	has_counterfactual;from_aspect	has_counterfactual;to_aspect	has_counterfactual;shared_in	witness_arena	0	same_trit_relabel	#F5C196	1.0001	0x71099d7e1c488b9c
2614	2614	187	entropy_source_object	ternary_regression_object	colored_bisimulation_candidate	has_aspect	has_counterfactual;from_aspect	has_counterfactual;to_aspect	has_counterfactual;shared_in	witness_arena	1	positive_shift	#F965A3	0.982137	0xd638d5f8a9f7fba2
2615	2615	187	entropy_source_object	nonriemannian_gate_object	colored_bisimulation_candidate	has_aspect	has_counterfactual;from_aspect	has_counterfactual;to_aspect	has_counterfactual;shared_in	witness_arena	-1	negative_shift	#35BFC7	0.837144	0xf9082baa65a11d7b
2616	2616	187	entropy_source_object	exa_loop_object	colored_bisimulation_candidate	has_aspect	has_counterfactual;from_aspect	has_counterfactual;to_aspect	has_counterfactual;shared_in	witness_arena	0	same_trit_relabel	#213325	0.234049	0x072c29925d4165a6
2617	2617	187	entropy_source_object	aqua_hygiene_object	colored_bisimulation_candidate	has_aspect	has_counterfactual;from_aspect	has_counterfactual;to_aspect	has_counterfactual;shared_in	witness_arena	1	positive_shift	#6EE945	0.494976	0x561fbe0997b18e1a
2618	2618	187	entropy_source_object	scip_catcolab_object	colored_bisimulation_candidate	has_aspect	has_counterfactual;from_aspect	has_counterfactual;to_aspect	has_counterfactual;shared_in	witness_arena	-1	negative_shift	#7FBD9E	0.87495	0xab6ea04e27b40409
2619	2619	188	propagator_cell_object	color_space_object	colored_bisimulation_candidate	has_aspect	has_counterfactual;from_aspect	has_counterfactual;to_aspect	has_counterfactual;shared_in	witness_arena	-1	negative_shift	#57F8EE	0.857079	0x7587d5be0caa3bfd
2620	2620	188	propagator_cell_object	trit_tick_object	colored_bisimulation_candidate	has_aspect	has_counterfactual;from_aspect	has_counterfactual;to_aspect	has_counterfactual;shared_in	witness_arena	0	same_trit_relabel	#E2640C	0.763388	0xe5b0c53866bfea73
2621	2621	188	propagator_cell_object	rng_determinism_object	colored_bisimulation_candidate	has_aspect	has_counterfactual;from_aspect	has_counterfactual;to_aspect	has_counterfactual;shared_in	witness_arena	1	positive_shift	#E64D17	1.540954	0x8cbb4ae6a2910d09
2622	2622	188	propagator_cell_object	parallel_invariance_object	colored_bisimulation_candidate	has_aspect	has_counterfactual;from_aspect	has_counterfactual;to_aspect	has_counterfactual;shared_in	witness_arena	-1	negative_shift	#37BDE9	1.302088	0x4f3e490751dba20b
2623	2623	188	propagator_cell_object	palette_interface_object	colored_bisimulation_candidate	has_aspect	has_counterfactual;from_aspect	has_counterfactual;to_aspect	has_counterfactual;shared_in	witness_arena	0	same_trit_relabel	#758BE3	0.647973	0x401ae3907542c4eb
2624	2624	188	propagator_cell_object	lisp_semantics_object	colored_bisimulation_candidate	has_aspect	has_counterfactual;from_aspect	has_counterfactual;to_aspect	has_counterfactual;shared_in	witness_arena	1	positive_shift	#F5DC5D	1.241759	0xe82ef577eb0bd4d3
2625	2625	188	propagator_cell_object	entropy_source_object	colored_bisimulation_candidate	has_aspect	has_counterfactual;from_aspect	has_counterfactual;to_aspect	has_counterfactual;shared_in	witness_arena	-1	negative_shift	#B0EA9D	1.291818	0x21c0ceb2381751ee
2626	2626	188	propagator_cell_object	abductive_world_object	colored_bisimulation_candidate	has_aspect	has_counterfactual;from_aspect	has_counterfactual;to_aspect	has_counterfactual;shared_in	witness_arena	1	positive_shift	#8994DD	0.708515	0x4b707cde68d26843
2627	2627	188	propagator_cell_object	fuzz_soundness_object	colored_bisimulation_candidate	has_aspect	has_counterfactual;from_aspect	has_counterfactual;to_aspect	has_counterfactual;shared_in	witness_arena	-1	negative_shift	#8511F3	1.645565	0xb50b80a83e7ea4ac
2628	2628	188	propagator_cell_object	ternary_regression_object	colored_bisimulation_candidate	has_aspect	has_counterfactual;from_aspect	has_counterfactual;to_aspect	has_counterfactual;shared_in	witness_arena	0	same_trit_relabel	#E53C9C	0.948533	0xebcd89a37a63dc30
2629	2629	188	propagator_cell_object	nonriemannian_gate_object	colored_bisimulation_candidate	has_aspect	has_counterfactual;from_aspect	has_counterfactual;to_aspect	has_counterfactual;shared_in	witness_arena	1	positive_shift	#F4AB9A	1.257967	0xa2628c9ccc408e3e
2630	2630	188	propagator_cell_object	exa_loop_object	colored_bisimulation_candidate	has_aspect	has_counterfactual;from_aspect	has_counterfactual;to_aspect	has_counterfactual;shared_in	witness_arena	-1	negative_shift	#017143	0.984337	0x77dfd8c4aeaaaf81
2631	2631	188	propagator_cell_object	aqua_hygiene_object	colored_bisimulation_candidate	has_aspect	has_counterfactual;from_aspect	has_counterfactual;to_aspect	has_counterfactual;shared_in	witness_arena	0	same_trit_relabel	#B1EE48	0.418176	0xceedce1a094052b7
2632	2632	188	propagator_cell_object	scip_catcolab_object	colored_bisimulation_candidate	has_aspect	has_counterfactual;from_aspect	has_counterfactual;to_aspect	has_counterfactual;shared_in	witness_arena	1	positive_shift	#6D763F	0.729295	0xbddc45dae7a6d9ac
2633	2633	189	abductive_world_object	color_space_object	colored_bisimulation_candidate	has_aspect	has_counterfactual;from_aspect	has_counterfactual;to_aspect	has_counterfactual;shared_in	witness_arena	1	positive_shift	#98651D	1.102091	0xbf5dec55c5c3324e
2634	2634	189	abductive_world_object	trit_tick_object	colored_bisimulation_candidate	has_aspect	has_counterfactual;from_aspect	has_counterfactual;to_aspect	has_counterfactual;shared_in	witness_arena	-1	negative_shift	#BA6F83	0.818183	0x2de69606bf45b06d
2635	2635	189	abductive_world_object	rng_determinism_object	colored_bisimulation_candidate	has_aspect	has_counterfactual;from_aspect	has_counterfactual;to_aspect	has_counterfactual;shared_in	witness_arena	0	same_trit_relabel	#F1063A	0.200461	0x7470f471b23b9263
2636	2636	189	abductive_world_object	parallel_invariance_object	colored_bisimulation_candidate	has_aspect	has_counterfactual;from_aspect	has_counterfactual;to_aspect	has_counterfactual;shared_in	witness_arena	1	positive_shift	#6E41DE	1.437302	0x238e137ca40b403a
2637	2637	189	abductive_world_object	palette_interface_object	colored_bisimulation_candidate	has_aspect	has_counterfactual;from_aspect	has_counterfactual;to_aspect	has_counterfactual;shared_in	witness_arena	-1	negative_shift	#5090DF	1.40344	0x28e1029dfe270103
2638	2638	189	abductive_world_object	lisp_semantics_object	colored_bisimulation_candidate	has_aspect	has_counterfactual;from_aspect	has_counterfactual;to_aspect	has_counterfactual;shared_in	witness_arena	0	same_trit_relabel	#D8E338	0.908679	0x570f5f8b98ec508f
2639	2639	189	abductive_world_object	entropy_source_object	colored_bisimulation_candidate	has_aspect	has_counterfactual;from_aspect	has_counterfactual;to_aspect	has_counterfactual;shared_in	witness_arena	1	positive_shift	#9FE909	1.281429	0xc4103e4581a3d968
2640	2640	189	abductive_world_object	propagator_cell_object	colored_bisimulation_candidate	has_aspect	has_counterfactual;from_aspect	has_counterfactual;to_aspect	has_counterfactual;shared_in	witness_arena	-1	negative_shift	#D207B0	0.90039	0x9b61c86a89992ea7
2641	2641	189	abductive_world_object	fuzz_soundness_object	colored_bisimulation_candidate	has_aspect	has_counterfactual;from_aspect	has_counterfactual;to_aspect	has_counterfactual;shared_in	witness_arena	1	positive_shift	#D791BE	1.118803	0x29816ce980ada6f4
2642	2642	189	abductive_world_object	ternary_regression_object	colored_bisimulation_candidate	has_aspect	has_counterfactual;from_aspect	has_counterfactual;to_aspect	has_counterfactual;shared_in	witness_arena	-1	negative_shift	#458724	1.083717	0xce7d1361c74d3d23
2643	2643	189	abductive_world_object	nonriemannian_gate_object	colored_bisimulation_candidate	has_aspect	has_counterfactual;from_aspect	has_counterfactual;to_aspect	has_counterfactual;shared_in	witness_arena	0	same_trit_relabel	#591BAD	0.379015	0x7b137ecb6d4f7cf5
2644	2644	189	abductive_world_object	exa_loop_object	colored_bisimulation_candidate	has_aspect	has_counterfactual;from_aspect	has_counterfactual;to_aspect	has_counterfactual;shared_in	witness_arena	1	positive_shift	#071EC9	0.939416	0xc30f04336f13826b
2645	2645	189	abductive_world_object	aqua_hygiene_object	colored_bisimulation_candidate	has_aspect	has_counterfactual;from_aspect	has_counterfactual;to_aspect	has_counterfactual;shared_in	witness_arena	-1	negative_shift	#F002A2	1.19058	0xe02f021e5e5873de
2646	2646	189	abductive_world_object	scip_catcolab_object	colored_bisimulation_candidate	has_aspect	has_counterfactual;from_aspect	has_counterfactual;to_aspect	has_counterfactual;shared_in	witness_arena	0	same_trit_relabel	#340169	1.212577	0x37a1719b163928de
2647	2647	190	fuzz_soundness_object	color_space_object	colored_bisimulation_candidate	has_aspect	has_counterfactual;from_aspect	has_counterfactual;to_aspect	has_counterfactual;shared_in	witness_arena	0	same_trit_relabel	#5CE3A6	1.064141	0x7fbb42bd73d80b1f
2648	2648	190	fuzz_soundness_object	trit_tick_object	colored_bisimulation_candidate	has_aspect	has_counterfactual;from_aspect	has_counterfactual;to_aspect	has_counterfactual;shared_in	witness_arena	1	positive_shift	#94B2FA	1.350654	0x7accf32a8e49e09b
2649	2649	190	fuzz_soundness_object	rng_determinism_object	colored_bisimulation_candidate	has_aspect	has_counterfactual;from_aspect	has_counterfactual;to_aspect	has_counterfactual;shared_in	witness_arena	-1	negative_shift	#6D4EEC	1.40098	0x4fc13bd94af1c20b
2650	2650	190	fuzz_soundness_object	parallel_invariance_object	colored_bisimulation_candidate	has_aspect	has_counterfactual;from_aspect	has_counterfactual;to_aspect	has_counterfactual;shared_in	witness_arena	0	same_trit_relabel	#6A7107	0.118169	0x53834ea5b8f7c4ef
2651	2651	190	fuzz_soundness_object	palette_interface_object	colored_bisimulation_candidate	has_aspect	has_counterfactual;from_aspect	has_counterfactual;to_aspect	has_counterfactual;shared_in	witness_arena	1	positive_shift	#0C8553	1.115477	0xb628c30eebdf9c59
2652	2652	190	fuzz_soundness_object	lisp_semantics_object	colored_bisimulation_candidate	has_aspect	has_counterfactual;from_aspect	has_counterfactual;to_aspect	has_counterfactual;shared_in	witness_arena	-1	negative_shift	#5194D4	0.964474	0x6546880166d2bc50
2653	2653	190	fuzz_soundness_object	entropy_source_object	colored_bisimulation_candidate	has_aspect	has_counterfactual;from_aspect	has_counterfactual;to_aspect	has_counterfactual;shared_in	witness_arena	0	same_trit_relabel	#B49B4D	0.299763	0x9237d9bf9ffa1e6d
2654	2654	190	fuzz_soundness_object	propagator_cell_object	colored_bisimulation_candidate	has_aspect	has_counterfactual;from_aspect	has_counterfactual;to_aspect	has_counterfactual;shared_in	witness_arena	1	positive_shift	#1E8CF3	1.16672	0xdd7a216f2e5e0ac4
2655	2655	190	fuzz_soundness_object	abductive_world_object	colored_bisimulation_candidate	has_aspect	has_counterfactual;from_aspect	has_counterfactual;to_aspect	has_counterfactual;shared_in	witness_arena	-1	negative_shift	#6DF295	1.107126	0x57a829254074146e
2656	2656	190	fuzz_soundness_object	ternary_regression_object	colored_bisimulation_candidate	has_aspect	has_counterfactual;from_aspect	has_counterfactual;to_aspect	has_counterfactual;shared_in	witness_arena	1	positive_shift	#5A75C6	1.493939	0xaeffceb4260931ec
2657	2657	190	fuzz_soundness_object	nonriemannian_gate_object	colored_bisimulation_candidate	has_aspect	has_counterfactual;from_aspect	has_counterfactual;to_aspect	has_counterfactual;shared_in	witness_arena	-1	negative_shift	#F41EF8	1.204292	0x20a33de176540738
2658	2658	190	fuzz_soundness_object	exa_loop_object	colored_bisimulation_candidate	has_aspect	has_counterfactual;from_aspect	has_counterfactual;to_aspect	has_counterfactual;shared_in	witness_arena	0	same_trit_relabel	#44627B	0.845832	0xc46df81843e2c0a5
2659	2659	190	fuzz_soundness_object	aqua_hygiene_object	colored_bisimulation_candidate	has_aspect	has_counterfactual;from_aspect	has_counterfactual;to_aspect	has_counterfactual;shared_in	witness_arena	1	positive_shift	#A43D82	1.201569	0x706644aa5d516984
2660	2660	190	fuzz_soundness_object	scip_catcolab_object	colored_bisimulation_candidate	has_aspect	has_counterfactual;from_aspect	has_counterfactual;to_aspect	has_counterfactual;shared_in	witness_arena	-1	negative_shift	#9C85EA	1.018228	0x8478713e802e6b4e
2661	2661	191	ternary_regression_object	color_space_object	colored_bisimulation_candidate	has_aspect	has_counterfactual;from_aspect	has_counterfactual;to_aspect	has_counterfactual;shared_in	witness_arena	-1	negative_shift	#E2220D	1.150922	0x153f80368c1a701d
2662	2662	191	ternary_regression_object	trit_tick_object	colored_bisimulation_candidate	has_aspect	has_counterfactual;from_aspect	has_counterfactual;to_aspect	has_counterfactual;shared_in	witness_arena	0	same_trit_relabel	#235EA1	0.740304	0x2b5a867f3f97e9d2
2663	2663	191	ternary_regression_object	rng_determinism_object	colored_bisimulation_candidate	has_aspect	has_counterfactual;from_aspect	has_counterfactual;to_aspect	has_counterfactual;shared_in	witness_arena	1	positive_shift	#C18A48	1.207025	0x8583c0b8f18287c9
2664	2664	191	ternary_regression_object	parallel_invariance_object	colored_bisimulation_candidate	has_aspect	has_counterfactual;from_aspect	has_counterfactual;to_aspect	has_counterfactual;shared_in	witness_arena	-1	negative_shift	#3A2E64	0.805878	0xd46deb32b50b7dae
2665	2665	191	ternary_regression_object	palette_interface_object	colored_bisimulation_candidate	has_aspect	has_counterfactual;from_aspect	has_counterfactual;to_aspect	has_counterfactual;shared_in	witness_arena	0	same_trit_relabel	#CD3EBF	0.323832	0x7d46e0a18f76638f
2666	2666	191	ternary_regression_object	lisp_semantics_object	colored_bisimulation_candidate	has_aspect	has_counterfactual;from_aspect	has_counterfactual;to_aspect	has_counterfactual;shared_in	witness_arena	1	positive_shift	#043AA4	0.562468	0xc1e7c0b11cd08d55
2667	2667	191	ternary_regression_object	entropy_source_object	colored_bisimulation_candidate	has_aspect	has_counterfactual;from_aspect	has_counterfactual;to_aspect	has_counterfactual;shared_in	witness_arena	-1	negative_shift	#4E6689	0.650447	0x799993a88a09027d
2668	2668	191	ternary_regression_object	propagator_cell_object	colored_bisimulation_candidate	has_aspect	has_counterfactual;from_aspect	has_counterfactual;to_aspect	has_counterfactual;shared_in	witness_arena	0	same_trit_relabel	#6004E2	0.661177	0x06a685432ee665b1
2669	2669	191	ternary_regression_object	abductive_world_object	colored_bisimulation_candidate	has_aspect	has_counterfactual;from_aspect	has_counterfactual;to_aspect	has_counterfactual;shared_in	witness_arena	1	positive_shift	#3C8E47	1.005353	0x4f98189241d1b5bc
2670	2670	191	ternary_regression_object	fuzz_soundness_object	colored_bisimulation_candidate	has_aspect	has_counterfactual;from_aspect	has_counterfactual;to_aspect	has_counterfactual;shared_in	witness_arena	-1	negative_shift	#61D438	0.977629	0x81d562a99679b8fc
2671	2671	191	ternary_regression_object	nonriemannian_gate_object	colored_bisimulation_candidate	has_aspect	has_counterfactual;from_aspect	has_counterfactual;to_aspect	has_counterfactual;shared_in	witness_arena	1	positive_shift	#93C2BE	0.983202	0x3ffe05f31cefb061
2672	2672	191	ternary_regression_object	exa_loop_object	colored_bisimulation_candidate	has_aspect	has_counterfactual;from_aspect	has_counterfactual;to_aspect	has_counterfactual;shared_in	witness_arena	-1	negative_shift	#2C93D6	0.894501	0xec9377191d18e614
2673	2673	191	ternary_regression_object	aqua_hygiene_object	colored_bisimulation_candidate	has_aspect	has_counterfactual;from_aspect	has_counterfactual;to_aspect	has_counterfactual;shared_in	witness_arena	0	same_trit_relabel	#4AA4EA	0.538013	0x13025811a366cada
2674	2674	191	ternary_regression_object	scip_catcolab_object	colored_bisimulation_candidate	has_aspect	has_counterfactual;from_aspect	has_counterfactual;to_aspect	has_counterfactual;shared_in	witness_arena	1	positive_shift	#F9C7E6	0.759072	0x18fbe37ff9758dee
2675	2675	192	nonriemannian_gate_object	color_space_object	colored_bisimulation_candidate	has_aspect	has_counterfactual;from_aspect	has_counterfactual;to_aspect	has_counterfactual;shared_in	witness_arena	1	positive_shift	#25DD00	1.559437	0xd52d02b97b9a6a82
2676	2676	192	nonriemannian_gate_object	trit_tick_object	colored_bisimulation_candidate	has_aspect	has_counterfactual;from_aspect	has_counterfactual;to_aspect	has_counterfactual;shared_in	witness_arena	-1	negative_shift	#9EDE97	1.290333	0xa5c9101b2e022695
2677	2677	192	nonriemannian_gate_object	rng_determinism_object	colored_bisimulation_candidate	has_aspect	has_counterfactual;from_aspect	has_counterfactual;to_aspect	has_counterfactual;shared_in	witness_arena	0	same_trit_relabel	#44338B	0.640069	0x983753454b4c9219
2678	2678	192	nonriemannian_gate_object	parallel_invariance_object	colored_bisimulation_candidate	has_aspect	has_counterfactual;from_aspect	has_counterfactual;to_aspect	has_counterfactual;shared_in	witness_arena	1	positive_shift	#3FBF36	1.196969	0x68558303a14ab497
2679	2679	192	nonriemannian_gate_object	palette_interface_object	colored_bisimulation_candidate	has_aspect	has_counterfactual;from_aspect	has_counterfactual;to_aspect	has_counterfactual;shared_in	witness_arena	-1	negative_shift	#BB5B82	1.270605	0x7048c64ec6630b52
2680	2680	192	nonriemannian_gate_object	lisp_semantics_object	colored_bisimulation_candidate	has_aspect	has_counterfactual;from_aspect	has_counterfactual;to_aspect	has_counterfactual;shared_in	witness_arena	0	same_trit_relabel	#334664	0.588105	0xa5f045f6c8c89b04
2681	2681	192	nonriemannian_gate_object	entropy_source_object	colored_bisimulation_candidate	has_aspect	has_counterfactual;from_aspect	has_counterfactual;to_aspect	has_counterfactual;shared_in	witness_arena	1	positive_shift	#CC45F2	0.97975	0x05f039b972d9090a
2682	2682	192	nonriemannian_gate_object	propagator_cell_object	colored_bisimulation_candidate	has_aspect	has_counterfactual;from_aspect	has_counterfactual;to_aspect	has_counterfactual;shared_in	witness_arena	-1	negative_shift	#2BFDD4	0.636539	0xdded0866a58b0af6
2683	2683	192	nonriemannian_gate_object	abductive_world_object	colored_bisimulation_candidate	has_aspect	has_counterfactual;from_aspect	has_counterfactual;to_aspect	has_counterfactual;shared_in	witness_arena	0	same_trit_relabel	#4F74B7	1.252215	0x6390650407269146
2684	2684	192	nonriemannian_gate_object	fuzz_soundness_object	colored_bisimulation_candidate	has_aspect	has_counterfactual;from_aspect	has_counterfactual;to_aspect	has_counterfactual;shared_in	witness_arena	1	positive_shift	#E17C00	0.477368	0xe859063e5cd551b3
2685	2685	192	nonriemannian_gate_object	ternary_regression_object	colored_bisimulation_candidate	has_aspect	has_counterfactual;from_aspect	has_counterfactual;to_aspect	has_counterfactual;shared_in	witness_arena	-1	negative_shift	#52E873	1.195017	0x14ca1dcbdce77021
2686	2686	192	nonriemannian_gate_object	exa_loop_object	colored_bisimulation_candidate	has_aspect	has_counterfactual;from_aspect	has_counterfactual;to_aspect	has_counterfactual;shared_in	witness_arena	1	positive_shift	#87DA82	1.231236	0xfd6ea3e51f9b89e1
2687	2687	192	nonriemannian_gate_object	aqua_hygiene_object	colored_bisimulation_candidate	has_aspect	has_counterfactual;from_aspect	has_counterfactual;to_aspect	has_counterfactual;shared_in	witness_arena	-1	negative_shift	#DAF277	1.401657	0x51e25e63ebbcedef
2688	2688	192	nonriemannian_gate_object	scip_catcolab_object	colored_bisimulation_candidate	has_aspect	has_counterfactual;from_aspect	has_counterfactual;to_aspect	has_counterfactual;shared_in	witness_arena	0	same_trit_relabel	#087DB3	1.175542	0xca50c32cb1d96475
2689	2689	193	exa_loop_object	color_space_object	colored_bisimulation_candidate	has_aspect	has_counterfactual;from_aspect	has_counterfactual;to_aspect	has_counterfactual;shared_in	witness_arena	0	same_trit_relabel	#E540EF	0.433364	0xab83aa3823b2a3d4
2690	2690	193	exa_loop_object	trit_tick_object	colored_bisimulation_candidate	has_aspect	has_counterfactual;from_aspect	has_counterfactual;to_aspect	has_counterfactual;shared_in	witness_arena	1	positive_shift	#2E9A6B	1.002291	0x506ad843b5ca24ce
2691	2691	193	exa_loop_object	rng_determinism_object	colored_bisimulation_candidate	has_aspect	has_counterfactual;from_aspect	has_counterfactual;to_aspect	has_counterfactual;shared_in	witness_arena	-1	negative_shift	#5CE0F6	1.403526	0x82175ad08be42929
2692	2692	193	exa_loop_object	parallel_invariance_object	colored_bisimulation_candidate	has_aspect	has_counterfactual;from_aspect	has_counterfactual;to_aspect	has_counterfactual;shared_in	witness_arena	0	same_trit_relabel	#09D698	0.824891	0x62634ee94a841a20
2693	2693	193	exa_loop_object	palette_interface_object	colored_bisimulation_candidate	has_aspect	has_counterfactual;from_aspect	has_counterfactual;to_aspect	has_counterfactual;shared_in	witness_arena	1	positive_shift	#CF8AEB	1.124179	0xa4e47d205edde1ff
2694	2694	193	exa_loop_object	lisp_semantics_object	colored_bisimulation_candidate	has_aspect	has_counterfactual;from_aspect	has_counterfactual;to_aspect	has_counterfactual;shared_in	witness_arena	-1	negative_shift	#6ABE02	1.260135	0x5c51f507fdf1e71d
2695	2695	193	exa_loop_object	entropy_source_object	colored_bisimulation_candidate	has_aspect	has_counterfactual;from_aspect	has_counterfactual;to_aspect	has_counterfactual;shared_in	witness_arena	0	same_trit_relabel	#66748A	0.857426	0xae2c963606e96264
2696	2696	193	exa_loop_object	propagator_cell_object	colored_bisimulation_candidate	has_aspect	has_counterfactual;from_aspect	has_counterfactual;to_aspect	has_counterfactual;shared_in	witness_arena	1	positive_shift	#957010	1.450423	0x48b817804f5754c6
2697	2697	193	exa_loop_object	abductive_world_object	colored_bisimulation_candidate	has_aspect	has_counterfactual;from_aspect	has_counterfactual;to_aspect	has_counterfactual;shared_in	witness_arena	-1	negative_shift	#154451	0.45241	0x2ef169420d8b09d7
2698	2698	193	exa_loop_object	fuzz_soundness_object	colored_bisimulation_candidate	has_aspect	has_counterfactual;from_aspect	has_counterfactual;to_aspect	has_counterfactual;shared_in	witness_arena	0	same_trit_relabel	#9DEDD3	1.229917	0x8064011f6aaecb1e
2699	2699	193	exa_loop_object	ternary_regression_object	colored_bisimulation_candidate	has_aspect	has_counterfactual;from_aspect	has_counterfactual;to_aspect	has_counterfactual;shared_in	witness_arena	1	positive_shift	#F19840	1.358034	0xf84f12be6c736ab7
2700	2700	193	exa_loop_object	nonriemannian_gate_object	colored_bisimulation_candidate	has_aspect	has_counterfactual;from_aspect	has_counterfactual;to_aspect	has_counterfactual;shared_in	witness_arena	-1	negative_shift	#5B13F9	1.126422	0x099493ef52394e6d
2701	2701	193	exa_loop_object	aqua_hygiene_object	colored_bisimulation_candidate	has_aspect	has_counterfactual;from_aspect	has_counterfactual;to_aspect	has_counterfactual;shared_in	witness_arena	1	positive_shift	#97A738	0.795247	0x7a6edf46311055d4
2702	2702	193	exa_loop_object	scip_catcolab_object	colored_bisimulation_candidate	has_aspect	has_counterfactual;from_aspect	has_counterfactual;to_aspect	has_counterfactual;shared_in	witness_arena	-1	negative_shift	#0E3EFD	0.872488	0x51247fd35527890d
2703	2703	194	aqua_hygiene_object	color_space_object	colored_bisimulation_candidate	has_aspect	has_counterfactual;from_aspect	has_counterfactual;to_aspect	has_counterfactual;shared_in	witness_arena	-1	negative_shift	#CC8666	1.294382	0x3d9f7e63af5cb1f1
2704	2704	194	aqua_hygiene_object	trit_tick_object	colored_bisimulation_candidate	has_aspect	has_counterfactual;from_aspect	has_counterfactual;to_aspect	has_counterfactual;shared_in	witness_arena	0	same_trit_relabel	#BA750D	0.755195	0xebdf0eb5411148b8
2705	2705	194	aqua_hygiene_object	rng_determinism_object	colored_bisimulation_candidate	has_aspect	has_counterfactual;from_aspect	has_counterfactual;to_aspect	has_counterfactual;shared_in	witness_arena	1	positive_shift	#B4149D	1.048587	0x1d768dd4dab70f31
2706	2706	194	aqua_hygiene_object	parallel_invariance_object	colored_bisimulation_candidate	has_aspect	has_counterfactual;from_aspect	has_counterfactual;to_aspect	has_counterfactual;shared_in	witness_arena	-1	negative_shift	#DB5CF1	1.127565	0x5b807e82456312d8
2707	2707	194	aqua_hygiene_object	palette_interface_object	colored_bisimulation_candidate	has_aspect	has_counterfactual;from_aspect	has_counterfactual;to_aspect	has_counterfactual;shared_in	witness_arena	0	same_trit_relabel	#ADC397	0.479796	0x3004d5ff6dcd59eb
2708	2708	194	aqua_hygiene_object	lisp_semantics_object	colored_bisimulation_candidate	has_aspect	has_counterfactual;from_aspect	has_counterfactual;to_aspect	has_counterfactual;shared_in	witness_arena	1	positive_shift	#3D6D34	0.544662	0x909729f31ce106f0
2709	2709	194	aqua_hygiene_object	entropy_source_object	colored_bisimulation_candidate	has_aspect	has_counterfactual;from_aspect	has_counterfactual;to_aspect	has_counterfactual;shared_in	witness_arena	-1	negative_shift	#C6AE8D	0.885718	0x90322a6f29e39e04
2710	2710	194	aqua_hygiene_object	propagator_cell_object	colored_bisimulation_candidate	has_aspect	has_counterfactual;from_aspect	has_counterfactual;to_aspect	has_counterfactual;shared_in	witness_arena	0	same_trit_relabel	#F65BF5	0.465429	0x5ebc898df2887c9a
2711	2711	194	aqua_hygiene_object	abductive_world_object	colored_bisimulation_candidate	has_aspect	has_counterfactual;from_aspect	has_counterfactual;to_aspect	has_counterfactual;shared_in	witness_arena	1	positive_shift	#E9FDEA	1.325823	0x76b8f3b8ac2bf9fe
2712	2712	194	aqua_hygiene_object	fuzz_soundness_object	colored_bisimulation_candidate	has_aspect	has_counterfactual;from_aspect	has_counterfactual;to_aspect	has_counterfactual;shared_in	witness_arena	-1	negative_shift	#8769F3	0.764296	0x448c475bab11c910
2713	2713	194	aqua_hygiene_object	ternary_regression_object	colored_bisimulation_candidate	has_aspect	has_counterfactual;from_aspect	has_counterfactual;to_aspect	has_counterfactual;shared_in	witness_arena	0	same_trit_relabel	#8F5C92	0.515459	0x9899a640aa5d7d98
2714	2714	194	aqua_hygiene_object	nonriemannian_gate_object	colored_bisimulation_candidate	has_aspect	has_counterfactual;from_aspect	has_counterfactual;to_aspect	has_counterfactual;shared_in	witness_arena	1	positive_shift	#841740	0.950828	0x7f16f891e67ce252
2715	2715	194	aqua_hygiene_object	exa_loop_object	colored_bisimulation_candidate	has_aspect	has_counterfactual;from_aspect	has_counterfactual;to_aspect	has_counterfactual;shared_in	witness_arena	-1	negative_shift	#F3A1E4	0.984514	0x9f79ea3f77ccc017
2716	2716	194	aqua_hygiene_object	scip_catcolab_object	colored_bisimulation_candidate	has_aspect	has_counterfactual;from_aspect	has_counterfactual;to_aspect	has_counterfactual;shared_in	witness_arena	1	positive_shift	#A47F84	1.126751	0x50c6b24f63acb284
2717	2717	195	scip_catcolab_object	color_space_object	colored_bisimulation_candidate	has_aspect	has_counterfactual;from_aspect	has_counterfactual;to_aspect	has_counterfactual;shared_in	witness_arena	1	positive_shift	#699ED8	0.748149	0x9f6b0a4a915c5bd3
2718	2718	195	scip_catcolab_object	trit_tick_object	colored_bisimulation_candidate	has_aspect	has_counterfactual;from_aspect	has_counterfactual;to_aspect	has_counterfactual;shared_in	witness_arena	-1	negative_shift	#8EF9C7	0.507037	0x4895f334b5dc6331
2719	2719	195	scip_catcolab_object	rng_determinism_object	colored_bisimulation_candidate	has_aspect	has_counterfactual;from_aspect	has_counterfactual;to_aspect	has_counterfactual;shared_in	witness_arena	0	same_trit_relabel	#D4EF72	0.474413	0x31d70392448b410c
2720	2720	195	scip_catcolab_object	parallel_invariance_object	colored_bisimulation_candidate	has_aspect	has_counterfactual;from_aspect	has_counterfactual;to_aspect	has_counterfactual;shared_in	witness_arena	1	positive_shift	#6CF1D0	1.158942	0x0837550aa410399c
2721	2721	195	scip_catcolab_object	palette_interface_object	colored_bisimulation_candidate	has_aspect	has_counterfactual;from_aspect	has_counterfactual;to_aspect	has_counterfactual;shared_in	witness_arena	-1	negative_shift	#FDFFB9	0.893775	0xbe562d1261af8934
2722	2722	195	scip_catcolab_object	lisp_semantics_object	colored_bisimulation_candidate	has_aspect	has_counterfactual;from_aspect	has_counterfactual;to_aspect	has_counterfactual;shared_in	witness_arena	0	same_trit_relabel	#AC90A9	0.526382	0x5da50ea7361328ed
2723	2723	195	scip_catcolab_object	entropy_source_object	colored_bisimulation_candidate	has_aspect	has_counterfactual;from_aspect	has_counterfactual;to_aspect	has_counterfactual;shared_in	witness_arena	1	positive_shift	#CB79F4	0.994068	0xb4d0cfa2e09fa0b9
2724	2724	195	scip_catcolab_object	propagator_cell_object	colored_bisimulation_candidate	has_aspect	has_counterfactual;from_aspect	has_counterfactual;to_aspect	has_counterfactual;shared_in	witness_arena	-1	negative_shift	#F6F4AF	0.891479	0x16d7e0e7a808f393
2725	2725	195	scip_catcolab_object	abductive_world_object	colored_bisimulation_candidate	has_aspect	has_counterfactual;from_aspect	has_counterfactual;to_aspect	has_counterfactual;shared_in	witness_arena	0	same_trit_relabel	#25A064	0.610418	0x9d14e4cbc4eed244
2726	2726	195	scip_catcolab_object	fuzz_soundness_object	colored_bisimulation_candidate	has_aspect	has_counterfactual;from_aspect	has_counterfactual;to_aspect	has_counterfactual;shared_in	witness_arena	1	positive_shift	#013912	1.055307	0xf7aca1c9c5bc6712
2727	2727	195	scip_catcolab_object	ternary_regression_object	colored_bisimulation_candidate	has_aspect	has_counterfactual;from_aspect	has_counterfactual;to_aspect	has_counterfactual;shared_in	witness_arena	-1	negative_shift	#81086E	0.757407	0x2bfc640c5a6e28ab
2728	2728	195	scip_catcolab_object	nonriemannian_gate_object	colored_bisimulation_candidate	has_aspect	has_counterfactual;from_aspect	has_counterfactual;to_aspect	has_counterfactual;shared_in	witness_arena	0	same_trit_relabel	#60A7F9	0.22735	0xffbc3fc632f5e92a
2729	2729	195	scip_catcolab_object	exa_loop_object	colored_bisimulation_candidate	has_aspect	has_counterfactual;from_aspect	has_counterfactual;to_aspect	has_counterfactual;shared_in	witness_arena	1	positive_shift	#6D82AF	0.458946	0x96dd435341c28c8a
2730	2730	195	scip_catcolab_object	aqua_hygiene_object	colored_bisimulation_candidate	has_aspect	has_counterfactual;from_aspect	has_counterfactual;to_aspect	has_counterfactual;shared_in	witness_arena	-1	negative_shift	#7006C7	0.673697	0x2b19334b2cc10429
2731	2731	196	color_space_object	trit_tick_object	colored_bisimulation_candidate	has_aspect	has_counterfactual;from_aspect	has_counterfactual;to_aspect	has_counterfactual;shared_in	witness_arena	1	positive_shift	#BC06C3	1.165011	0x0529c32d7a3e5508
2732	2732	196	color_space_object	rng_determinism_object	colored_bisimulation_candidate	has_aspect	has_counterfactual;from_aspect	has_counterfactual;to_aspect	has_counterfactual;shared_in	witness_arena	-1	negative_shift	#F5D4DB	1.243002	0xaaa7cdbe6b4489c0
2733	2733	196	color_space_object	parallel_invariance_object	colored_bisimulation_candidate	has_aspect	has_counterfactual;from_aspect	has_counterfactual;to_aspect	has_counterfactual;shared_in	witness_arena	0	same_trit_relabel	#94399B	1.136064	0x7665cb104f577461
2734	2734	196	color_space_object	palette_interface_object	colored_bisimulation_candidate	has_aspect	has_counterfactual;from_aspect	has_counterfactual;to_aspect	has_counterfactual;shared_in	witness_arena	1	positive_shift	#12D47E	0.845049	0xb56e749e6babfaa4
2735	2735	196	color_space_object	lisp_semantics_object	colored_bisimulation_candidate	has_aspect	has_counterfactual;from_aspect	has_counterfactual;to_aspect	has_counterfactual;shared_in	witness_arena	-1	negative_shift	#6AD7F5	0.860897	0xb6ae67df62fbbbb8
2736	2736	196	color_space_object	entropy_source_object	colored_bisimulation_candidate	has_aspect	has_counterfactual;from_aspect	has_counterfactual;to_aspect	has_counterfactual;shared_in	witness_arena	0	same_trit_relabel	#5FB2A7	0.911451	0x03abb9772183be5b
2737	2737	196	color_space_object	propagator_cell_object	colored_bisimulation_candidate	has_aspect	has_counterfactual;from_aspect	has_counterfactual;to_aspect	has_counterfactual;shared_in	witness_arena	1	positive_shift	#D8C9DB	1.121968	0x675af067fca8ceec
2738	2738	196	color_space_object	abductive_world_object	colored_bisimulation_candidate	has_aspect	has_counterfactual;from_aspect	has_counterfactual;to_aspect	has_counterfactual;shared_in	witness_arena	-1	negative_shift	#46FE96	1.462432	0x1f19185df456d43b
2739	2739	196	color_space_object	fuzz_soundness_object	colored_bisimulation_candidate	has_aspect	has_counterfactual;from_aspect	has_counterfactual;to_aspect	has_counterfactual;shared_in	witness_arena	0	same_trit_relabel	#66D658	0.804801	0x305a8639d510a8f4
2740	2740	196	color_space_object	ternary_regression_object	colored_bisimulation_candidate	has_aspect	has_counterfactual;from_aspect	has_counterfactual;to_aspect	has_counterfactual;shared_in	witness_arena	1	positive_shift	#DE95F2	0.69584	0x58cde892e5da0ab0
2741	2741	196	color_space_object	nonriemannian_gate_object	colored_bisimulation_candidate	has_aspect	has_counterfactual;from_aspect	has_counterfactual;to_aspect	has_counterfactual;shared_in	witness_arena	-1	negative_shift	#514D32	1.149604	0xb197040b9938340d
2742	2742	196	color_space_object	exa_loop_object	colored_bisimulation_candidate	has_aspect	has_counterfactual;from_aspect	has_counterfactual;to_aspect	has_counterfactual;shared_in	witness_arena	0	same_trit_relabel	#37AAD3	0.771593	0xddce79b845d0fabc
2743	2743	196	color_space_object	aqua_hygiene_object	colored_bisimulation_candidate	has_aspect	has_counterfactual;from_aspect	has_counterfactual;to_aspect	has_counterfactual;shared_in	witness_arena	1	positive_shift	#A3E34F	1.096479	0x9667a3961e36f34f
2744	2744	196	color_space_object	scip_catcolab_object	colored_bisimulation_candidate	has_aspect	has_counterfactual;from_aspect	has_counterfactual;to_aspect	has_counterfactual;shared_in	witness_arena	-1	negative_shift	#1B4CF5	1.217436	0xf9f972aa90b6895e
2745	2745	197	trit_tick_object	color_space_object	colored_bisimulation_candidate	has_aspect	has_counterfactual;from_aspect	has_counterfactual;to_aspect	has_counterfactual;shared_in	witness_arena	-1	negative_shift	#23E6AB	0.935789	0xe41ed397aaede825
2746	2746	197	trit_tick_object	rng_determinism_object	colored_bisimulation_candidate	has_aspect	has_counterfactual;from_aspect	has_counterfactual;to_aspect	has_counterfactual;shared_in	witness_arena	1	positive_shift	#006F67	0.549376	0xe00efe8a0eecb96a
2747	2747	197	trit_tick_object	parallel_invariance_object	colored_bisimulation_candidate	has_aspect	has_counterfactual;from_aspect	has_counterfactual;to_aspect	has_counterfactual;shared_in	witness_arena	-1	negative_shift	#5223EC	1.168351	0xa455a66e05f36e94
2748	2748	197	trit_tick_object	palette_interface_object	colored_bisimulation_candidate	has_aspect	has_counterfactual;from_aspect	has_counterfactual;to_aspect	has_counterfactual;shared_in	witness_arena	0	same_trit_relabel	#4A2AD7	0.805594	0x11963ed418b02c1b
2749	2749	197	trit_tick_object	lisp_semantics_object	colored_bisimulation_candidate	has_aspect	has_counterfactual;from_aspect	has_counterfactual;to_aspect	has_counterfactual;shared_in	witness_arena	1	positive_shift	#C47549	0.978631	0x1c2520c16dd4cae6
2750	2750	197	trit_tick_object	entropy_source_object	colored_bisimulation_candidate	has_aspect	has_counterfactual;from_aspect	has_counterfactual;to_aspect	has_counterfactual;shared_in	witness_arena	-1	negative_shift	#6A0239	1.007889	0x57337dbff6584c4b
2751	2751	197	trit_tick_object	propagator_cell_object	colored_bisimulation_candidate	has_aspect	has_counterfactual;from_aspect	has_counterfactual;to_aspect	has_counterfactual;shared_in	witness_arena	0	same_trit_relabel	#E0DA36	0.410793	0x7b6b5525a3a50792
2752	2752	197	trit_tick_object	abductive_world_object	colored_bisimulation_candidate	has_aspect	has_counterfactual;from_aspect	has_counterfactual;to_aspect	has_counterfactual;shared_in	witness_arena	1	positive_shift	#8B6A8B	1.102371	0x1dc6b86616ad02c3
2753	2753	197	trit_tick_object	fuzz_soundness_object	colored_bisimulation_candidate	has_aspect	has_counterfactual;from_aspect	has_counterfactual;to_aspect	has_counterfactual;shared_in	witness_arena	-1	negative_shift	#143B50	0.953313	0x0d892823179de3c8
2754	2754	197	trit_tick_object	ternary_regression_object	colored_bisimulation_candidate	has_aspect	has_counterfactual;from_aspect	has_counterfactual;to_aspect	has_counterfactual;shared_in	witness_arena	0	same_trit_relabel	#015A13	0.614449	0xfe3ebd3fa207d16d
2755	2755	197	trit_tick_object	nonriemannian_gate_object	colored_bisimulation_candidate	has_aspect	has_counterfactual;from_aspect	has_counterfactual;to_aspect	has_counterfactual;shared_in	witness_arena	1	positive_shift	#22E7E4	0.421808	0xf099acccccf2c3e9
2756	2756	197	trit_tick_object	exa_loop_object	colored_bisimulation_candidate	has_aspect	has_counterfactual;from_aspect	has_counterfactual;to_aspect	has_counterfactual;shared_in	witness_arena	-1	negative_shift	#E85882	0.688576	0xd15f969122c2fc0c
2757	2757	197	trit_tick_object	aqua_hygiene_object	colored_bisimulation_candidate	has_aspect	has_counterfactual;from_aspect	has_counterfactual;to_aspect	has_counterfactual;shared_in	witness_arena	0	same_trit_relabel	#053DDC	0.613835	0x7f1cb776315f92ee
2758	2758	197	trit_tick_object	scip_catcolab_object	colored_bisimulation_candidate	has_aspect	has_counterfactual;from_aspect	has_counterfactual;to_aspect	has_counterfactual;shared_in	witness_arena	1	positive_shift	#298604	1.264464	0x9960dba12e0cdd41
2759	2759	198	rng_determinism_object	color_space_object	colored_bisimulation_candidate	has_aspect	has_counterfactual;from_aspect	has_counterfactual;to_aspect	has_counterfactual;shared_in	witness_arena	1	positive_shift	#D0EB1D	0.667749	0x97643861bad113c5
2760	2760	198	rng_determinism_object	trit_tick_object	colored_bisimulation_candidate	has_aspect	has_counterfactual;from_aspect	has_counterfactual;to_aspect	has_counterfactual;shared_in	witness_arena	-1	negative_shift	#D8A6C9	0.519721	0x6e540bec5b057a4c
2761	2761	198	rng_determinism_object	parallel_invariance_object	colored_bisimulation_candidate	has_aspect	has_counterfactual;from_aspect	has_counterfactual;to_aspect	has_counterfactual;shared_in	witness_arena	1	positive_shift	#AED264	1.439647	0xb834399b2208fb65
2762	2762	198	rng_determinism_object	palette_interface_object	colored_bisimulation_candidate	has_aspect	has_counterfactual;from_aspect	has_counterfactual;to_aspect	has_counterfactual;shared_in	witness_arena	-1	negative_shift	#BA8F12	1.192336	0x3cab48b696c55155
2763	2763	198	rng_determinism_object	lisp_semantics_object	colored_bisimulation_candidate	has_aspect	has_counterfactual;from_aspect	has_counterfactual;to_aspect	has_counterfactual;shared_in	witness_arena	0	same_trit_relabel	#BFC462	0.877328	0x6a5ce1c0d20f6b76
2764	2764	198	rng_determinism_object	entropy_source_object	colored_bisimulation_candidate	has_aspect	has_counterfactual;from_aspect	has_counterfactual;to_aspect	has_counterfactual;shared_in	witness_arena	1	positive_shift	#1F3805	1.310843	0xee15f097f9fae039
2765	2765	198	rng_determinism_object	propagator_cell_object	colored_bisimulation_candidate	has_aspect	has_counterfactual;from_aspect	has_counterfactual;to_aspect	has_counterfactual;shared_in	witness_arena	-1	negative_shift	#4C7C19	1.148756	0xc56cc701809ff6dd
2766	2766	198	rng_determinism_object	abductive_world_object	colored_bisimulation_candidate	has_aspect	has_counterfactual;from_aspect	has_counterfactual;to_aspect	has_counterfactual;shared_in	witness_arena	0	same_trit_relabel	#A11748	0.710464	0x86db9397703ccecb
2767	2767	198	rng_determinism_object	fuzz_soundness_object	colored_bisimulation_candidate	has_aspect	has_counterfactual;from_aspect	has_counterfactual;to_aspect	has_counterfactual;shared_in	witness_arena	1	positive_shift	#FFF2C7	1.34752	0xd0c8c227a9b65de2
2768	2768	198	rng_determinism_object	ternary_regression_object	colored_bisimulation_candidate	has_aspect	has_counterfactual;from_aspect	has_counterfactual;to_aspect	has_counterfactual;shared_in	witness_arena	-1	negative_shift	#21AC49	0.933897	0xc860fd32727a696e
2769	2769	198	rng_determinism_object	nonriemannian_gate_object	colored_bisimulation_candidate	has_aspect	has_counterfactual;from_aspect	has_counterfactual;to_aspect	has_counterfactual;shared_in	witness_arena	0	same_trit_relabel	#51BFEB	0.427721	0xd46b659b263a6c92
2770	2770	198	rng_determinism_object	exa_loop_object	colored_bisimulation_candidate	has_aspect	has_counterfactual;from_aspect	has_counterfactual;to_aspect	has_counterfactual;shared_in	witness_arena	1	positive_shift	#C088C3	0.700602	0x1311c1d6cfaab210
2771	2771	198	rng_determinism_object	aqua_hygiene_object	colored_bisimulation_candidate	has_aspect	has_counterfactual;from_aspect	has_counterfactual;to_aspect	has_counterfactual;shared_in	witness_arena	-1	negative_shift	#02487A	0.850356	0x75fd091a78b19bb4
2772	2772	198	rng_determinism_object	scip_catcolab_object	colored_bisimulation_candidate	has_aspect	has_counterfactual;from_aspect	has_counterfactual;to_aspect	has_counterfactual;shared_in	witness_arena	0	same_trit_relabel	#713981	0.938116	0xf8ffc8c73feca735
2773	2773	199	parallel_invariance_object	color_space_object	colored_bisimulation_candidate	has_aspect	has_counterfactual;from_aspect	has_counterfactual;to_aspect	has_counterfactual;shared_in	witness_arena	0	same_trit_relabel	#000AFD	0.499134	0x00d2ba291a0a4f8c
2774	2774	199	parallel_invariance_object	trit_tick_object	colored_bisimulation_candidate	has_aspect	has_counterfactual;from_aspect	has_counterfactual;to_aspect	has_counterfactual;shared_in	witness_arena	1	positive_shift	#20D359	0.567152	0x9ef3c3b9c66fc3b4
2775	2775	199	parallel_invariance_object	rng_determinism_object	colored_bisimulation_candidate	has_aspect	has_counterfactual;from_aspect	has_counterfactual;to_aspect	has_counterfactual;shared_in	witness_arena	-1	negative_shift	#ECF715	0.665673	0x8f966298fbff8302
2776	2776	199	parallel_invariance_object	palette_interface_object	colored_bisimulation_candidate	has_aspect	has_counterfactual;from_aspect	has_counterfactual;to_aspect	has_counterfactual;shared_in	witness_arena	1	positive_shift	#D8C205	1.060137	0x0866503d520c2a0d
2777	2777	199	parallel_invariance_object	lisp_semantics_object	colored_bisimulation_candidate	has_aspect	has_counterfactual;from_aspect	has_counterfactual;to_aspect	has_counterfactual;shared_in	witness_arena	-1	negative_shift	#8B3702	0.939669	0x327cfb596d723c41
2778	2778	199	parallel_invariance_object	entropy_source_object	colored_bisimulation_candidate	has_aspect	has_counterfactual;from_aspect	has_counterfactual;to_aspect	has_counterfactual;shared_in	witness_arena	0	same_trit_relabel	#A9BEDA	0.634725	0xf36c78253ea00174
2779	2779	199	parallel_invariance_object	propagator_cell_object	colored_bisimulation_candidate	has_aspect	has_counterfactual;from_aspect	has_counterfactual;to_aspect	has_counterfactual;shared_in	witness_arena	1	positive_shift	#4DEB39	0.805553	0xcd0d74597fe9f5c4
2780	2780	199	parallel_invariance_object	abductive_world_object	colored_bisimulation_candidate	has_aspect	has_counterfactual;from_aspect	has_counterfactual;to_aspect	has_counterfactual;shared_in	witness_arena	-1	negative_shift	#0EDF74	0.988294	0xb198aa8315b0cf30
2781	2781	199	parallel_invariance_object	fuzz_soundness_object	colored_bisimulation_candidate	has_aspect	has_counterfactual;from_aspect	has_counterfactual;to_aspect	has_counterfactual;shared_in	witness_arena	0	same_trit_relabel	#436D91	0.664252	0x44ce3b5c178e7d0a
2782	2782	199	parallel_invariance_object	ternary_regression_object	colored_bisimulation_candidate	has_aspect	has_counterfactual;from_aspect	has_counterfactual;to_aspect	has_counterfactual;shared_in	witness_arena	1	positive_shift	#77EB8B	0.92523	0xc7609bcfa4d4b746
2783	2783	199	parallel_invariance_object	nonriemannian_gate_object	colored_bisimulation_candidate	has_aspect	has_counterfactual;from_aspect	has_counterfactual;to_aspect	has_counterfactual;shared_in	witness_arena	-1	negative_shift	#A68245	0.398954	0xcb6b881009493d1f
2784	2784	199	parallel_invariance_object	exa_loop_object	colored_bisimulation_candidate	has_aspect	has_counterfactual;from_aspect	has_counterfactual;to_aspect	has_counterfactual;shared_in	witness_arena	0	same_trit_relabel	#E67B76	0.243611	0x9436cc7eb7b61e7a
2785	2785	199	parallel_invariance_object	aqua_hygiene_object	colored_bisimulation_candidate	has_aspect	has_counterfactual;from_aspect	has_counterfactual;to_aspect	has_counterfactual;shared_in	witness_arena	1	positive_shift	#D59CFE	0.83661	0x23537265a4280985
2786	2786	199	parallel_invariance_object	scip_catcolab_object	colored_bisimulation_candidate	has_aspect	has_counterfactual;from_aspect	has_counterfactual;to_aspect	has_counterfactual;shared_in	witness_arena	-1	negative_shift	#C48AD1	1.159454	0x2a68b2e8c9785596
2787	2787	200	palette_interface_object	color_space_object	colored_bisimulation_candidate	has_aspect	has_counterfactual;from_aspect	has_counterfactual;to_aspect	has_counterfactual;shared_in	witness_arena	-1	negative_shift	#23E6AB	1.067264	0x65dbb3466228c711
2788	2788	200	palette_interface_object	trit_tick_object	colored_bisimulation_candidate	has_aspect	has_counterfactual;from_aspect	has_counterfactual;to_aspect	has_counterfactual;shared_in	witness_arena	0	same_trit_relabel	#CECABE	0.523687	0x374208a73b06d9b7
2789	2789	200	palette_interface_object	rng_determinism_object	colored_bisimulation_candidate	has_aspect	has_counterfactual;from_aspect	has_counterfactual;to_aspect	has_counterfactual;shared_in	witness_arena	1	positive_shift	#DCC345	0.881456	0xd973485fb330fa80
2790	2790	200	palette_interface_object	parallel_invariance_object	colored_bisimulation_candidate	has_aspect	has_counterfactual;from_aspect	has_counterfactual;to_aspect	has_counterfactual;shared_in	witness_arena	-1	negative_shift	#94BB37	1.018924	0x647e39bb92c98635
2791	2791	200	palette_interface_object	lisp_semantics_object	colored_bisimulation_candidate	has_aspect	has_counterfactual;from_aspect	has_counterfactual;to_aspect	has_counterfactual;shared_in	witness_arena	1	positive_shift	#C47425	0.541509	0x28971616fbca7e9c
2792	2792	200	palette_interface_object	entropy_source_object	colored_bisimulation_candidate	has_aspect	has_counterfactual;from_aspect	has_counterfactual;to_aspect	has_counterfactual;shared_in	witness_arena	-1	negative_shift	#E866EA	0.788827	0x2fa68e52ad6a7931
2793	2793	200	palette_interface_object	propagator_cell_object	colored_bisimulation_candidate	has_aspect	has_counterfactual;from_aspect	has_counterfactual;to_aspect	has_counterfactual;shared_in	witness_arena	0	same_trit_relabel	#74F969	0.378792	0x95f62fe6f48fe9bf
2794	2794	200	palette_interface_object	abductive_world_object	colored_bisimulation_candidate	has_aspect	has_counterfactual;from_aspect	has_counterfactual;to_aspect	has_counterfactual;shared_in	witness_arena	1	positive_shift	#77F138	1.113735	0xddab9c5edf091a49
2795	2795	200	palette_interface_object	fuzz_soundness_object	colored_bisimulation_candidate	has_aspect	has_counterfactual;from_aspect	has_counterfactual;to_aspect	has_counterfactual;shared_in	witness_arena	-1	negative_shift	#F4576B	0.781646	0xde3652e6e94cda35
2796	2796	200	palette_interface_object	ternary_regression_object	colored_bisimulation_candidate	has_aspect	has_counterfactual;from_aspect	has_counterfactual;to_aspect	has_counterfactual;shared_in	witness_arena	0	same_trit_relabel	#53E3A3	0.453971	0x23f9ba294991bb48
2797	2797	200	palette_interface_object	nonriemannian_gate_object	colored_bisimulation_candidate	has_aspect	has_counterfactual;from_aspect	has_counterfactual;to_aspect	has_counterfactual;shared_in	witness_arena	1	positive_shift	#5375DC	0.717367	0x0bb4d66b3d5a5acf
2798	2798	200	palette_interface_object	exa_loop_object	colored_bisimulation_candidate	has_aspect	has_counterfactual;from_aspect	has_counterfactual;to_aspect	has_counterfactual;shared_in	witness_arena	-1	negative_shift	#E564F7	0.7445	0x0037a906c22e5506
2799	2799	200	palette_interface_object	aqua_hygiene_object	colored_bisimulation_candidate	has_aspect	has_counterfactual;from_aspect	has_counterfactual;to_aspect	has_counterfactual;shared_in	witness_arena	0	same_trit_relabel	#6BB3A7	0.525754	0xe46e70b53a0f5e89
2800	2800	200	palette_interface_object	scip_catcolab_object	colored_bisimulation_candidate	has_aspect	has_counterfactual;from_aspect	has_counterfactual;to_aspect	has_counterfactual;shared_in	witness_arena	1	positive_shift	#9C48A4	1.017824	0x00f6285081ad2861
2801	2801	201	lisp_semantics_object	color_space_object	colored_bisimulation_candidate	has_aspect	has_counterfactual;from_aspect	has_counterfactual;to_aspect	has_counterfactual;shared_in	witness_arena	1	positive_shift	#435D8E	1.266551	0x9277abf7983864c3
2802	2802	201	lisp_semantics_object	trit_tick_object	colored_bisimulation_candidate	has_aspect	has_counterfactual;from_aspect	has_counterfactual;to_aspect	has_counterfactual;shared_in	witness_arena	-1	negative_shift	#A9D0E9	1.120084	0x3b1c62b8ff293e4f
2803	2803	201	lisp_semantics_object	rng_determinism_object	colored_bisimulation_candidate	has_aspect	has_counterfactual;from_aspect	has_counterfactual;to_aspect	has_counterfactual;shared_in	witness_arena	0	same_trit_relabel	#716A14	0.70149	0xe981a9f88c930255
2804	2804	201	lisp_semantics_object	parallel_invariance_object	colored_bisimulation_candidate	has_aspect	has_counterfactual;from_aspect	has_counterfactual;to_aspect	has_counterfactual;shared_in	witness_arena	1	positive_shift	#F69E24	0.638864	0x704b70c35355e994
2805	2805	201	lisp_semantics_object	palette_interface_object	colored_bisimulation_candidate	has_aspect	has_counterfactual;from_aspect	has_counterfactual;to_aspect	has_counterfactual;shared_in	witness_arena	-1	negative_shift	#FBB5B0	1.140272	0xe551c115edab7595
2806	2806	201	lisp_semantics_object	entropy_source_object	colored_bisimulation_candidate	has_aspect	has_counterfactual;from_aspect	has_counterfactual;to_aspect	has_counterfactual;shared_in	witness_arena	1	positive_shift	#4E1B0A	0.554511	0x06eadd1827b0047b
2807	2807	201	lisp_semantics_object	propagator_cell_object	colored_bisimulation_candidate	has_aspect	has_counterfactual;from_aspect	has_counterfactual;to_aspect	has_counterfactual;shared_in	witness_arena	-1	negative_shift	#1583DE	0.820524	0x2c84f79ea353ddc0
2808	2808	201	lisp_semantics_object	abductive_world_object	colored_bisimulation_candidate	has_aspect	has_counterfactual;from_aspect	has_counterfactual;to_aspect	has_counterfactual;shared_in	witness_arena	0	same_trit_relabel	#7AB76B	0.784745	0x6e7e51ce4612ec81
2809	2809	201	lisp_semantics_object	fuzz_soundness_object	colored_bisimulation_candidate	has_aspect	has_counterfactual;from_aspect	has_counterfactual;to_aspect	has_counterfactual;shared_in	witness_arena	1	positive_shift	#C4EFB1	0.823404	0x3219b9025ae6e230
2810	2810	201	lisp_semantics_object	ternary_regression_object	colored_bisimulation_candidate	has_aspect	has_counterfactual;from_aspect	has_counterfactual;to_aspect	has_counterfactual;shared_in	witness_arena	-1	negative_shift	#E6C510	1.310906	0xdb3c3e33dc7799e8
2811	2811	201	lisp_semantics_object	nonriemannian_gate_object	colored_bisimulation_candidate	has_aspect	has_counterfactual;from_aspect	has_counterfactual;to_aspect	has_counterfactual;shared_in	witness_arena	0	same_trit_relabel	#EE82D4	0.566202	0xc5fd591c346e53b4
2812	2812	201	lisp_semantics_object	exa_loop_object	colored_bisimulation_candidate	has_aspect	has_counterfactual;from_aspect	has_counterfactual;to_aspect	has_counterfactual;shared_in	witness_arena	1	positive_shift	#8413F1	0.994778	0x96ba16f9bf48fc76
2813	2813	201	lisp_semantics_object	aqua_hygiene_object	colored_bisimulation_candidate	has_aspect	has_counterfactual;from_aspect	has_counterfactual;to_aspect	has_counterfactual;shared_in	witness_arena	-1	negative_shift	#D2A602	1.135848	0x242af962af7e6f5f
2814	2814	201	lisp_semantics_object	scip_catcolab_object	colored_bisimulation_candidate	has_aspect	has_counterfactual;from_aspect	has_counterfactual;to_aspect	has_counterfactual;shared_in	witness_arena	0	same_trit_relabel	#DE80E2	0.828463	0x750b139cf062831a
2815	2815	202	entropy_source_object	color_space_object	colored_bisimulation_candidate	has_aspect	has_counterfactual;from_aspect	has_counterfactual;to_aspect	has_counterfactual;shared_in	witness_arena	0	same_trit_relabel	#7D5F0D	0.181455	0xdd2ebc36933cd5b1
2816	2816	202	entropy_source_object	trit_tick_object	colored_bisimulation_candidate	has_aspect	has_counterfactual;from_aspect	has_counterfactual;to_aspect	has_counterfactual;shared_in	witness_arena	1	positive_shift	#839488	0.491271	0xb6144fff3efd79f6
2817	2817	202	entropy_source_object	rng_determinism_object	colored_bisimulation_candidate	has_aspect	has_counterfactual;from_aspect	has_counterfactual;to_aspect	has_counterfactual;shared_in	witness_arena	-1	negative_shift	#B0C95B	0.97315	0xb042b6da96d6af4c
2818	2818	202	entropy_source_object	parallel_invariance_object	colored_bisimulation_candidate	has_aspect	has_counterfactual;from_aspect	has_counterfactual;to_aspect	has_counterfactual;shared_in	witness_arena	0	same_trit_relabel	#CEDB42	0.910978	0x0365abf4f4e20022
2819	2819	202	entropy_source_object	palette_interface_object	colored_bisimulation_candidate	has_aspect	has_counterfactual;from_aspect	has_counterfactual;to_aspect	has_counterfactual;shared_in	witness_arena	1	positive_shift	#62AEF8	0.978619	0x235f0e82d9ee2fa4
2820	2820	202	entropy_source_object	lisp_semantics_object	colored_bisimulation_candidate	has_aspect	has_counterfactual;from_aspect	has_counterfactual;to_aspect	has_counterfactual;shared_in	witness_arena	-1	negative_shift	#C16689	1.041619	0x963ba7d522e254d5
2821	2821	202	entropy_source_object	propagator_cell_object	colored_bisimulation_candidate	has_aspect	has_counterfactual;from_aspect	has_counterfactual;to_aspect	has_counterfactual;shared_in	witness_arena	1	positive_shift	#9B1490	1.109853	0x05c9ceb9a48fdc3a
2822	2822	202	entropy_source_object	abductive_world_object	colored_bisimulation_candidate	has_aspect	has_counterfactual;from_aspect	has_counterfactual;to_aspect	has_counterfactual;shared_in	witness_arena	-1	negative_shift	#601CEC	0.816069	0x9b0c7be1fe2da46d
2823	2823	202	entropy_source_object	fuzz_soundness_object	colored_bisimulation_candidate	has_aspect	has_counterfactual;from_aspect	has_counterfactual;to_aspect	has_counterfactual;shared_in	witness_arena	0	same_trit_relabel	#92AAC5	0.942825	0x1eef89037659bd5a
2824	2824	202	entropy_source_object	ternary_regression_object	colored_bisimulation_candidate	has_aspect	has_counterfactual;from_aspect	has_counterfactual;to_aspect	has_counterfactual;shared_in	witness_arena	1	positive_shift	#2D16F2	0.898774	0x273830015f72d6e8
2825	2825	202	entropy_source_object	nonriemannian_gate_object	colored_bisimulation_candidate	has_aspect	has_counterfactual;from_aspect	has_counterfactual;to_aspect	has_counterfactual;shared_in	witness_arena	-1	negative_shift	#614F72	0.727075	0x04806bcb8a6224df
2826	2826	202	entropy_source_object	exa_loop_object	colored_bisimulation_candidate	has_aspect	has_counterfactual;from_aspect	has_counterfactual;to_aspect	has_counterfactual;shared_in	witness_arena	0	same_trit_relabel	#CCF4EB	0.170306	0x2860170c35eb69d1
2827	2827	202	entropy_source_object	aqua_hygiene_object	colored_bisimulation_candidate	has_aspect	has_counterfactual;from_aspect	has_counterfactual;to_aspect	has_counterfactual;shared_in	witness_arena	1	positive_shift	#C66083	0.600029	0x26e67171aca68538
2828	2828	202	entropy_source_object	scip_catcolab_object	colored_bisimulation_candidate	has_aspect	has_counterfactual;from_aspect	has_counterfactual;to_aspect	has_counterfactual;shared_in	witness_arena	-1	negative_shift	#2639BE	1.013802	0x7938b68dab3eadd2
2829	2829	203	propagator_cell_object	color_space_object	colored_bisimulation_candidate	has_aspect	has_counterfactual;from_aspect	has_counterfactual;to_aspect	has_counterfactual;shared_in	witness_arena	-1	negative_shift	#014564	1.031417	0x8957ed999ec385a8
2830	2830	203	propagator_cell_object	trit_tick_object	colored_bisimulation_candidate	has_aspect	has_counterfactual;from_aspect	has_counterfactual;to_aspect	has_counterfactual;shared_in	witness_arena	0	same_trit_relabel	#ED88DC	0.632954	0xa3097214b1c8c9a0
2831	2831	203	propagator_cell_object	rng_determinism_object	colored_bisimulation_candidate	has_aspect	has_counterfactual;from_aspect	has_counterfactual;to_aspect	has_counterfactual;shared_in	witness_arena	1	positive_shift	#16B1CD	1.011549	0x5882369942697735
2832	2832	203	propagator_cell_object	parallel_invariance_object	colored_bisimulation_candidate	has_aspect	has_counterfactual;from_aspect	has_counterfactual;to_aspect	has_counterfactual;shared_in	witness_arena	-1	negative_shift	#30E3B8	1.009778	0x601f8ad9ea738a2b
2833	2833	203	propagator_cell_object	palette_interface_object	colored_bisimulation_candidate	has_aspect	has_counterfactual;from_aspect	has_counterfactual;to_aspect	has_counterfactual;shared_in	witness_arena	0	same_trit_relabel	#7919F2	1.030925	0x7a20fda2d228eac8
2834	2834	203	propagator_cell_object	lisp_semantics_object	colored_bisimulation_candidate	has_aspect	has_counterfactual;from_aspect	has_counterfactual;to_aspect	has_counterfactual;shared_in	witness_arena	1	positive_shift	#F6A1E4	1.235448	0x8917aa4d45dfa13a
2835	2835	203	propagator_cell_object	entropy_source_object	colored_bisimulation_candidate	has_aspect	has_counterfactual;from_aspect	has_counterfactual;to_aspect	has_counterfactual;shared_in	witness_arena	-1	negative_shift	#E1E9A8	1.020996	0x5a074d98aef837ff
2836	2836	203	propagator_cell_object	abductive_world_object	colored_bisimulation_candidate	has_aspect	has_counterfactual;from_aspect	has_counterfactual;to_aspect	has_counterfactual;shared_in	witness_arena	1	positive_shift	#5FA637	0.957664	0x5e43f59c55213d93
2837	2837	203	propagator_cell_object	fuzz_soundness_object	colored_bisimulation_candidate	has_aspect	has_counterfactual;from_aspect	has_counterfactual;to_aspect	has_counterfactual;shared_in	witness_arena	-1	negative_shift	#994EC7	1.228783	0x32aed2bb1f3e159f
2838	2838	203	propagator_cell_object	ternary_regression_object	colored_bisimulation_candidate	has_aspect	has_counterfactual;from_aspect	has_counterfactual;to_aspect	has_counterfactual;shared_in	witness_arena	0	same_trit_relabel	#EBF464	1.076147	0xff4a70977e908a5b
2839	2839	203	propagator_cell_object	nonriemannian_gate_object	colored_bisimulation_candidate	has_aspect	has_counterfactual;from_aspect	has_counterfactual;to_aspect	has_counterfactual;shared_in	witness_arena	1	positive_shift	#7FC6FB	0.864123	0xd6c7fbbe35822052
2840	2840	203	propagator_cell_object	exa_loop_object	colored_bisimulation_candidate	has_aspect	has_counterfactual;from_aspect	has_counterfactual;to_aspect	has_counterfactual;shared_in	witness_arena	-1	negative_shift	#AF90B3	0.929863	0xcbcb11df825f473f
2841	2841	203	propagator_cell_object	aqua_hygiene_object	colored_bisimulation_candidate	has_aspect	has_counterfactual;from_aspect	has_counterfactual;to_aspect	has_counterfactual;shared_in	witness_arena	0	same_trit_relabel	#DC4FCE	0.77232	0x7dbf2979d4af1ae0
2842	2842	203	propagator_cell_object	scip_catcolab_object	colored_bisimulation_candidate	has_aspect	has_counterfactual;from_aspect	has_counterfactual;to_aspect	has_counterfactual;shared_in	witness_arena	1	positive_shift	#3C65CE	1.291144	0x72254ac9659ba004
2843	2843	204	abductive_world_object	color_space_object	colored_bisimulation_candidate	has_aspect	has_counterfactual;from_aspect	has_counterfactual;to_aspect	has_counterfactual;shared_in	witness_arena	1	positive_shift	#97F0C2	1.150583	0xfaad9c654c0246c6
2844	2844	204	abductive_world_object	trit_tick_object	colored_bisimulation_candidate	has_aspect	has_counterfactual;from_aspect	has_counterfactual;to_aspect	has_counterfactual;shared_in	witness_arena	-1	negative_shift	#4D3395	0.889934	0xe3fc8a2d296a1563
2845	2845	204	abductive_world_object	rng_determinism_object	colored_bisimulation_candidate	has_aspect	has_counterfactual;from_aspect	has_counterfactual;to_aspect	has_counterfactual;shared_in	witness_arena	0	same_trit_relabel	#C8717C	0.260659	0x42bccdc17bf6746a
2846	2846	204	abductive_world_object	parallel_invariance_object	colored_bisimulation_candidate	has_aspect	has_counterfactual;from_aspect	has_counterfactual;to_aspect	has_counterfactual;shared_in	witness_arena	1	positive_shift	#184AE9	1.072942	0x56d37b86e4957529
2847	2847	204	abductive_world_object	palette_interface_object	colored_bisimulation_candidate	has_aspect	has_counterfactual;from_aspect	has_counterfactual;to_aspect	has_counterfactual;shared_in	witness_arena	-1	negative_shift	#C633BD	1.233083	0x7ad2a137ead28a9e
2848	2848	204	abductive_world_object	lisp_semantics_object	colored_bisimulation_candidate	has_aspect	has_counterfactual;from_aspect	has_counterfactual;to_aspect	has_counterfactual;shared_in	witness_arena	0	same_trit_relabel	#F6DFDE	0.648092	0xa34de6f217323a64
2849	2849	204	abductive_world_object	entropy_source_object	colored_bisimulation_candidate	has_aspect	has_counterfactual;from_aspect	has_counterfactual;to_aspect	has_counterfactual;shared_in	witness_arena	1	positive_shift	#F10C6C	0.916382	0xfeff967c7a46e5f0
2850	2850	204	abductive_world_object	propagator_cell_object	colored_bisimulation_candidate	has_aspect	has_counterfactual;from_aspect	has_counterfactual;to_aspect	has_counterfactual;shared_in	witness_arena	-1	negative_shift	#677DA5	0.606214	0x970e7c626a02b201
2851	2851	204	abductive_world_object	fuzz_soundness_object	colored_bisimulation_candidate	has_aspect	has_counterfactual;from_aspect	has_counterfactual;to_aspect	has_counterfactual;shared_in	witness_arena	1	positive_shift	#E044D7	0.795363	0x06c2587a8d133a1c
2852	2852	204	abductive_world_object	ternary_regression_object	colored_bisimulation_candidate	has_aspect	has_counterfactual;from_aspect	has_counterfactual;to_aspect	has_counterfactual;shared_in	witness_arena	-1	negative_shift	#BE87EA	1.116244	0xc4a7b26ae88814fa
2853	2853	204	abductive_world_object	nonriemannian_gate_object	colored_bisimulation_candidate	has_aspect	has_counterfactual;from_aspect	has_counterfactual;to_aspect	has_counterfactual;shared_in	witness_arena	0	same_trit_relabel	#E42EA9	0.284036	0x5b4d171e880d76d9
2854	2854	204	abductive_world_object	exa_loop_object	colored_bisimulation_candidate	has_aspect	has_counterfactual;from_aspect	has_counterfactual;to_aspect	has_counterfactual;shared_in	witness_arena	1	positive_shift	#BB7D03	0.877302	0x678725e1e2c84adc
2855	2855	204	abductive_world_object	aqua_hygiene_object	colored_bisimulation_candidate	has_aspect	has_counterfactual;from_aspect	has_counterfactual;to_aspect	has_counterfactual;shared_in	witness_arena	-1	negative_shift	#7F4540	1.120954	0xd12d53fd3d2a0d76
2856	2856	204	abductive_world_object	scip_catcolab_object	colored_bisimulation_candidate	has_aspect	has_counterfactual;from_aspect	has_counterfactual;to_aspect	has_counterfactual;shared_in	witness_arena	0	same_trit_relabel	#601CD8	1.020527	0x95b33bdaada57253
